reserva_id;viagem_id;veiculo_id;km_previsto;km_real
RV00001;  VG03618  ;VE011;1184;674
RV00002;  VG01411  ;VE017;984;1058
RV00003;  VG00400  ;VE045;1196;96
RV00004;  VG01352  ;VE067;132;991
RV00005;VG02749;VE017;548;875
RV00006;VG03403;VE034;722;1245
RV00007;VG02993;VE003;87;410
RV00008;VG02454;VE006;734;861
RV00009;VG01556;VE001;34;362
RV00010;VG01251;VE008;29;1197
RV00011;VG02748;VE063;485;119
RV00012;VG01688;VE030;52;343
RV00013;VG00673;VE023;825;420
RV00014;VG01738;VE065;300;764
RV00015;VG00361;VE019;54;916
RV00016;VG03950;VE070;191;1101
RV00017;VG01246;VE014;342;1088
RV00018;VG02479;VE043;524;1061
RV00019;VG00882;VE049;356;1031
RV00020;VG03745;VE063;109;645
RV00021;VG02103;VE068;1059;293
RV00022;VG01160;VE044;284;579
RV00023;VG02883;VE003;233;594
RV00024;VG00445;VE021;579;907
RV00025;VG02835;VE043;92;613
RV00026;VG02662;VE041;800;618
RV00027;VG00207;VE038;1173;1297
RV00028;VG02767;VE007;854;892
RV00029;VG01203;VE015;747;489
RV00030;VG00978;VE011;328;770
RV00031;VG02104;VE031;391;925
RV00032;VG00770;VE019;630;1099
RV00033;VG00717;VE048;153;905
RV00034;VG00105;VE041;871;519
RV00035;VG02592;VE018;654;887
RV00036;VG01840;VE042;626;910
RV00037;VG01731;VE028;902;135
RV00038;VG00501;VE036;643;621
RV00039;VG00638;VE051;762;685
RV00040;VG03856;VE038;1028;346
RV00041;VG00846;VE022;1127;382
RV00042;VG03611;VE010;655;590
RV00043;VG01864;VE034;1113;580
RV00044;VG00910;VE006;1108;403
RV00045;VG00198;VE050;268;152
RV00046;VG01139;VE051;968;1116
RV00047;VG03271;VE048;1171;1157
RV00048;VG03161;VE013;666;514
RV00049;VG03029;VE008;132;1005
RV00050;VG01248;VE064;500;391
RV00051;VG03896;VE046;1104;990
RV00052;VG00792;VE006;343;1065
RV00053;VG01249;VE037;1105;289
RV00054;VG01145;VE058;310;787
RV00055;VG02442;VE021;811;475
RV00056;VG00032;VE003;441;1291
RV00057;VG02266;VE015;276;411
RV00058;VG00543;VE058;844;356
RV00059;VG00161;VE048;666;1121
RV00060;VG01032;VE023;772;1244
RV00061;VG02396;VE005;821;502
RV00062;VG00927;VE047;852;1121
RV00063;VG00943;VE041;1091;54
RV00064;VG02684;VE002;618;324
RV00065;VG03947;VE001;946;432
RV00066;VG01655;VE048;576;55
RV00067;VG02492;VE014;1194;57
RV00068;VG02865;VE055;1089;280
RV00069;VG02965;VE053;874;1299
RV00070;VG03212;VE046;655;260
RV00071;VG04030;VE047;693;702
RV00072;VG02273;VE032;107;1060
RV00073;VG00387;VE028;400;712
RV00074;VG04155;VE068;152;635
RV00075;VG02070;VE062;226;560
RV00076;VG03917;VE042;38;1121
RV00077;VG01011;VE018;963;539
RV00078;VG02883;VE020;762;326
RV00079;VG01116;VE042;942;687
RV00080;VG02903;VE020;831;610
RV00081;VG00419;VE025;951;569
RV00082;VG01716;VE065;1168;725
RV00083;VG02607;VE041;995;565
RV00084;VG03822;VE058;469;747
RV00085;VG02729;VE065;1167;851
RV00086;VG00152;VE048;330;186
RV00087;VG01745;VE062;997;1169
RV00088;VG01584;VE050;121;416
RV00089;VG00607;VE066;1139;1288
RV00090;VG01534;VE047;419;362
RV00091;VG01090;VE016;633;1072
RV00092;VG00309;VE010;1111;268
RV00093;VG03929;VE012;485;577
RV00094;VG00653;VE058;211;331
RV00095;VG01618;VE068;1139;399
RV00096;VG01768;VE054;194;1203
RV00097;VG02678;VE062;1061;1200
RV00098;VG01392;VE068;79;363
RV00099;VG04059;VE005;815;1118
RV00100;VG02074;VE018;583;1093
RV00101;VG02746;VE003;1114;1151
RV00102;VG00035;VE041;596;275
RV00103;VG03167;VE021;610;345
RV00104;VG00197;VE050;142;72
RV00105;VG01582;VE063;852;689
RV00106;VG02095;VE007;236;54
RV00107;VG04028;VE067;947;338
RV00108;VG02561;VE059;260;1130
RV00109;VG00689;VE017;1059;684
RV00110;VG03788;VE020;1079;252
RV00111;VG04101;VE028;1165;560
RV00112;VG00231;VE042;20;38
RV00113;VG02287;VE037;994;97
RV00114;VG02496;VE037;133;1222
RV00115;VG01299;VE018;822;537
RV00116;VG00419;VE040;1034;303
RV00117;VG02670;VE017;554;886
RV00118;VG00658;VE068;110;402
RV00119;VG04120;VE034;105;514
RV00120;VG00027;VE015;1086;1151
RV00121;VG01301;VE068;354;461
RV00122;VG02947;VE044;409;1099
RV00123;VG04121;VE047;899;740
RV00124;VG01451;VE032;818;1060
RV00125;VG02464;VE016;587;40
RV00126;VG01399;VE046;851;381
RV00127;VG03997;VE003;775;94
RV00128;VG04070;VE057;287;832
RV00129;VG02964;VE007;995;833
RV00130;VG00839;VE018;556;62
RV00131;VG00735;VE039;1179;665
RV00132;VG03940;VE056;606;1250
RV00133;VG02031;VE034;619;773
RV00134;VG00426;VE035;534;294
RV00135;VG04092;VE053;865;721
RV00136;VG01524;VE048;820;1020
RV00137;VG00246;VE060;635;1055
RV00138;VG01040;VE054;1126;354
RV00139;VG02317;VE069;1133;864
RV00140;VG01248;VE067;390;1220
RV00141;VG00140;VE019;141;332
RV00142;VG00552;VE063;1186;195
RV00143;VG01853;VE041;599;300
RV00144;VG01571;VE022;208;258
RV00145;VG01397;VE024;1051;597
RV00146;VG00797;VE013;174;155
RV00147;VG01830;VE043;965;660
RV00148;VG02399;VE052;64;398
RV00149;VG04019;VE059;346;1148
RV00150;VG03894;VE005;792;725
RV00151;VG03070;VE025;1013;1126
RV00152;VG02160;VE025;341;27
RV00153;VG00567;VE031;432;277
RV00154;VG02828;VE010;968;589
RV00155;VG00720;VE048;1180;788
RV00156;VG03756;VE041;1170;355
RV00157;VG01754;VE046;756;230
RV00158;VG03232;VE051;939;792
RV00159;VG01420;VE016;164;1007
RV00160;VG01469;VE068;469;658
RV00161;VG03309;VE007;809;525
RV00162;VG01210;VE053;466;1149
RV00163;VG00707;VE034;322;521
RV00164;VG01802;VE007;1193;769
RV00165;VG01244;VE041;883;850
RV00166;VG00023;VE033;1177;489
RV00167;VG00816;VE048;98;457
RV00168;VG02116;VE066;669;84
RV00169;VG02117;VE043;410;1211
RV00170;VG00332;VE052;859;762
RV00171;VG01852;VE070;161;297
RV00172;VG03619;VE013;336;587
RV00173;VG01138;VE007;140;261
RV00174;VG00621;VE012;256;489
RV00175;VG03633;VE058;324;215
RV00176;VG03001;VE037;937;709
RV00177;VG02917;VE022;911;294
RV00178;VG03815;VE049;377;1048
RV00179;VG00860;VE034;1127;251
RV00180;VG02772;VE061;51;187
RV00181;VG02799;VE031;820;595
RV00182;VG02757;VE060;534;637
RV00183;VG03038;VE001;677;661
RV00184;VG00079;VE032;768;868
RV00185;VG01612;VE026;227;1016
RV00186;VG01589;VE031;1016;871
RV00187;VG03359;VE008;220;793
RV00188;VG00663;VE032;738;1101
RV00189;VG04124;VE053;976;851
RV00190;VG03282;VE030;264;1067
RV00191;VG01898;VE009;1035;708
RV00192;VG03426;VE039;708;1009
RV00193;VG02980;VE016;453;180
RV00194;VG02360;VE052;240;718
RV00195;VG02200;VE005;864;299
RV00196;VG03193;VE004;1146;757
RV00197;VG02117;VE041;82;734
RV00198;VG01466;VE025;864;965
RV00199;VG00006;VE050;699;1027
RV00200;VG03947;VE066;181;573
RV00201;VG02807;VE030;327;312
RV00202;VG01526;VE042;652;1155
RV00203;VG00532;VE055;772;98
RV00204;VG02009;VE060;1097;1264
RV00205;VG02638;VE054;706;375
RV00206;VG00787;VE004;50;1094
RV00207;VG03480;VE049;299;1011
RV00208;VG00221;VE060;67;1237
RV00209;VG00035;VE034;207;1207
RV00210;VG03221;VE013;1186;703
RV00211;VG02092;VE032;1063;726
RV00212;VG02752;VE030;936;792
RV00213;VG00182;VE012;683;555
RV00214;VG01390;VE064;758;1138
RV00215;VG00921;VE032;532;1009
RV00216;VG03725;VE017;601;587
RV00217;VG01696;VE027;1178;68
RV00218;VG03969;VE063;166;1266
RV00219;VG01130;VE066;660;481
RV00220;VG01792;VE056;1003;946
RV00221;VG02124;VE008;591;903
RV00222;VG00906;VE003;791;1201
RV00223;VG01700;VE010;202;689
RV00224;VG00262;VE039;856;294
RV00225;VG04043;VE064;611;586
RV00226;VG01613;VE038;1060;1241
RV00227;VG03450;VE036;1066;535
RV00228;VG01677;VE056;678;76
RV00229;VG00150;VE030;1095;143
RV00230;VG01884;VE032;1058;893
RV00231;VG00892;VE028;973;1085
RV00232;VG02536;VE061;134;357
RV00233;VG02214;VE069;1085;471
RV00234;VG00549;VE035;323;215
RV00235;VG03177;VE041;966;24
RV00236;VG01550;VE028;598;668
RV00237;VG03648;VE033;909;682
RV00238;VG00849;VE017;338;533
RV00239;VG03839;VE035;1152;1282
RV00240;VG03394;VE012;87;353
RV00241;VG02688;VE061;1004;457
RV00242;VG03137;VE009;377;561
RV00243;VG04168;VE008;538;149
RV00244;VG00158;VE043;860;409
RV00245;VG00163;VE040;355;324
RV00246;VG03799;VE005;125;1104
RV00247;VG01009;VE005;198;478
RV00248;VG00370;VE067;573;642
RV00249;VG03415;VE018;399;1047
RV00250;VG01728;VE070;208;66
RV00251;VG03531;VE016;303;349
RV00252;VG02414;VE007;279;847
RV00253;VG02614;VE030;469;376
RV00254;VG02235;VE051;933;712
RV00255;VG01507;VE010;244;720
RV00256;VG04045;VE060;239;419
RV00257;VG01004;VE046;614;215
RV00258;VG00626;VE066;991;374
RV00259;VG03432;VE024;822;356
RV00260;VG03774;VE032;177;1222
RV00261;VG00837;VE016;849;1238
RV00262;VG03747;VE035;556;700
RV00263;VG01975;VE067;918;1039
RV00264;VG01610;VE026;1199;738
RV00265;VG03907;VE033;337;979
RV00266;VG01893;VE033;1080;792
RV00267;VG03151;VE051;1144;1279
RV00268;VG00572;VE023;975;483
RV00269;VG03320;VE047;629;1224
RV00270;VG03884;VE037;525;290
RV00271;VG01354;VE025;1152;1075
RV00272;VG00416;VE005;789;272
RV00273;VG03017;VE068;349;116
RV00274;VG03140;VE061;512;1154
RV00275;VG00192;VE012;86;1107
RV00276;VG00276;VE068;908;526
RV00277;VG03818;VE065;1075;997
RV00278;VG03694;VE068;564;656
RV00279;VG00564;VE063;458;348
RV00280;VG00750;VE005;760;1155
RV00281;VG00258;VE053;1057;924
RV00282;VG03573;VE032;472;1042
RV00283;VG03526;VE023;931;1118
RV00284;VG01781;VE024;600;686
RV00285;VG02427;VE021;983;434
RV00286;VG01240;VE036;1028;1269
RV00287;VG00479;VE013;383;126
RV00288;VG02940;VE025;1177;915
RV00289;VG00104;VE043;311;1215
RV00290;VG03423;VE009;191;785
RV00291;VG03022;VE046;517;1229
RV00292;VG01251;VE015;277;1268
RV00293;VG02899;VE009;856;570
RV00294;VG00574;VE028;1105;371
RV00295;VG00407;VE022;927;1248
RV00296;VG00078;VE070;613;769
RV00297;VG03372;VE052;948;825
RV00298;VG03425;VE063;1043;726
RV00299;VG03616;VE053;91;118
RV00300;VG02199;VE070;994;1250
RV00301;VG01617;VE031;1009;911
RV00302;VG01374;VE015;936;528
RV00303;VG00185;VE056;425;144
RV00304;VG03226;VE051;899;1285
RV00305;VG00269;VE049;555;604
RV00306;VG02409;VE044;1094;258
RV00307;VG03513;VE056;770;421
RV00308;VG00323;VE034;339;1066
RV00309;VG01929;VE013;28;1080
RV00310;VG03308;VE041;1126;560
RV00311;VG01258;VE052;956;338
RV00312;VG00726;VE015;756;681
RV00313;VG04153;VE015;61;67
RV00314;VG03962;VE035;657;339
RV00315;VG01019;VE065;447;1086
RV00316;VG00579;VE001;478;528
RV00317;VG00455;VE069;86;1102
RV00318;VG02740;VE066;213;296
RV00319;VG01942;VE036;126;580
RV00320;VG00327;VE043;1041;657
RV00321;VG03507;VE047;1028;44
RV00322;VG03127;VE002;149;941
RV00323;VG01830;VE063;77;337
RV00324;VG01638;VE019;1192;964
RV00325;VG00111;VE066;1127;223
RV00326;VG02992;VE001;641;510
RV00327;VG01384;VE042;255;356
RV00328;VG01416;VE043;806;1095
RV00329;VG01981;VE027;707;295
RV00330;VG02028;VE024;267;316
RV00331;VG01140;VE017;334;932
RV00332;VG01404;VE027;1068;553
RV00333;VG00615;VE026;961;486
RV00334;VG00824;VE020;225;238
RV00335;VG01060;VE060;998;899
RV00336;VG03927;VE051;620;1048
RV00337;VG02282;VE043;1147;92
RV00338;VG02182;VE012;607;53
RV00339;VG00754;VE029;370;59
RV00340;VG01729;VE015;1070;76
RV00341;VG00205;VE068;845;1239
RV00342;VG01517;VE050;356;800
RV00343;VG02513;VE027;58;26
RV00344;VG00127;VE066;325;789
RV00345;VG00399;VE057;256;619
RV00346;VG00872;VE063;749;481
RV00347;VG01199;VE057;113;184
RV00348;VG00693;VE027;136;518
RV00349;VG03896;VE017;291;730
RV00350;VG00380;VE019;345;153
RV00351;VG04099;VE005;379;61
RV00352;VG03752;VE012;260;1103
RV00353;VG00605;VE020;595;398
RV00354;VG03953;VE058;1052;1175
RV00355;VG02298;VE033;724;1034
RV00356;VG02839;VE052;980;158
RV00357;VG03195;VE064;1198;670
RV00358;VG02191;VE039;640;575
RV00359;VG01012;VE007;856;1232
RV00360;VG02374;VE068;677;1008
RV00361;VG02503;VE047;1178;340
RV00362;VG00119;VE008;672;1012
RV00363;VG00785;VE031;119;1159
RV00364;VG03715;VE053;1140;871
RV00365;VG00181;VE070;1095;862
RV00366;VG03153;VE026;127;247
RV00367;VG02376;VE007;706;1013
RV00368;VG00408;VE036;857;454
RV00369;VG01075;VE005;1147;799
RV00370;VG01006;VE023;292;219
RV00371;VG00023;VE036;344;798
RV00372;VG01657;VE036;164;929
RV00373;VG00642;VE021;867;286
RV00374;VG02497;VE014;638;783
RV00375;VG01629;VE046;1165;1018
RV00376;VG03645;VE006;69;1017
RV00377;VG02557;VE017;25;376
RV00378;VG02930;VE046;1141;1229
RV00379;VG00902;VE051;1007;1116
RV00380;VG01212;VE017;967;896
RV00381;VG03308;VE033;1143;621
RV00382;VG01701;VE066;968;562
RV00383;VG03958;VE070;384;720
RV00384;VG03144;VE035;214;727
RV00385;VG03187;VE041;35;215
RV00386;VG02544;VE059;522;603
RV00387;VG01683;VE063;341;1108
RV00388;VG02981;VE002;333;123
RV00389;VG02861;VE027;1100;76
RV00390;VG02587;VE069;843;526
RV00391;VG03616;VE043;200;1281
RV00392;VG00835;VE018;328;1245
RV00393;VG03527;VE043;283;32
RV00394;VG00521;VE029;362;52
RV00395;VG02646;VE054;31;1034
RV00396;VG03963;VE011;263;1073
RV00397;VG03294;VE061;816;928
RV00398;VG01091;VE005;1154;1150
RV00399;VG03057;VE034;1043;84
RV00400;VG00273;VE006;69;708
RV00401;VG01795;VE014;593;825
RV00402;VG00942;VE023;609;1099
RV00403;VG01454;VE062;843;501
RV00404;VG03424;VE058;245;519
RV00405;VG01679;VE014;854;20
RV00406;VG02785;VE057;1129;1143
RV00407;VG02029;VE070;507;202
RV00408;VG02459;VE005;387;600
RV00409;VG01899;VE068;244;824
RV00410;VG02126;VE010;643;390
RV00411;VG02992;VE001;660;143
RV00412;VG02575;VE069;524;1084
RV00413;VG00598;VE003;398;43
RV00414;VG01849;VE044;1029;1216
RV00415;VG01075;VE032;389;354
RV00416;VG02630;VE019;1034;170
RV00417;VG04053;VE021;21;522
RV00418;VG01653;VE039;847;980
RV00419;VG01008;VE051;723;62
RV00420;VG02894;VE003;222;430
RV00421;VG02858;VE016;343;881
RV00422;VG01020;VE067;443;453
RV00423;VG03822;VE036;991;1069
RV00424;VG00911;VE053;1077;23
RV00425;VG01105;VE069;382;904
RV00426;VG02515;VE022;92;1290
RV00427;VG02645;VE066;57;741
RV00428;VG02623;VE054;812;539
RV00429;VG02877;VE030;717;710
RV00430;VG00818;VE063;844;704
RV00431;VG00567;VE066;376;1049
RV00432;VG01929;VE049;1188;52
RV00433;VG03327;VE031;45;415
RV00434;VG03648;VE043;1115;739
RV00435;VG03690;VE068;534;203
RV00436;VG03068;VE063;770;1119
RV00437;VG00139;VE004;745;593
RV00438;VG00912;VE023;641;1229
RV00439;VG02444;VE035;834;1077
RV00440;VG02175;VE009;964;957
RV00441;VG02636;VE027;1036;818
RV00442;VG03805;VE053;444;100
RV00443;VG01650;VE055;863;695
RV00444;VG04187;VE009;124;866
RV00445;VG01238;VE039;536;659
RV00446;VG02173;VE030;1030;868
RV00447;VG00374;VE010;268;906
RV00448;VG01388;VE070;936;580
RV00449;VG03779;VE001;649;1184
RV00450;VG00599;VE018;759;914
RV00451;VG02044;VE050;418;754
RV00452;VG00453;VE015;517;1075
RV00453;VG01874;VE057;910;126
RV00454;VG00588;VE025;125;199
RV00455;VG03528;VE034;746;1039
RV00456;VG03976;VE003;713;1100
RV00457;VG02977;VE012;738;327
RV00458;VG02976;VE006;522;74
RV00459;VG04085;VE049;624;112
RV00460;VG02166;VE067;681;670
RV00461;VG03260;VE046;210;427
RV00462;VG01225;VE011;375;1120
RV00463;VG01719;VE020;795;407
RV00464;VG00941;VE060;790;1059
RV00465;VG00040;VE052;1099;360
RV00466;VG00925;VE030;767;619
RV00467;VG00322;VE068;615;256
RV00468;VG00648;VE043;906;207
RV00469;VG00199;VE038;158;61
RV00470;VG03191;VE009;972;127
RV00471;VG02275;VE020;1014;774
RV00472;VG01932;VE006;219;380
RV00473;VG03125;VE031;633;44
RV00474;VG01034;VE054;313;850
RV00475;VG00945;VE058;1148;487
RV00476;VG03747;VE009;411;575
RV00477;VG01025;VE054;281;764
RV00478;VG03381;VE011;105;690
RV00479;VG00101;VE044;144;670
RV00480;VG00233;VE020;571;66
RV00481;VG01644;VE067;875;89
RV00482;VG02087;VE038;358;1099
RV00483;VG03365;VE023;68;140
RV00484;VG01589;VE021;1101;186
RV00485;VG02211;VE014;393;735
RV00486;VG02718;VE029;179;1071
RV00487;VG03071;VE001;870;409
RV00488;VG01267;VE028;141;80
RV00489;VG03666;VE052;669;415
RV00490;VG01665;VE035;523;1082
RV00491;VG00661;VE020;335;453
RV00492;VG03346;VE002;1048;144
RV00493;VG00314;VE036;106;704
RV00494;VG02688;VE017;278;813
RV00495;VG01286;VE031;760;496
RV00496;VG01992;VE009;1122;656
RV00497;VG02319;VE019;895;1209
RV00498;VG03498;VE002;180;929
RV00499;VG03947;VE030;298;422
RV00500;VG00546;VE018;991;85
RV00501;VG02551;VE007;767;668
RV00502;VG02942;VE030;706;300
RV00503;VG02455;VE031;348;554
RV00504;VG02561;VE036;769;1281
RV00505;VG01267;VE044;353;995
RV00506;VG02500;VE020;604;242
RV00507;VG01584;VE041;495;851
RV00508;VG03604;VE039;550;1124
RV00509;VG02418;VE058;1099;715
RV00510;VG00791;VE001;852;952
RV00511;VG02725;VE070;584;474
RV00512;VG03551;VE063;101;1216
RV00513;VG02901;VE032;26;1258
RV00514;VG01329;VE015;893;793
RV00515;VG03704;VE054;315;137
RV00516;VG03476;VE050;691;270
RV00517;VG03015;VE012;367;643
RV00518;VG02437;VE062;163;35
RV00519;VG03175;VE011;1047;451
RV00520;VG00636;VE063;792;67
RV00521;VG03685;VE033;1195;476
RV00522;VG01161;VE015;415;516
RV00523;VG00534;VE070;232;160
RV00524;VG01329;VE045;1195;767
RV00525;VG00996;VE036;857;806
RV00526;VG01128;VE031;31;1209
RV00527;VG03021;VE007;273;410
RV00528;VG00330;VE004;1055;587
RV00529;VG00391;VE040;503;671
RV00530;VG01006;VE042;566;1233
RV00531;VG03769;VE011;86;941
RV00532;VG02159;VE025;706;520
RV00533;VG03539;VE009;529;632
RV00534;VG03739;VE004;653;836
RV00535;VG00935;VE022;906;1091
RV00536;VG03229;VE060;314;408
RV00537;VG02785;VE060;822;813
RV00538;VG00022;VE062;452;1199
RV00539;VG02192;VE039;243;977
RV00540;VG01456;VE058;655;1198
RV00541;VG02242;VE035;1144;855
RV00542;VG03048;VE002;1113;819
RV00543;VG01557;VE063;513;145
RV00544;VG03104;VE018;306;1026
RV00545;VG03897;VE038;77;803
RV00546;VG00081;VE006;873;647
RV00547;VG02321;VE007;249;748
RV00548;VG01254;VE049;1168;869
RV00549;VG02979;VE004;523;914
RV00550;VG01752;VE054;669;408
RV00551;VG00916;VE063;287;1267
RV00552;VG00516;VE021;758;894
RV00553;VG02797;VE045;281;1085
RV00554;VG00495;VE049;819;531
RV00555;VG04077;VE021;784;967
RV00556;VG04108;VE032;328;504
RV00557;VG01943;VE053;372;1067
RV00558;VG02569;VE037;800;406
RV00559;VG02110;VE058;206;706
RV00560;VG00614;VE053;623;1185
RV00561;VG03695;VE003;819;549
RV00562;VG00273;VE039;606;1288
RV00563;VG02396;VE046;883;207
RV00564;VG02893;VE051;24;1164
RV00565;VG03354;VE052;1125;365
RV00566;VG00784;VE029;660;168
RV00567;VG03507;VE046;435;381
RV00568;VG00241;VE012;879;655
RV00569;VG02381;VE026;1116;341
RV00570;VG00866;VE020;765;893
RV00571;VG03050;VE024;633;856
RV00572;VG00417;VE048;1018;1044
RV00573;VG01001;VE070;122;1050
RV00574;VG03691;VE063;860;43
RV00575;VG01647;VE013;511;334
RV00576;VG00522;VE024;294;152
RV00577;VG03672;VE065;1067;585
RV00578;VG01159;VE007;754;141
RV00579;VG01913;VE021;693;125
RV00580;VG01494;VE047;970;1049
RV00581;VG00311;VE023;308;482
RV00582;VG02863;VE011;896;923
RV00583;VG03510;VE019;491;838
RV00584;VG01788;VE038;99;1006
RV00585;VG02903;VE063;1102;531
RV00586;VG02870;VE057;576;715
RV00587;VG01238;VE045;682;728
RV00588;VG00912;VE067;443;116
RV00589;VG00753;VE059;1073;632
RV00590;VG03941;VE030;550;647
RV00591;VG02016;VE008;95;234
RV00592;VG03068;VE005;721;311
RV00593;VG02091;VE016;422;1151
RV00594;VG03504;VE017;259;795
RV00595;VG00373;VE025;907;398
RV00596;VG02159;VE055;1015;1044
RV00597;VG02649;VE066;816;399
RV00598;VG01679;VE057;683;286
RV00599;VG00496;VE047;542;934
RV00600;VG01893;VE055;91;1072
RV00601;VG00837;VE053;809;799
RV00602;VG00598;VE052;112;631
RV00603;VG03668;VE054;781;1190
RV00604;VG00224;VE004;420;165
RV00605;VG03648;VE055;1123;706
RV00606;VG02570;VE039;742;484
RV00607;VG01319;VE033;289;768
RV00608;VG02204;VE005;1086;85
RV00609;VG00982;VE023;1198;333
RV00610;VG03237;VE033;142;957
RV00611;VG00895;VE068;781;525
RV00612;VG01356;VE052;442;1082
RV00613;VG00926;VE058;1019;958
RV00614;VG02222;VE019;488;1150
RV00615;VG01623;VE021;828;1032
RV00616;VG03731;VE023;980;290
RV00617;VG02331;VE025;151;329
RV00618;VG04011;VE070;305;227
RV00619;VG03295;VE064;1068;1156
RV00620;VG01785;VE018;504;162
RV00621;VG00189;VE011;283;491
RV00622;VG00592;VE046;762;1143
RV00623;VG04063;VE042;724;315
RV00624;VG00947;VE041;177;599
RV00625;VG00750;VE054;1161;40
RV00626;VG00365;VE060;980;1030
RV00627;VG02848;VE058;124;947
RV00628;VG01038;VE022;885;371
RV00629;VG01911;VE040;885;447
RV00630;VG01966;VE023;442;418
RV00631;VG03588;VE038;727;850
RV00632;VG03795;VE065;99;1003
RV00633;VG00356;VE015;268;415
RV00634;VG01127;VE027;914;838
RV00635;VG02749;VE070;1115;1175
RV00636;VG02858;VE001;1114;22
RV00637;VG00228;VE024;1001;105
RV00638;VG03345;VE018;457;547
RV00639;VG00883;VE002;144;605
RV00640;VG01271;VE033;825;684
RV00641;VG02767;VE038;903;664
RV00642;VG03351;VE025;934;272
RV00643;VG00144;VE012;222;932
RV00644;VG01967;VE068;1198;93
RV00645;VG02966;VE052;960;687
RV00646;VG03583;VE059;704;536
RV00647;VG02518;VE045;333;1065
RV00648;VG01785;VE005;608;750
RV00649;VG02305;VE058;396;1136
RV00650;VG01524;VE016;471;965
RV00651;VG01365;VE006;1120;173
RV00652;VG01752;VE023;1074;1130
RV00653;VG02781;VE037;261;478
RV00654;VG00484;VE043;329;978
RV00655;VG02454;VE005;287;908
RV00656;VG01775;VE018;1013;181
RV00657;VG02521;VE060;251;1055
RV00658;VG01134;VE048;48;66
RV00659;VG03979;VE043;111;672
RV00660;VG04174;VE063;435;194
RV00661;VG01112;VE027;1031;65
RV00662;VG02191;VE025;92;426
RV00663;VG01847;VE041;754;575
RV00664;VG03698;VE032;1081;1037
RV00665;VG01205;VE060;927;818
RV00666;VG00327;VE059;1064;195
RV00667;VG01403;VE002;282;98
RV00668;VG02964;VE015;329;794
RV00669;VG00348;VE031;1177;902
RV00670;VG03088;VE045;984;153
RV00671;VG01114;VE034;751;1218
RV00672;VG00110;VE051;715;504
RV00673;VG02001;VE007;408;1181
RV00674;VG03172;VE003;382;517
RV00675;VG01776;VE054;121;487
RV00676;VG01352;VE039;190;320
RV00677;VG01433;VE046;112;682
RV00678;VG00692;VE020;670;1067
RV00679;VG02626;VE026;365;320
RV00680;VG01298;VE057;919;1201
RV00681;VG02918;VE047;610;990
RV00682;VG02133;VE005;718;246
RV00683;VG01826;VE002;311;722
RV00684;VG02927;VE062;1009;628
RV00685;VG03552;VE030;711;749
RV00686;VG00136;VE026;400;589
RV00687;VG02090;VE018;636;248
RV00688;VG02069;VE025;50;209
RV00689;VG02179;VE068;806;429
RV00690;VG02282;VE039;501;652
RV00691;VG00673;VE066;576;896
RV00692;VG00580;VE001;891;350
RV00693;VG01204;VE004;712;784
RV00694;VG01782;VE057;679;998
RV00695;VG03435;VE050;434;1138
RV00696;VG03751;VE028;597;789
RV00697;VG00827;VE045;843;836
RV00698;VG00126;VE006;839;903
RV00699;VG01227;VE018;1078;578
RV00700;VG03802;VE040;1142;712
RV00701;VG00732;VE011;730;1206
RV00702;VG02998;VE047;1112;311
RV00703;VG01790;VE068;741;638
RV00704;VG02963;VE014;497;226
RV00705;VG01437;VE032;741;556
RV00706;VG00410;VE037;1158;247
RV00707;VG03584;VE069;728;137
RV00708;VG03264;VE061;551;971
RV00709;VG02447;VE032;329;137
RV00710;VG02963;VE012;894;906
RV00711;VG01711;VE028;1168;414
RV00712;VG03368;VE039;754;105
RV00713;VG00660;VE009;141;959
RV00714;VG00883;VE006;1168;317
RV00715;VG03907;VE026;312;122
RV00716;VG02651;VE015;753;945
RV00717;VG00501;VE053;669;930
RV00718;VG01144;VE058;1068;1193
RV00719;VG01302;VE050;1097;1263
RV00720;VG01200;VE039;643;1218
RV00721;VG03529;VE070;984;401
RV00722;VG02924;VE004;489;497
RV00723;VG02234;VE028;115;959
RV00724;VG01910;VE066;395;562
RV00725;VG00634;VE020;830;764
RV00726;VG01519;VE011;23;388
RV00727;VG01504;VE004;320;518
RV00728;VG02195;VE005;717;175
RV00729;VG01148;VE070;554;1016
RV00730;VG03999;VE052;640;1033
RV00731;VG00392;VE041;1130;402
RV00732;VG02687;VE014;839;677
RV00733;VG00278;VE013;1159;346
RV00734;VG03311;VE005;304;548
RV00735;VG03055;VE041;48;444
RV00736;VG02347;VE069;442;638
RV00737;VG00392;VE043;1139;434
RV00738;VG01859;VE067;217;108
RV00739;VG00934;VE027;1022;145
RV00740;VG01230;VE063;694;525
RV00741;VG02391;VE011;764;1294
RV00742;VG00203;VE064;949;668
RV00743;VG03574;VE027;233;709
RV00744;VG02336;VE032;333;166
RV00745;VG00686;VE047;1068;571
RV00746;VG00599;VE004;1082;794
RV00747;VG04049;VE029;903;653
RV00748;VG01356;VE052;1120;586
RV00749;VG00709;VE043;511;1244
RV00750;VG01705;VE038;844;904
RV00751;VG04022;VE029;812;281
RV00752;VG03395;VE043;103;839
RV00753;VG01204;VE014;112;1255
RV00754;VG00611;VE052;793;1059
RV00755;VG03303;VE025;185;825
RV00756;VG02715;VE032;874;1074
RV00757;VG00627;VE054;628;1139
RV00758;VG02418;VE002;1040;1035
RV00759;VG03536;VE017;231;936
RV00760;VG03676;VE061;1057;1185
RV00761;VG01096;VE059;802;268
RV00762;VG03179;VE061;565;650
RV00763;VG01925;VE013;729;541
RV00764;VG02733;VE047;116;1166
RV00765;VG01422;VE048;215;337
RV00766;VG01765;VE011;175;845
RV00767;VG03699;VE062;637;421
RV00768;VG02513;VE047;808;528
RV00769;VG03365;VE027;1078;68
RV00770;VG02607;VE028;775;1136
RV00771;VG00428;VE012;617;412
RV00772;VG02526;VE026;1137;597
RV00773;VG00261;VE070;532;217
RV00774;VG03015;VE050;1107;986
RV00775;VG01244;VE055;878;561
RV00776;VG00017;VE043;1127;631
RV00777;VG00684;VE046;309;492
RV00778;VG04043;VE030;828;377
RV00779;VG00174;VE032;101;1270
RV00780;VG01907;VE058;139;653
RV00781;VG00667;VE010;648;463
RV00782;VG04080;VE007;770;922
RV00783;VG01058;VE069;859;1217
RV00784;VG04111;VE027;297;249
RV00785;VG00552;VE032;613;1202
RV00786;VG01303;VE058;316;114
RV00787;VG00893;VE069;1190;471
RV00788;VG02383;VE030;189;752
RV00789;VG00607;VE001;136;94
RV00790;VG02593;VE002;419;211
RV00791;VG02391;VE037;794;548
RV00792;VG00228;VE020;774;655
RV00793;VG01557;VE045;394;1274
RV00794;VG02506;VE054;519;577
RV00795;VG01021;VE002;392;1227
RV00796;VG00294;VE004;552;823
RV00797;VG01266;VE023;990;209
RV00798;VG03435;VE007;393;1282
RV00799;VG01856;VE043;660;41
RV00800;VG02799;VE050;1026;1042
RV00801;VG04105;VE015;995;502
RV00802;VG00778;VE068;560;595
RV00803;VG03370;VE058;746;1169
RV00804;VG00928;VE047;45;81
RV00805;VG02897;VE056;131;1079
RV00806;VG00226;VE022;1183;62
RV00807;VG01713;VE045;524;306
RV00808;VG03030;VE054;1073;281
RV00809;VG01783;VE005;880;698
RV00810;VG01373;VE027;1041;378
RV00811;VG03463;VE012;653;465
RV00812;VG04054;VE014;507;181
RV00813;VG01571;VE048;617;214
RV00814;VG03001;VE009;208;140
RV00815;VG01057;VE041;627;927
RV00816;VG02154;VE064;900;679
RV00817;VG01110;VE001;310;1278
RV00818;VG00933;VE010;899;1272
RV00819;VG01462;VE046;327;536
RV00820;VG02681;VE007;1008;1103
RV00821;VG03248;VE023;784;423
RV00822;VG02701;VE027;731;1112
RV00823;VG04167;VE043;186;913
RV00824;VG01504;VE026;23;1258
RV00825;VG00842;VE017;809;708
RV00826;VG02835;VE070;624;843
RV00827;VG01901;VE036;181;900
RV00828;VG01633;VE041;385;287
RV00829;VG00822;VE025;668;378
RV00830;VG03122;VE051;486;183
RV00831;VG01881;VE060;361;696
RV00832;VG02775;VE052;1056;1038
RV00833;VG02219;VE069;134;685
RV00834;VG03068;VE039;1135;1221
RV00835;VG00429;VE026;422;533
RV00836;VG03044;VE039;976;1056
RV00837;VG01215;VE054;733;534
RV00838;VG03003;VE060;978;462
RV00839;VG03891;VE009;707;1287
RV00840;VG04168;VE069;605;272
RV00841;VG01421;VE006;515;622
RV00842;VG02182;VE022;233;1150
RV00843;VG02692;VE042;493;353
RV00844;VG00194;VE048;259;372
RV00845;VG03813;VE038;970;1008
RV00846;VG02080;VE036;594;1214
RV00847;VG02691;VE026;1101;366
RV00848;VG00681;VE022;137;861
RV00849;VG01293;VE031;1172;690
RV00850;VG00199;VE017;1091;398
RV00851;VG03575;VE011;862;1177
RV00852;VG03834;VE010;976;1204
RV00853;VG03910;VE023;1041;1194
RV00854;VG01641;VE012;965;914
RV00855;VG03345;VE031;1097;442
RV00856;VG01698;VE004;542;150
RV00857;VG03290;VE041;581;358
RV00858;VG00204;VE017;312;959
RV00859;VG02594;VE003;933;1019
RV00860;VG03372;VE065;478;1211
RV00861;VG00314;VE031;617;560
RV00862;VG03685;VE042;57;1251
RV00863;VG01192;VE007;739;783
RV00864;VG00164;VE059;163;79
RV00865;VG01850;VE015;25;578
RV00866;VG02041;VE002;454;966
RV00867;VG01409;VE068;1193;551
RV00868;VG03060;VE036;770;321
RV00869;VG03568;VE058;962;278
RV00870;VG00073;VE026;804;222
RV00871;VG00339;VE030;146;649
RV00872;VG02669;VE010;593;561
RV00873;VG00388;VE054;397;199
RV00874;VG01829;VE034;1012;1018
RV00875;VG02619;VE043;908;990
RV00876;VG02557;VE054;409;245
RV00877;VG00192;VE021;116;775
RV00878;VG00217;VE066;892;731
RV00879;VG01835;VE013;281;1062
RV00880;VG03746;VE044;403;254
RV00881;VG00382;VE019;282;837
RV00882;VG01260;VE028;216;191
RV00883;VG04059;VE034;1079;859
RV00884;VG01729;VE023;337;656
RV00885;VG04086;VE007;832;965
RV00886;VG02936;VE042;212;973
RV00887;VG02907;VE052;248;888
RV00888;VG00513;VE014;423;888
RV00889;VG01594;VE027;1052;1286
RV00890;VG02927;VE036;431;281
RV00891;VG02438;VE055;728;884
RV00892;VG02300;VE048;84;811
RV00893;VG01796;VE065;1171;136
RV00894;VG01937;VE032;223;1078
RV00895;VG02246;VE023;617;574
RV00896;VG01619;VE068;784;1064
RV00897;VG00117;VE059;215;262
RV00898;VG02196;VE003;337;265
RV00899;VG00272;VE033;112;239
RV00900;VG03664;VE068;81;149
RV00901;VG03846;VE031;398;507
RV00902;VG02525;VE004;1101;290
RV00903;VG02537;VE024;750;204
RV00904;VG04190;VE018;845;549
RV00905;VG03758;VE019;809;595
RV00906;VG02592;VE054;619;653
RV00907;VG02043;VE065;1042;265
RV00908;VG03721;VE006;952;620
RV00909;VG03880;VE016;142;616
RV00910;VG01581;VE013;374;284
RV00911;VG02858;VE011;393;810
RV00912;VG03720;VE014;305;1290
RV00913;VG03383;VE006;727;815
RV00914;VG00132;VE023;263;627
RV00915;VG01198;VE039;239;792
RV00916;VG02726;VE046;453;1198
RV00917;VG03336;VE010;199;1099
RV00918;VG00091;VE017;456;342
RV00919;VG03950;VE050;565;581
RV00920;VG02180;VE039;822;1248
RV00921;VG00246;VE055;1033;754
RV00922;VG04071;VE008;563;319
RV00923;VG03825;VE070;961;1003
RV00924;VG02804;VE031;518;231
RV00925;VG02371;VE041;439;135
RV00926;VG01570;VE063;706;76
RV00927;VG03485;VE002;650;713
RV00928;VG01887;VE037;750;286
RV00929;VG00383;VE067;674;614
RV00930;VG02465;VE052;856;1212
RV00931;VG03746;VE055;403;918
RV00932;VG02979;VE009;939;560
RV00933;VG00891;VE021;225;270
RV00934;VG02161;VE044;46;1036
RV00935;VG01287;VE054;828;941
RV00936;VG00006;VE040;178;26
RV00937;VG02812;VE063;74;1025
RV00938;VG00564;VE024;595;920
RV00939;VG01788;VE019;178;1237
RV00940;VG00695;VE051;454;346
RV00941;VG00458;VE037;469;1219
RV00942;VG03313;VE019;196;1211
RV00943;VG01059;VE022;539;292
RV00944;VG03920;VE042;1120;1137
RV00945;VG02265;VE021;663;1000
RV00946;VG01422;VE002;525;244
RV00947;VG02048;VE008;612;81
RV00948;VG01130;VE064;1092;664
RV00949;VG01958;VE003;185;925
RV00950;VG01948;VE004;130;629
RV00951;VG03537;VE019;1015;492
RV00952;VG01513;VE006;1088;941
RV00953;VG02982;VE008;30;815
RV00954;VG00821;VE007;649;1266
RV00955;VG00273;VE046;141;393
RV00956;VG01991;VE002;104;505
RV00957;VG03527;VE047;1152;341
RV00958;VG01973;VE043;1118;279
RV00959;VG03820;VE019;654;198
RV00960;VG00670;VE049;1173;134
RV00961;VG03762;VE045;32;298
RV00962;VG03798;VE042;393;1252
RV00963;VG04019;VE052;766;34
RV00964;VG02336;VE033;970;587
RV00965;VG00240;VE040;715;308
RV00966;VG00689;VE070;463;241
RV00967;VG03181;VE001;1071;1092
RV00968;VG03538;VE032;1068;1100
RV00969;VG01489;VE020;60;361
RV00970;VG01194;VE043;945;137
RV00971;VG01201;VE053;689;759
RV00972;VG00352;VE059;489;542
RV00973;VG00445;VE061;991;877
RV00974;VG02724;VE068;837;795
RV00975;VG00182;VE065;399;997
RV00976;VG03964;VE041;775;422
RV00977;VG03320;VE050;810;204
RV00978;VG03296;VE054;871;613
RV00979;VG01940;VE066;1028;738
RV00980;VG01119;VE021;846;889
RV00981;VG03036;VE064;36;691
RV00982;VG01171;VE008;556;853
RV00983;VG03147;VE034;288;824
RV00984;VG03719;VE058;1048;707
RV00985;VG01963;VE054;721;1161
RV00986;VG03618;VE055;415;313
RV00987;VG02432;VE027;1139;76
RV00988;VG03358;VE068;354;613
RV00989;VG00193;VE003;796;868
RV00990;VG03033;VE033;785;685
RV00991;VG02072;VE070;26;926
RV00992;VG02867;VE005;1187;858
RV00993;VG03422;VE019;252;974
RV00994;VG03950;VE007;845;1144
RV00995;VG03293;VE040;566;210
RV00996;VG00332;VE013;951;340
RV00997;VG04089;VE016;258;1114
RV00998;VG03317;VE024;327;149
RV00999;VG01401;VE051;167;420
RV01000;VG02579;VE067;684;1258
RV01001;VG01286;VE042;592;69
RV01002;VG01048;VE011;381;516
RV01003;VG00116;VE036;162;731
RV01004;VG03971;VE066;953;914
RV01005;VG02992;VE017;254;1229
RV01006;VG03182;VE021;420;157
RV01007;VG02917;VE050;302;778
RV01008;VG00494;VE070;899;186
RV01009;VG01661;VE060;61;1139
RV01010;VG01995;VE047;699;940
RV01011;VG02205;VE023;1146;594
RV01012;VG03560;VE041;164;485
RV01013;VG01236;VE020;542;47
RV01014;VG02700;VE030;697;833
RV01015;VG00313;VE065;492;83
RV01016;VG01628;VE024;548;232
RV01017;VG03986;VE050;695;48
RV01018;VG03698;VE024;826;112
RV01019;VG00446;VE005;219;65
RV01020;VG04009;VE056;206;39
RV01021;VG00331;VE042;379;549
RV01022;VG01743;VE017;419;499
RV01023;VG00381;VE032;573;402
RV01024;VG03750;VE034;162;906
RV01025;VG03812;VE018;1182;682
RV01026;VG02574;VE069;30;71
RV01027;VG01415;VE031;619;93
RV01028;VG00388;VE070;547;238
RV01029;VG01039;VE031;184;182
RV01030;VG00874;VE036;582;610
RV01031;VG01337;VE046;1120;384
RV01032;VG00458;VE032;907;613
RV01033;VG01385;VE012;421;1084
RV01034;VG00490;VE068;1171;227
RV01035;VG04057;VE065;1102;804
RV01036;VG00079;VE005;808;850
RV01037;VG00411;VE040;757;1196
RV01038;VG02690;VE064;1037;177
RV01039;VG01740;VE046;398;1013
RV01040;VG00662;VE043;142;337
RV01041;VG01537;VE024;311;262
RV01042;VG03692;VE020;1066;1091
RV01043;VG01808;VE066;909;549
RV01044;VG00529;VE002;497;662
RV01045;VG03316;VE043;791;1030
RV01046;VG02217;VE053;1146;977
RV01047;VG03631;VE051;146;1133
RV01048;VG01140;VE022;212;442
RV01049;VG03423;VE028;962;1098
RV01050;VG03122;VE070;1062;140
RV01051;VG01582;VE008;45;1003
RV01052;VG02796;VE019;685;275
RV01053;VG00071;VE013;157;475
RV01054;VG02338;VE030;745;1112
RV01055;VG03173;VE038;428;41
RV01056;VG00250;VE033;355;1184
RV01057;VG03972;VE065;261;292
RV01058;VG00107;VE064;804;1239
RV01059;VG01494;VE056;370;1173
RV01060;VG01164;VE016;195;37
RV01061;VG04070;VE014;1037;342
RV01062;VG03213;VE042;414;652
RV01063;VG02691;VE033;783;352
RV01064;VG01370;VE029;827;611
RV01065;VG03859;VE001;755;659
RV01066;VG03137;VE033;309;636
RV01067;VG02557;VE002;29;625
RV01068;VG03545;VE022;103;485
RV01069;VG01236;VE029;454;390
RV01070;VG02156;VE061;616;492
RV01071;VG02569;VE037;95;89
RV01072;VG02467;VE059;729;725
RV01073;VG01316;VE014;1019;520
RV01074;VG01566;VE012;1098;1070
RV01075;VG02976;VE056;1009;58
RV01076;VG04019;VE044;1180;1022
RV01077;VG03443;VE003;76;300
RV01078;VG01842;VE003;215;1073
RV01079;VG02697;VE043;45;1288
RV01080;VG01787;VE043;838;590
RV01081;VG00985;VE059;560;903
RV01082;VG01173;VE043;1087;101
RV01083;VG02055;VE051;765;1187
RV01084;VG01931;VE005;125;586
RV01085;VG01837;VE063;315;1027
RV01086;VG00195;VE068;719;643
RV01087;VG02844;VE046;584;949
RV01088;VG02664;VE003;731;369
RV01089;VG00418;VE047;732;426
RV01090;VG02581;VE050;533;847
RV01091;VG00733;VE046;355;151
RV01092;VG03527;VE067;1134;1065
RV01093;VG00379;VE041;760;843
RV01094;VG00568;VE013;421;1218
RV01095;VG03309;VE065;1167;1001
RV01096;VG03736;VE055;1139;1172
RV01097;VG01144;VE041;639;1027
RV01098;VG01401;VE039;121;500
RV01099;VG00863;VE025;269;466
RV01100;VG04061;VE059;671;1180
RV01101;VG03625;VE035;40;871
RV01102;VG00278;VE002;859;38
RV01103;VG01366;VE037;908;261
RV01104;VG03455;VE048;84;705
RV01105;VG03582;VE027;242;358
RV01106;VG03803;VE040;285;35
RV01107;VG03166;VE026;1136;248
RV01108;VG03010;VE028;464;27
RV01109;VG03324;VE028;461;90
RV01110;VG02054;VE062;461;233
RV01111;VG02560;VE004;894;1109
RV01112;VG03720;VE033;1017;185
RV01113;VG02165;VE061;1029;139
RV01114;VG03721;VE031;771;1169
RV01115;VG02881;VE057;726;866
RV01116;VG00566;VE068;566;1292
RV01117;VG01117;VE053;757;451
RV01118;VG00257;VE047;937;1224
RV01119;VG01184;VE015;695;471
RV01120;VG01432;VE070;674;578
RV01121;VG01982;VE046;939;105
RV01122;VG03388;VE019;156;1019
RV01123;VG01847;VE013;114;980
RV01124;VG01591;VE038;443;881
RV01125;VG00565;VE007;488;171
RV01126;VG01917;VE021;449;179
RV01127;VG01410;VE028;453;876
RV01128;VG03961;VE007;772;1277
RV01129;VG04009;VE037;805;804
RV01130;VG02617;VE026;127;194
RV01131;VG01605;VE013;1164;493
RV01132;VG00518;VE063;1118;1277
RV01133;VG00043;VE043;730;896
RV01134;VG02982;VE032;925;286
RV01135;VG01574;VE011;694;984
RV01136;VG03405;VE002;502;1227
RV01137;VG02468;VE030;406;89
RV01138;VG03425;VE030;171;856
RV01139;VG03480;VE023;303;1016
RV01140;VG01922;VE016;541;775
RV01141;VG00588;VE034;546;116
RV01142;VG01515;VE004;856;460
RV01143;VG00620;VE013;367;306
RV01144;VG01253;VE043;287;1006
RV01145;VG01046;VE062;131;347
RV01146;VG03517;VE067;784;453
RV01147;VG02063;VE055;396;914
RV01148;VG02797;VE009;284;509
RV01149;VG00006;VE060;170;1165
RV01150;VG02299;VE010;758;763
RV01151;VG00589;VE038;976;1213
RV01152;VG02545;VE019;1027;1010
RV01153;VG03525;VE027;531;1118
RV01154;VG02844;VE042;696;419
RV01155;VG00575;VE070;152;601
RV01156;VG03725;VE008;629;960
RV01157;VG00723;VE060;531;638
RV01158;VG00942;VE009;944;1080
RV01159;VG01563;VE020;801;549
RV01160;VG00934;VE052;530;87
RV01161;VG03508;VE045;651;1063
RV01162;VG00667;VE003;56;934
RV01163;VG01500;VE044;956;1238
RV01164;VG03157;VE048;464;98
RV01165;VG03178;VE015;1057;1122
RV01166;VG01321;VE049;394;451
RV01167;VG03498;VE051;105;934
RV01168;VG00001;VE048;370;178
RV01169;VG01622;VE064;69;1219
RV01170;VG01938;VE020;735;794
RV01171;VG00409;VE023;990;154
RV01172;VG02962;VE057;180;1043
RV01173;VG00078;VE053;1170;437
RV01174;VG00150;VE048;715;941
RV01175;VG03791;VE019;296;437
RV01176;VG03229;VE034;520;110
RV01177;VG00405;VE030;575;1269
RV01178;VG00963;VE069;313;461
RV01179;VG01146;VE047;1177;478
RV01180;VG01559;VE005;1158;280
RV01181;VG02077;VE026;847;452
RV01182;VG01591;VE021;483;612
RV01183;VG01765;VE058;70;786
RV01184;VG01646;VE036;147;575
RV01185;VG02086;VE053;169;1292
RV01186;VG01236;VE063;462;187
RV01187;VG02286;VE064;631;262
RV01188;VG01309;VE010;329;782
RV01189;VG01598;VE005;782;1116
RV01190;VG02357;VE068;838;1096
RV01191;VG01342;VE040;497;1289
RV01192;VG00276;VE066;928;62
RV01193;VG01497;VE011;352;809
RV01194;VG02895;VE024;1085;777
RV01195;VG01999;VE043;341;1228
RV01196;VG01000;VE038;241;1249
RV01197;VG02517;VE006;115;416
RV01198;VG00179;VE040;897;569
RV01199;VG02527;VE041;717;875
RV01200;VG02309;VE047;742;538
RV01201;VG00129;VE058;824;697
RV01202;VG03706;VE041;969;812
RV01203;VG00403;VE039;1145;472
RV01204;VG01346;VE023;168;848
RV01205;VG01688;VE015;607;1081
RV01206;VG02068;VE049;225;1274
RV01207;VG03467;VE048;411;752
RV01208;VG04107;VE035;645;438
RV01209;VG00089;VE010;989;1152
RV01210;VG02526;VE010;714;550
RV01211;VG02494;VE052;798;373
RV01212;VG00942;VE059;211;271
RV01213;VG01048;VE060;965;616
RV01214;VG00515;VE011;199;950
RV01215;VG00510;VE012;898;708
RV01216;VG01849;VE001;433;1206
RV01217;VG01031;VE014;1115;582
RV01218;VG01381;VE038;356;200
RV01219;VG03359;VE031;659;960
RV01220;VG00322;VE009;430;822
RV01221;VG00144;VE050;22;490
RV01222;VG02272;VE050;98;1215
RV01223;VG03058;VE068;359;904
RV01224;VG04042;VE025;861;645
RV01225;VG03521;VE017;321;304
RV01226;VG01791;VE052;498;714
RV01227;VG03064;VE025;125;1033
RV01228;VG02673;VE067;829;471
RV01229;VG02365;VE038;1185;682
RV01230;VG01608;VE057;37;694
RV01231;VG01012;VE027;1010;638
RV01232;VG03588;VE026;489;583
RV01233;VG00672;VE056;490;178
RV01234;VG01312;VE044;325;47
RV01235;VG00855;VE014;217;606
RV01236;VG02245;VE026;616;652
RV01237;VG01144;VE057;902;319
RV01238;VG00314;VE034;206;252
RV01239;VG04004;VE063;1050;692
RV01240;VG02132;VE047;997;872
RV01241;VG03476;VE010;195;1174
RV01242;VG03432;VE064;66;353
RV01243;VG02656;VE034;1053;1160
RV01244;VG01297;VE062;577;744
RV01245;VG03563;VE047;1010;768
RV01246;VG01605;VE012;623;652
RV01247;VG00786;VE069;626;1298
RV01248;VG01680;VE005;1153;997
RV01249;VG00708;VE027;867;1036
RV01250;VG01307;VE009;329;1255
RV01251;VG01987;VE046;585;556
RV01252;VG03913;VE035;266;372
RV01253;VG00036;VE061;1151;464
RV01254;VG03286;VE067;953;795
RV01255;VG02413;VE010;663;402
RV01256;VG03101;VE061;81;583
RV01257;VG00420;VE020;625;941
RV01258;VG01681;VE034;151;968
RV01259;VG02106;VE004;722;94
RV01260;VG01225;VE007;251;448
RV01261;VG00769;VE006;220;365
RV01262;VG02747;VE067;446;969
RV01263;VG01127;VE004;1024;159
RV01264;VG00891;VE015;839;277
RV01265;VG02719;VE032;124;598
RV01266;VG01929;VE056;726;914
RV01267;VG01548;VE058;517;794
RV01268;VG02539;VE025;557;174
RV01269;VG02868;VE065;432;412
RV01270;VG02138;VE022;142;566
RV01271;VG03829;VE019;1109;465
RV01272;VG01439;VE034;279;29
RV01273;VG03074;VE035;1178;1053
RV01274;VG02922;VE005;577;172
RV01275;VG00766;VE007;136;1006
RV01276;VG03764;VE015;174;70
RV01277;VG04142;VE036;247;193
RV01278;VG02340;VE063;434;901
RV01279;VG04157;VE055;1131;673
RV01280;VG03501;VE017;353;107
RV01281;VG03492;VE031;416;1225
RV01282;VG02728;VE007;519;1071
RV01283;VG03280;VE062;470;479
RV01284;VG02803;VE018;352;810
RV01285;VG01619;VE020;739;807
RV01286;VG00749;VE053;641;1251
RV01287;VG03819;VE064;982;370
RV01288;VG01416;VE013;650;1151
RV01289;VG01334;VE063;1017;657
RV01290;VG00025;VE054;874;495
RV01291;VG00117;VE041;687;295
RV01292;VG02649;VE019;758;1049
RV01293;VG00081;VE017;256;494
RV01294;VG02925;VE013;700;515
RV01295;VG01024;VE012;429;342
RV01296;VG02977;VE050;599;759
RV01297;VG03033;VE029;887;453
RV01298;VG00011;VE051;977;374
RV01299;VG03517;VE005;547;28
RV01300;VG03933;VE037;136;367
RV01301;VG01033;VE060;785;905
RV01302;VG02467;VE020;625;629
RV01303;VG02764;VE034;434;254
RV01304;VG02821;VE052;141;151
RV01305;VG01297;VE063;68;1256
RV01306;VG02376;VE016;626;944
RV01307;VG02096;VE021;1155;1141
RV01308;VG02359;VE019;1112;664
RV01309;VG04180;VE058;1057;892
RV01310;VG02139;VE059;1190;404
RV01311;VG01259;VE066;306;696
RV01312;VG04107;VE053;791;48
RV01313;VG02771;VE014;303;1180
RV01314;VG04019;VE070;1084;90
RV01315;VG01129;VE067;1088;1028
RV01316;VG03107;VE008;448;1118
RV01317;VG02897;VE008;682;896
RV01318;VG03738;VE024;1060;942
RV01319;VG00288;VE005;364;803
RV01320;VG03706;VE069;765;333
RV01321;VG03368;VE051;1187;568
RV01322;VG03706;VE016;595;1185
RV01323;VG00451;VE001;344;692
RV01324;VG00450;VE016;338;790
RV01325;VG01730;VE041;1157;600
RV01326;VG00485;VE020;1127;135
RV01327;VG00691;VE042;365;827
RV01328;VG00429;VE015;30;224
RV01329;VG00070;VE001;757;1290
RV01330;VG01040;VE063;353;41
RV01331;VG01282;VE047;52;1168
RV01332;VG01707;VE066;403;942
RV01333;VG01442;VE022;878;234
RV01334;VG03335;VE007;252;728
RV01335;VG00784;VE052;525;1154
RV01336;VG01959;VE005;1176;733
RV01337;VG00732;VE006;1166;1271
RV01338;VG00903;VE064;593;191
RV01339;VG01712;VE050;527;1117
RV01340;VG02716;VE042;319;847
RV01341;VG03011;VE004;1161;147
RV01342;VG00915;VE060;817;411
RV01343;VG02656;VE057;875;204
RV01344;VG02118;VE020;932;510
RV01345;VG00716;VE062;854;531
RV01346;VG00504;VE017;125;1218
RV01347;VG02630;VE022;573;160
RV01348;VG02769;VE069;470;503
RV01349;VG00954;VE018;834;608
RV01350;VG00945;VE056;121;474
RV01351;VG00716;VE066;540;536
RV01352;VG02976;VE013;774;434
RV01353;VG02142;VE042;664;662
RV01354;VG03103;VE051;971;694
RV01355;VG01030;VE005;737;860
RV01356;VG00149;VE040;415;1113
RV01357;VG04094;VE002;391;580
RV01358;VG03489;VE069;344;1131
RV01359;VG00209;VE043;304;467
RV01360;VG02170;VE019;369;1287
RV01361;VG01955;VE043;133;502
RV01362;VG03163;VE004;724;302
RV01363;VG02783;VE031;829;522
RV01364;VG00739;VE051;558;182
RV01365;VG03985;VE015;1097;81
RV01366;VG00289;VE021;1152;812
RV01367;VG00618;VE041;974;465
RV01368;VG00218;VE048;882;197
RV01369;VG02634;VE043;120;716
RV01370;VG02732;VE001;1158;237
RV01371;VG01138;VE036;473;637
RV01372;VG01151;VE011;886;83
RV01373;VG01465;VE037;92;575
RV01374;VG00930;VE005;972;711
RV01375;VG03597;VE060;1117;801
RV01376;VG03399;VE033;304;1256
RV01377;VG02090;VE002;28;1216
RV01378;VG03964;VE024;728;466
RV01379;VG00956;VE004;952;602
RV01380;VG01277;VE028;519;731
RV01381;VG00648;VE044;304;824
RV01382;VG00479;VE008;674;243
RV01383;VG02515;VE008;106;971
RV01384;VG02222;VE013;246;294
RV01385;VG04158;VE015;859;865
RV01386;VG01226;VE040;412;1023
RV01387;VG03264;VE005;800;815
RV01388;VG03540;VE062;20;282
RV01389;VG02251;VE014;950;280
RV01390;VG01659;VE020;432;173
RV01391;VG00479;VE020;22;73
RV01392;VG00442;VE021;25;737
RV01393;VG00647;VE052;472;667
RV01394;VG02245;VE006;984;185
RV01395;VG02352;VE045;1090;1008
RV01396;VG03700;VE052;728;389
RV01397;VG02885;VE013;1041;43
RV01398;VG01732;VE061;845;1226
RV01399;VG04134;VE030;816;497
RV01400;VG00450;VE050;64;775
RV01401;VG02616;VE010;491;826
RV01402;VG00647;VE021;470;756
RV01403;VG01009;VE008;710;1292
RV01404;VG00050;VE070;833;311
RV01405;VG02488;VE029;1079;210
RV01406;VG04144;VE064;602;157
RV01407;VG02128;VE033;1029;920
RV01408;VG02182;VE070;1038;1055
RV01409;VG01340;VE038;265;303
RV01410;VG03390;VE010;1095;1189
RV01411;VG02993;VE017;946;511
RV01412;VG00962;VE007;1099;418
RV01413;VG01076;VE036;36;1263
RV01414;VG00801;VE059;570;454
RV01415;VG03177;VE016;289;721
RV01416;VG02508;VE069;231;365
RV01417;VG02129;VE021;1045;155
RV01418;VG03967;VE005;366;773
RV01419;VG00557;VE035;762;848
RV01420;VG00464;VE003;331;1182
RV01421;VG03136;VE059;214;862
RV01422;VG01903;VE008;414;1218
RV01423;VG04077;VE043;725;398
RV01424;VG02549;VE028;674;801
RV01425;VG01322;VE041;499;188
RV01426;VG00585;VE035;1127;820
RV01427;VG01730;VE002;636;552
RV01428;VG02519;VE006;692;1018
RV01429;VG03659;VE051;1053;494
RV01430;VG02226;VE064;459;1198
RV01431;VG04166;VE006;624;467
RV01432;VG04004;VE034;613;46
RV01433;VG01088;VE050;286;288
RV01434;VG03854;VE009;350;441
RV01435;VG03449;VE056;89;837
RV01436;VG04114;VE058;1012;888
RV01437;VG01024;VE055;1073;1065
RV01438;VG02167;VE038;88;1130
RV01439;VG01740;VE002;241;958
RV01440;VG01664;VE041;1097;322
RV01441;VG02695;VE005;90;797
RV01442;VG01625;VE035;285;523
RV01443;VG03847;VE030;521;1275
RV01444;VG04035;VE022;188;1274
RV01445;VG03598;VE048;81;335
RV01446;VG02986;VE066;659;1292
RV01447;VG02239;VE058;694;348
RV01448;VG03837;VE064;852;179
RV01449;VG02779;VE050;963;534
RV01450;VG03967;VE022;837;737
RV01451;VG01948;VE044;1012;341
RV01452;VG03526;VE010;1154;1193
RV01453;VG01203;VE053;1081;292
RV01454;VG02132;VE013;1179;1128
RV01455;VG03824;VE066;972;630
RV01456;VG03874;VE017;404;923
RV01457;VG03457;VE067;1099;366
RV01458;VG03746;VE064;114;923
RV01459;VG02389;VE007;845;590
RV01460;VG03786;VE056;496;1077
RV01461;VG03896;VE038;386;968
RV01462;VG03288;VE003;608;970
RV01463;VG03477;VE058;527;734
RV01464;VG01391;VE069;976;345
RV01465;VG03085;VE012;641;990
RV01466;VG03922;VE031;701;1200
RV01467;VG02490;VE053;643;137
RV01468;VG04194;VE007;658;365
RV01469;VG01763;VE064;853;801
RV01470;VG00139;VE062;242;203
RV01471;VG01786;VE045;847;588
RV01472;VG01201;VE006;575;658
RV01473;VG02961;VE046;295;921
RV01474;VG02193;VE036;175;834
RV01475;VG00401;VE040;916;561
RV01476;VG03094;VE034;1044;264
RV01477;VG01321;VE066;858;224
RV01478;VG03253;VE024;108;1220
RV01479;VG04084;VE011;354;318
RV01480;VG01755;VE007;155;575
RV01481;VG00683;VE009;463;1047
RV01482;VG01524;VE005;410;498
RV01483;VG01148;VE025;57;391
RV01484;VG03949;VE030;268;236
RV01485;VG03793;VE016;969;778
RV01486;VG00548;VE019;1060;253
RV01487;VG03260;VE046;479;1094
RV01488;VG03874;VE017;583;599
RV01489;VG00779;VE038;555;651
RV01490;VG03865;VE023;219;1173
RV01491;VG03503;VE043;1009;191
RV01492;VG01940;VE031;1048;938
RV01493;VG03668;VE036;1146;222
RV01494;VG00386;VE054;841;340
RV01495;VG01849;VE037;1119;821
RV01496;VG02704;VE046;449;994
RV01497;VG03332;VE069;25;920
RV01498;VG03618;VE027;691;802
RV01499;VG03125;VE062;327;859
RV01500;VG02399;VE012;208;938
RV01501;VG01761;VE060;1146;591
RV01502;VG02687;VE018;856;1160
RV01503;VG01703;VE042;46;1120
RV01504;VG03968;VE025;183;377
RV01505;VG02782;VE061;935;542
RV01506;VG00967;VE020;430;1036
RV01507;VG01923;VE024;345;981
RV01508;VG00026;VE038;656;311
RV01509;VG00938;VE047;706;848
RV01510;VG02364;VE015;69;125
RV01511;VG01510;VE042;309;1018
RV01512;VG03886;VE014;456;317
RV01513;VG03449;VE036;1112;1074
RV01514;VG01536;VE014;451;864
RV01515;VG02859;VE068;718;1221
RV01516;VG03161;VE069;550;76
RV01517;VG03110;VE025;837;282
RV01518;VG00606;VE046;599;825
RV01519;VG02904;VE034;764;240
RV01520;VG02445;VE030;696;1018
RV01521;VG00564;VE039;741;818
RV01522;VG01544;VE070;1005;1128
RV01523;VG03582;VE030;1115;107
RV01524;VG03624;VE020;560;680
RV01525;VG03982;VE014;828;838
RV01526;VG00799;VE017;201;319
RV01527;VG02042;VE037;118;905
RV01528;VG01207;VE070;631;1139
RV01529;VG01289;VE059;378;871
RV01530;VG01491;VE010;41;485
RV01531;VG01417;VE054;1011;1034
RV01532;VG00019;VE011;351;535
RV01533;VG02115;VE049;1077;777
RV01534;VG04083;VE063;318;949
RV01535;VG03521;VE003;309;1221
RV01536;VG01951;VE059;852;581
RV01537;VG02340;VE014;827;718
RV01538;VG01956;VE032;263;874
RV01539;VG03835;VE033;1094;30
RV01540;VG01290;VE067;992;854
RV01541;VG02262;VE064;550;77
RV01542;VG02489;VE018;541;1000
RV01543;VG01324;VE003;709;308
RV01544;VG01180;VE048;834;926
RV01545;VG03569;VE035;558;517
RV01546;VG03655;VE025;596;792
RV01547;VG01035;VE025;700;465
RV01548;VG00050;VE002;504;491
RV01549;VG01163;VE049;82;340
RV01550;VG00150;VE063;453;876
RV01551;VG03378;VE040;754;542
RV01552;VG03452;VE059;1097;651
RV01553;VG03118;VE008;1054;155
RV01554;VG00128;VE054;574;921
RV01555;VG02915;VE066;220;805
RV01556;VG01689;VE008;162;235
RV01557;VG01185;VE031;365;410
RV01558;VG00104;VE027;1169;443
RV01559;VG03061;VE039;937;1053
RV01560;VG03818;VE069;448;1158
RV01561;VG02077;VE009;327;1164
RV01562;VG01919;VE021;676;986
RV01563;VG02614;VE043;318;938
RV01564;VG03480;VE061;22;812
RV01565;VG00941;VE052;674;83
RV01566;VG00223;VE024;107;255
RV01567;VG02954;VE018;640;834
RV01568;VG03953;VE069;570;152
RV01569;VG01757;VE043;183;839
RV01570;VG01453;VE060;172;555
RV01571;VG00533;VE020;618;509
RV01572;VG00283;VE027;363;678
RV01573;VG01663;VE026;314;1064
RV01574;VG03753;VE033;198;556
RV01575;VG04119;VE047;726;777
RV01576;VG00010;VE063;490;1193
RV01577;VG04026;VE054;195;526
RV01578;VG03929;VE004;398;803
RV01579;VG02933;VE059;773;790
RV01580;VG03913;VE016;416;763
RV01581;VG00096;VE036;424;1225
RV01582;VG02561;VE055;281;718
RV01583;VG03115;VE021;1189;146
RV01584;VG02310;VE033;295;955
RV01585;VG00552;VE035;687;1295
RV01586;VG01909;VE032;1160;642
RV01587;VG00301;VE061;251;1074
RV01588;VG00175;VE012;1151;331
RV01589;VG00575;VE030;968;832
RV01590;VG03096;VE051;42;442
RV01591;VG03267;VE033;1053;647
RV01592;VG01614;VE011;769;469
RV01593;VG02403;VE052;289;357
RV01594;VG02845;VE012;383;549
RV01595;VG02791;VE028;376;687
RV01596;VG00404;VE047;532;285
RV01597;VG00182;VE014;124;1135
RV01598;VG03470;VE046;883;602
RV01599;VG03944;VE022;420;922
RV01600;VG02559;VE003;249;21
RV01601;VG03431;VE029;591;810
RV01602;VG00393;VE011;55;1021
RV01603;VG03483;VE031;870;906
RV01604;VG03624;VE047;353;588
RV01605;VG02576;VE018;866;232
RV01606;VG01223;VE021;760;309
RV01607;VG01685;VE054;433;360
RV01608;VG04117;VE024;477;1269
RV01609;VG01583;VE034;1170;48
RV01610;VG00561;VE042;542;600
RV01611;VG00562;VE025;811;829
RV01612;VG01031;VE051;1127;606
RV01613;VG01034;VE030;723;543
RV01614;VG02423;VE029;546;262
RV01615;VG00804;VE048;592;1150
RV01616;VG01542;VE050;560;334
RV01617;VG01940;VE050;948;1248
RV01618;VG02002;VE006;882;955
RV01619;VG01275;VE041;1077;1067
RV01620;VG00933;VE068;69;485
RV01621;VG01257;VE025;1109;180
RV01622;VG03783;VE029;371;203
RV01623;VG02354;VE037;140;195
RV01624;VG00864;VE040;345;311
RV01625;VG03451;VE027;1020;978
RV01626;VG03192;VE041;828;106
RV01627;VG03937;VE021;104;466
RV01628;VG02903;VE054;86;547
RV01629;VG00079;VE020;1095;497
RV01630;VG01080;VE062;450;1297
RV01631;VG01061;VE063;575;822
RV01632;VG01488;VE055;648;1196
RV01633;VG02754;VE070;986;1001
RV01634;VG03564;VE045;338;849
RV01635;VG03569;VE038;519;103
RV01636;VG03769;VE030;816;191
RV01637;VG03945;VE010;326;899
RV01638;VG02438;VE023;26;1053
RV01639;VG04036;VE008;745;547
RV01640;VG01928;VE057;513;898
RV01641;VG02598;VE045;751;601
RV01642;VG03131;VE054;1054;1278
RV01643;VG03333;VE048;281;702
RV01644;VG04154;VE066;137;857
RV01645;VG00790;VE031;608;759
RV01646;VG01478;VE066;326;1176
RV01647;VG01345;VE020;416;224
RV01648;VG00140;VE040;931;325
RV01649;VG03387;VE038;1089;740
RV01650;VG01331;VE029;984;346
RV01651;VG01622;VE017;436;62
RV01652;VG00252;VE009;1165;485
RV01653;VG01512;VE048;332;500
RV01654;VG02347;VE032;138;758
RV01655;VG01372;VE011;646;1014
RV01656;VG03641;VE008;352;907
RV01657;VG03556;VE024;703;675
RV01658;VG04200;VE005;91;82
RV01659;VG02451;VE032;723;654
RV01660;VG02985;VE009;911;970
RV01661;VG02641;VE022;206;952
RV01662;VG01884;VE065;378;265
RV01663;VG03226;VE070;664;695
RV01664;VG00836;VE051;1061;125
RV01665;VG01951;VE060;1109;1230
RV01666;VG01047;VE046;722;124
RV01667;VG02132;VE054;1081;228
RV01668;VG03021;VE020;25;409
RV01669;VG03463;VE006;1164;773
RV01670;VG00338;VE030;604;360
RV01671;VG02234;VE057;258;636
RV01672;VG02792;VE062;937;734
RV01673;VG04151;VE032;607;912
RV01674;VG00485;VE050;1050;661
RV01675;VG02305;VE013;611;309
RV01676;VG00962;VE056;1116;984
RV01677;VG01260;VE051;547;947
RV01678;VG00759;VE061;558;892
RV01679;VG00720;VE002;417;138
RV01680;VG02270;VE029;901;1237
RV01681;VG01654;VE066;478;885
RV01682;VG02861;VE063;203;59
RV01683;VG00845;VE048;232;843
RV01684;VG02697;VE039;320;847
RV01685;VG01236;VE011;1162;460
RV01686;VG01896;VE068;1096;73
RV01687;VG03815;VE064;919;541
RV01688;VG00232;VE050;919;370
RV01689;VG01716;VE011;691;887
RV01690;VG00261;VE007;1003;244
RV01691;VG00478;VE056;647;55
RV01692;VG00174;VE057;1056;358
RV01693;VG02520;VE070;445;1129
RV01694;VG02268;VE009;576;486
RV01695;VG01721;VE030;251;315
RV01696;VG02795;VE024;573;488
RV01697;VG01546;VE033;563;133
RV01698;VG00669;VE047;840;32
RV01699;VG01171;VE004;812;97
RV01700;VG00527;VE060;718;651
RV01701;VG03285;VE031;164;150
RV01702;VG01402;VE057;89;203
RV01703;VG00752;VE061;1185;45
RV01704;VG02610;VE055;1026;405
RV01705;VG00246;VE012;332;641
RV01706;VG01452;VE041;1184;865
RV01707;VG02594;VE001;915;190
RV01708;VG02907;VE055;110;203
RV01709;VG00274;VE067;727;1218
RV01710;VG00837;VE028;62;934
RV01711;VG00520;VE010;826;1271
RV01712;VG02180;VE005;123;1212
RV01713;VG01422;VE021;1065;238
RV01714;VG01759;VE021;451;733
RV01715;VG04065;VE017;585;760
RV01716;VG03999;VE015;1073;316
RV01717;VG00107;VE044;652;133
RV01718;VG00502;VE028;491;884
RV01719;VG02431;VE049;681;1299
RV01720;VG03363;VE051;998;85
RV01721;VG00545;VE052;1150;790
RV01722;VG03788;VE069;1072;1188
RV01723;VG01131;VE032;145;659
RV01724;VG04175;VE002;912;507
RV01725;VG02489;VE062;656;631
RV01726;VG02256;VE033;736;708
RV01727;VG00444;VE033;1058;776
RV01728;VG02321;VE015;1084;301
RV01729;VG02950;VE006;774;71
RV01730;VG02982;VE011;587;322
RV01731;VG02450;VE030;566;267
RV01732;VG00783;VE006;87;101
RV01733;VG03721;VE066;479;643
RV01734;VG03100;VE066;94;736
RV01735;VG02332;VE047;189;858
RV01736;VG03472;VE066;22;801
RV01737;VG00429;VE047;169;1104
RV01738;VG02384;VE064;1161;97
RV01739;VG02614;VE058;651;807
RV01740;VG03147;VE004;740;432
RV01741;VG04033;VE005;577;815
RV01742;VG03764;VE064;390;1149
RV01743;VG01042;VE046;894;971
RV01744;VG01361;VE055;936;882
RV01745;VG00903;VE063;1047;758
RV01746;VG00339;VE048;106;776
RV01747;VG01685;VE007;182;1061
RV01748;VG02266;VE018;213;1274
RV01749;VG02551;VE035;1001;326
RV01750;VG02623;VE056;187;808
RV01751;VG01793;VE017;298;33
RV01752;VG00651;VE023;320;944
RV01753;VG01675;VE063;683;274
RV01754;VG02652;VE001;1038;568
RV01755;VG01746;VE052;352;1210
RV01756;VG03420;VE050;470;246
RV01757;VG00007;VE016;809;1202
RV01758;VG01758;VE056;151;854
RV01759;VG00738;VE053;908;199
RV01760;VG01993;VE012;1069;470
RV01761;VG00661;VE025;149;265
RV01762;VG00615;VE049;962;1047
RV01763;VG02403;VE062;901;452
RV01764;VG01387;VE066;52;866
RV01765;VG02562;VE039;931;255
RV01766;VG00454;VE061;226;1137
RV01767;VG01540;VE001;289;1042
RV01768;VG01843;VE050;254;862
RV01769;VG02275;VE001;468;315
RV01770;VG01289;VE002;709;769
RV01771;VG00430;VE023;376;936
RV01772;VG03463;VE018;625;288
RV01773;VG01832;VE014;523;1213
RV01774;VG03609;VE040;723;467
RV01775;VG03406;VE014;955;923
RV01776;VG00538;VE047;1084;1166
RV01777;VG02367;VE024;505;29
RV01778;VG02330;VE058;1156;917
RV01779;VG00316;VE030;254;722
RV01780;VG02140;VE067;934;438
RV01781;VG01440;VE025;311;1043
RV01782;VG03705;VE020;120;26
RV01783;VG00263;VE048;817;629
RV01784;VG03410;VE036;144;1192
RV01785;VG03319;VE056;654;529
RV01786;VG03745;VE055;758;34
RV01787;VG02341;VE015;1164;832
RV01788;VG01515;VE069;1043;643
RV01789;VG00884;VE011;843;575
RV01790;VG02189;VE020;909;774
RV01791;VG03773;VE017;423;991
RV01792;VG00241;VE002;1130;380
RV01793;VG03532;VE037;617;866
RV01794;VG02083;VE015;379;228
RV01795;VG02574;VE020;167;303
RV01796;VG02598;VE018;457;1074
RV01797;VG01226;VE068;1070;870
RV01798;VG00422;VE040;757;473
RV01799;VG00720;VE026;576;1171
RV01800;VG02413;VE014;106;1001
RV01801;VG02447;VE051;1159;566
RV01802;VG02341;VE006;1054;840
RV01803;VG00329;VE006;341;536
RV01804;VG03005;VE044;494;51
RV01805;VG01234;VE065;1107;61
RV01806;VG02844;VE022;461;417
RV01807;VG00601;VE036;108;925
RV01808;VG03097;VE010;442;302
RV01809;VG03364;VE030;46;270
RV01810;VG03370;VE040;1101;1071
RV01811;VG03283;VE048;767;114
RV01812;VG02670;VE008;1162;809
RV01813;VG01907;VE027;32;453
RV01814;VG02229;VE033;130;1202
RV01815;VG00511;VE048;1049;558
RV01816;VG02963;VE011;1161;784
RV01817;VG03647;VE002;187;716
RV01818;VG02182;VE040;411;275
RV01819;VG03749;VE053;931;1197
RV01820;VG01703;VE010;175;514
RV01821;VG03433;VE038;581;479
RV01822;VG01305;VE022;660;684
RV01823;VG01549;VE016;756;226
RV01824;VG00681;VE022;315;837
RV01825;VG00561;VE066;217;635
RV01826;VG03422;VE043;893;413
RV01827;VG02618;VE059;39;196
RV01828;VG00585;VE051;600;336
RV01829;VG02823;VE013;459;614
RV01830;VG01578;VE010;948;394
RV01831;VG03015;VE028;350;164
RV01832;VG04200;VE014;190;1174
RV01833;VG01986;VE003;990;78
RV01834;VG02257;VE038;614;1000
RV01835;VG00904;VE046;1009;759
RV01836;VG01080;VE003;797;858
RV01837;VG04133;VE044;999;936
RV01838;VG03135;VE012;1019;465
RV01839;VG00225;VE044;780;118
RV01840;VG03743;VE004;1192;434
RV01841;VG00459;VE062;352;1201
RV01842;VG01000;VE016;389;759
RV01843;VG03362;VE046;687;529
RV01844;VG00795;VE056;1114;1207
RV01845;VG01399;VE016;202;1274
RV01846;VG02722;VE045;698;214
RV01847;VG02495;VE020;295;681
RV01848;VG03718;VE035;1011;736
RV01849;VG03168;VE009;324;128
RV01850;VG03580;VE044;959;1190
RV01851;VG01059;VE048;181;119
RV01852;VG03734;VE032;592;806
RV01853;VG02527;VE010;57;468
RV01854;VG01581;VE042;1042;24
RV01855;VG00618;VE033;150;1186
RV01856;VG02143;VE016;478;106
RV01857;VG01921;VE046;1021;147
RV01858;VG04060;VE069;721;1167
RV01859;VG02330;VE028;526;41
RV01860;VG03864;VE020;168;1275
RV01861;VG00706;VE017;270;849
RV01862;VG00007;VE010;1194;924
RV01863;VG01691;VE065;641;539
RV01864;VG00079;VE033;841;405
RV01865;VG02783;VE026;922;1051
RV01866;VG01248;VE052;562;359
RV01867;VG04032;VE011;1196;754
RV01868;VG00243;VE030;227;1025
RV01869;VG02624;VE015;101;88
RV01870;VG01502;VE051;1110;584
RV01871;VG01379;VE012;278;821
RV01872;VG01068;VE050;86;1090
RV01873;VG01414;VE042;527;700
RV01874;VG04103;VE001;684;1209
RV01875;VG04147;VE026;212;943
RV01876;VG01853;VE007;761;192
RV01877;VG03022;VE056;537;200
RV01878;VG00737;VE040;671;340
RV01879;VG01770;VE003;1151;1296
RV01880;VG00725;VE057;773;918
RV01881;VG02415;VE046;938;1244
RV01882;VG04109;VE004;603;496
RV01883;VG03893;VE059;525;387
RV01884;VG03082;VE070;541;241
RV01885;VG00310;VE050;939;220
RV01886;VG03183;VE002;316;526
RV01887;VG04080;VE065;245;23
RV01888;VG03557;VE065;41;741
RV01889;VG01520;VE064;1030;1043
RV01890;VG03316;VE003;822;692
RV01891;VG02404;VE005;577;369
RV01892;VG02423;VE062;141;1125
RV01893;VG02924;VE055;726;922
RV01894;VG00571;VE005;194;388
RV01895;VG03541;VE043;1025;1278
RV01896;VG03126;VE054;553;738
RV01897;VG03553;VE056;1147;494
RV01898;VG01992;VE069;322;589
RV01899;VG01770;VE024;520;701
RV01900;VG03700;VE045;1003;403
RV01901;VG03988;VE031;1174;549
RV01902;VG01262;VE037;37;889
RV01903;VG01209;VE044;879;1156
RV01904;VG02480;VE023;972;570
RV01905;VG00770;VE064;1117;138
RV01906;VG04085;VE035;536;542
RV01907;VG00788;VE006;929;1056
RV01908;VG02944;VE051;143;645
RV01909;VG00171;VE002;258;545
RV01910;VG02954;VE054;725;621
RV01911;VG03962;VE004;254;1180
RV01912;VG00171;VE058;767;392
RV01913;VG02913;VE001;400;856
RV01914;VG02198;VE031;1015;989
RV01915;VG00582;VE021;997;88
RV01916;VG03183;VE047;638;730
RV01917;VG02893;VE052;781;1290
RV01918;VG03226;VE032;224;576
RV01919;VG03081;VE053;1094;269
RV01920;VG03079;VE028;290;1080
RV01921;VG00595;VE055;1086;138
RV01922;VG04070;VE048;1176;1104
RV01923;VG02708;VE061;938;704
RV01924;VG03760;VE036;322;768
RV01925;VG00154;VE052;1178;1193
RV01926;VG02057;VE018;400;1027
RV01927;VG02532;VE046;134;1128
RV01928;VG04078;VE036;432;880
RV01929;VG03707;VE008;991;701
RV01930;VG04039;VE067;1068;980
RV01931;VG01640;VE058;244;894
RV01932;VG02306;VE007;132;683
RV01933;VG03638;VE027;130;479
RV01934;VG02354;VE035;999;486
RV01935;VG03030;VE019;909;1148
RV01936;VG03582;VE007;949;1260
RV01937;VG00137;VE058;846;235
RV01938;VG03061;VE032;1198;344
RV01939;VG01163;VE010;410;660
RV01940;VG03937;VE055;592;348
RV01941;VG03661;VE010;879;902
RV01942;VG01723;VE068;141;909
RV01943;VG02607;VE031;740;863
RV01944;VG02250;VE006;963;128
RV01945;VG01632;VE021;77;44
RV01946;VG01792;VE039;959;649
RV01947;VG03432;VE063;501;1058
RV01948;VG03716;VE059;372;645
RV01949;VG01096;VE011;1102;443
RV01950;VG03060;VE019;123;875
RV01951;VG01240;VE043;145;793
RV01952;VG03653;VE017;574;404
RV01953;VG00024;VE003;1179;213
RV01954;VG01151;VE027;278;517
RV01955;VG00169;VE035;391;976
RV01956;VG02051;VE054;234;388
RV01957;VG00199;VE056;213;551
RV01958;VG00599;VE017;217;333
RV01959;VG02751;VE014;1049;837
RV01960;VG03602;VE031;340;410
RV01961;VG00494;VE023;662;394
RV01962;VG04107;VE058;946;1183
RV01963;VG03034;VE005;891;443
RV01964;VG02568;VE039;608;1256
RV01965;VG02981;VE023;1109;1094
RV01966;VG02738;VE038;580;1253
RV01967;VG02967;VE068;612;733
RV01968;VG01536;VE047;677;406
RV01969;VG03104;VE018;836;39
RV01970;VG00311;VE026;622;781
RV01971;VG00085;VE056;1071;601
RV01972;VG00769;VE024;881;777
RV01973;VG01469;VE012;810;1024
RV01974;VG01083;VE029;96;513
RV01975;VG03327;VE033;108;136
RV01976;VG00352;VE035;921;908
RV01977;VG03786;VE067;558;350
RV01978;VG01497;VE022;937;1293
RV01979;VG00932;VE013;544;1264
RV01980;VG02094;VE010;624;666
RV01981;VG00671;VE068;849;784
RV01982;VG02724;VE063;541;1004
RV01983;VG00940;VE001;1042;95
RV01984;VG00241;VE060;184;990
RV01985;VG00488;VE038;1015;28
RV01986;VG00421;VE014;869;1002
RV01987;VG00932;VE028;737;429
RV01988;VG02480;VE006;981;896
RV01989;VG02298;VE003;188;938
RV01990;VG02081;VE011;420;1204
RV01991;VG00912;VE028;922;687
RV01992;VG00532;VE044;546;463
RV01993;VG01806;VE011;794;1182
RV01994;VG01355;VE034;918;884
RV01995;VG02501;VE045;453;462
RV01996;VG01337;VE031;1020;1178
RV01997;VG02882;VE029;246;236
RV01998;VG04043;VE050;38;1169
RV01999;VG00050;VE036;818;616
RV02000;VG03909;VE054;690;1244
RV02001;VG04124;VE033;268;803
RV02002;VG03271;VE043;843;404
RV02003;VG01954;VE047;373;1237
RV02004;VG02417;VE026;590;215
RV02005;VG01155;VE039;454;118
RV02006;VG02412;VE041;359;744
RV02007;VG03703;VE047;223;37
RV02008;VG03609;VE026;471;1152
RV02009;VG01500;VE001;709;800
RV02010;VG02210;VE035;807;526
RV02011;VG04003;VE011;193;492
RV02012;VG03804;VE032;469;173
RV02013;VG00371;VE045;1021;479
RV02014;VG02504;VE064;831;579
RV02015;VG02464;VE055;621;1296
RV02016;VG01817;VE026;534;901
RV02017;VG01442;VE024;800;1259
RV02018;VG03406;VE011;378;741
RV02019;VG03990;VE023;761;395
RV02020;VG02541;VE038;1056;1012
RV02021;VG01405;VE030;840;1118
RV02022;VG03607;VE044;939;913
RV02023;VG03620;VE008;42;111
RV02024;VG01268;VE001;1037;887
RV02025;VG00122;VE019;763;682
RV02026;VG01811;VE051;624;549
RV02027;VG03302;VE043;647;373
RV02028;VG01748;VE053;946;814
RV02029;VG01868;VE065;135;130
RV02030;VG01623;VE059;530;136
RV02031;VG01089;VE069;128;69
RV02032;VG02988;VE003;518;107
RV02033;VG02332;VE068;135;939
RV02034;VG00521;VE043;1146;100
RV02035;VG01012;VE039;472;1202
RV02036;VG01577;VE033;1129;1124
RV02037;VG00940;VE007;217;139
RV02038;VG03070;VE009;1106;209
RV02039;VG04041;VE013;108;518
RV02040;VG03697;VE048;909;1160
RV02041;VG00910;VE055;849;933
RV02042;VG03366;VE060;862;1047
RV02043;VG01911;VE053;165;33
RV02044;VG00454;VE068;429;427
RV02045;VG00094;VE048;421;692
RV02046;VG03112;VE038;347;805
RV02047;VG01522;VE053;392;54
RV02048;VG03682;VE002;58;1264
RV02049;VG00198;VE061;882;1253
RV02050;VG03128;VE002;554;1159
RV02051;VG02122;VE028;152;671
RV02052;VG03889;VE069;85;122
RV02053;VG00450;VE053;303;1105
RV02054;VG00836;VE018;1090;421
RV02055;VG00576;VE045;703;845
RV02056;VG01477;VE032;509;252
RV02057;VG01515;VE049;699;710
RV02058;VG03530;VE051;228;1147
RV02059;VG01290;VE055;651;718
RV02060;VG01820;VE068;1072;305
RV02061;VG03575;VE055;290;1281
RV02062;VG00761;VE010;859;1090
RV02063;VG01106;VE063;659;116
RV02064;VG01510;VE034;853;934
RV02065;VG00015;VE024;936;644
RV02066;VG00941;VE050;299;331
RV02067;VG01663;VE008;842;336
RV02068;VG01711;VE013;489;501
RV02069;VG02838;VE042;961;217
RV02070;VG01500;VE004;634;1219
RV02071;VG03802;VE070;140;1020
RV02072;VG01133;VE017;698;817
RV02073;VG00545;VE021;238;744
RV02074;VG04196;VE026;328;1138
RV02075;VG01234;VE015;202;519
RV02076;VG00199;VE005;822;1289
RV02077;VG02298;VE047;205;482
RV02078;VG00948;VE001;795;526
RV02079;VG02764;VE023;708;760
RV02080;VG01119;VE017;534;556
RV02081;VG01290;VE025;782;998
RV02082;VG02624;VE049;926;831
RV02083;VG01797;VE022;1092;404
RV02084;VG02347;VE060;1042;338
RV02085;VG01434;VE068;399;491
RV02086;VG01032;VE046;932;815
RV02087;VG00361;VE055;1050;749
RV02088;VG02552;VE070;819;987
RV02089;VG02290;VE055;1106;1291
RV02090;VG00764;VE022;963;316
RV02091;VG02917;VE034;1194;879
RV02092;VG03130;VE044;540;259
RV02093;VG00442;VE008;164;608
RV02094;VG03619;VE027;498;1181
RV02095;VG01909;VE002;1044;1175
RV02096;VG02771;VE047;290;1074
RV02097;VG03148;VE060;1084;77
RV02098;VG04034;VE063;323;786
RV02099;VG04015;VE065;244;1047
RV02100;VG03341;VE014;902;1219
RV02101;VG00982;VE044;324;1192
RV02102;VG01291;VE036;175;192
RV02103;VG00352;VE070;919;530
RV02104;VG01907;VE064;1091;55
RV02105;VG02301;VE054;823;737
RV02106;VG00417;VE057;1032;865
RV02107;VG01998;VE030;702;48
RV02108;VG01508;VE022;1095;991
RV02109;VG01882;VE033;923;714
RV02110;VG02978;VE066;1011;861
RV02111;VG02856;VE014;869;644
RV02112;VG04016;VE023;1063;747
RV02113;VG01030;VE027;684;1035
RV02114;VG00261;VE047;364;550
RV02115;VG02322;VE043;163;785
RV02116;VG00884;VE060;454;366
RV02117;VG02701;VE011;1144;55
RV02118;VG00331;VE011;607;335
RV02119;VG00029;VE021;893;1195
RV02120;VG00719;VE010;642;915
RV02121;VG03179;VE070;582;902
RV02122;VG02937;VE070;899;177
RV02123;VG00047;VE050;351;1090
RV02124;VG03280;VE068;528;1014
RV02125;VG02666;VE070;195;264
RV02126;VG03999;VE041;65;929
RV02127;VG02503;VE001;871;545
RV02128;VG03226;VE020;414;213
RV02129;VG03175;VE052;1152;547
RV02130;VG03375;VE032;989;276
RV02131;VG00888;VE050;210;69
RV02132;VG01336;VE066;1195;371
RV02133;VG02724;VE065;433;1240
RV02134;VG03814;VE049;1195;202
RV02135;VG01068;VE031;51;1285
RV02136;VG00453;VE014;234;558
RV02137;VG03939;VE037;256;331
RV02138;VG03452;VE069;164;1128
RV02139;VG03212;VE002;803;983
RV02140;VG04198;VE069;272;658
RV02141;VG02828;VE070;1146;815
RV02142;VG02012;VE006;257;1077
RV02143;VG00188;VE005;892;1251
RV02144;VG01157;VE043;543;299
RV02145;VG01544;VE048;649;634
RV02146;VG00155;VE007;612;348
RV02147;VG00284;VE002;1177;546
RV02148;VG03500;VE005;647;388
RV02149;VG01013;VE068;618;528
RV02150;VG03045;VE031;604;259
RV02151;VG02736;VE020;569;613
RV02152;VG04184;VE044;1065;1005
RV02153;VG04057;VE029;927;1113
RV02154;VG00932;VE012;1114;202
RV02155;VG04040;VE053;708;884
RV02156;VG02061;VE007;48;1213
RV02157;VG01016;VE009;478;209
RV02158;VG04197;VE053;1025;1295
RV02159;VG01854;VE068;121;147
RV02160;VG02072;VE029;419;783
RV02161;VG00330;VE058;336;465
RV02162;VG01626;VE058;79;803
RV02163;VG01334;VE021;799;655
RV02164;VG02819;VE027;856;1079
RV02165;VG00659;VE064;463;915
RV02166;VG03662;VE004;893;1094
RV02167;VG00187;VE061;995;543
RV02168;VG01992;VE008;808;556
RV02169;VG03733;VE022;293;578
RV02170;VG02393;VE040;888;968
RV02171;VG00162;VE027;489;119
RV02172;VG01760;VE008;734;916
RV02173;VG03341;VE037;305;784
RV02174;VG00163;VE065;1055;439
RV02175;VG04031;VE059;73;661
RV02176;VG01169;VE034;1055;126
RV02177;VG00757;VE037;474;323
RV02178;VG03597;VE034;295;928
RV02179;VG04146;VE041;243;139
RV02180;VG02168;VE006;243;666
RV02181;VG00182;VE052;593;1254
RV02182;VG03682;VE004;309;554
RV02183;VG02518;VE066;431;1236
RV02184;VG02901;VE068;63;410
RV02185;VG03888;VE066;575;542
RV02186;VG03553;VE051;1192;905
RV02187;VG02207;VE044;669;397
RV02188;VG01614;VE065;1103;536
RV02189;VG01984;VE005;648;756
RV02190;VG02526;VE069;990;782
RV02191;VG03977;VE042;232;561
RV02192;VG01994;VE005;267;145
RV02193;VG03249;VE052;461;89
RV02194;VG01342;VE003;426;195
RV02195;VG03854;VE010;937;1145
RV02196;VG02771;VE041;739;916
RV02197;VG01046;VE055;788;86
RV02198;VG02392;VE008;631;1043
RV02199;VG02253;VE024;713;1109
RV02200;VG02511;VE029;153;533
RV02201;VG00318;VE067;946;111
RV02202;VG01034;VE049;939;330
RV02203;VG02655;VE054;742;982
RV02204;VG01489;VE008;977;391
RV02205;VG02415;VE032;956;490
RV02206;VG00602;VE065;1165;292
RV02207;VG01411;VE021;138;376
RV02208;VG03831;VE042;105;1090
RV02209;VG00125;VE065;1097;1211
RV02210;VG00676;VE069;1070;863
RV02211;VG02874;VE016;918;583
RV02212;VG02630;VE067;81;730
RV02213;VG03284;VE031;181;1281
RV02214;VG02786;VE042;494;966
RV02215;VG03932;VE027;299;940
RV02216;VG01788;VE042;691;1182
RV02217;VG02761;VE034;995;557
RV02218;VG00379;VE001;1109;254
RV02219;VG00799;VE055;180;1220
RV02220;VG01161;VE002;217;336
RV02221;VG01122;VE029;380;26
RV02222;VG00421;VE014;600;1040
RV02223;VG00950;VE044;593;216
RV02224;VG00915;VE046;641;1225
RV02225;VG00707;VE060;485;740
RV02226;VG03176;VE030;369;922
RV02227;VG03596;VE032;112;650
RV02228;VG03961;VE051;484;29
RV02229;VG00174;VE067;1106;914
RV02230;VG03702;VE062;138;626
RV02231;VG00177;VE046;783;829
RV02232;VG00424;VE029;322;878
RV02233;VG00633;VE011;73;458
RV02234;VG03166;VE045;1004;672
RV02235;VG02485;VE052;721;1110
RV02236;VG04101;VE006;310;916
RV02237;VG01446;VE015;918;486
RV02238;VG01972;VE009;414;269
RV02239;VG00186;VE054;1098;202
RV02240;VG02774;VE070;90;35
RV02241;VG01642;VE031;285;71
RV02242;VG02578;VE044;556;506
RV02243;VG01055;VE038;471;1192
RV02244;VG00306;VE041;1110;191
RV02245;VG01483;VE040;266;1026
RV02246;VG03984;VE019;387;672
RV02247;VG01933;VE058;847;693
RV02248;VG03296;VE019;584;140
RV02249;VG02951;VE053;621;1141
RV02250;VG02514;VE056;82;1216
RV02251;VG03150;VE048;576;902
RV02252;VG00958;VE020;394;513
RV02253;VG01383;VE043;93;176
RV02254;VG01146;VE043;1164;894
RV02255;VG00391;VE012;652;797
RV02256;VG02638;VE052;611;901
RV02257;VG02534;VE015;490;1231
RV02258;VG01615;VE046;762;669
RV02259;VG01411;VE037;890;575
RV02260;VG02195;VE044;644;1037
RV02261;VG03700;VE038;444;74
RV02262;VG00587;VE056;1077;624
RV02263;VG01237;VE061;62;256
RV02264;VG01670;VE053;711;383
RV02265;VG02800;VE026;1194;60
RV02266;VG02985;VE046;350;287
RV02267;VG01869;VE008;254;100
RV02268;VG02015;VE019;837;619
RV02269;VG02029;VE027;594;1120
RV02270;VG01756;VE056;1171;230
RV02271;VG02129;VE059;605;553
RV02272;VG01301;VE033;755;939
RV02273;VG01896;VE011;628;999
RV02274;VG01396;VE034;690;150
RV02275;VG04178;VE070;352;956
RV02276;VG02043;VE056;783;709
RV02277;VG00676;VE026;601;98
RV02278;VG01127;VE052;615;835
RV02279;VG01580;VE022;1066;372
RV02280;VG01587;VE046;708;1134
RV02281;VG00640;VE005;1082;565
RV02282;VG02663;VE043;997;380
RV02283;VG03362;VE054;549;602
RV02284;VG00739;VE018;866;726
RV02285;VG00421;VE013;410;152
RV02286;VG00305;VE013;957;187
RV02287;VG00795;VE006;180;366
RV02288;VG02486;VE024;949;664
RV02289;VG01810;VE048;916;121
RV02290;VG02501;VE056;460;893
RV02291;VG01579;VE024;725;87
RV02292;VG02099;VE069;423;354
RV02293;VG00602;VE033;562;1107
RV02294;VG03348;VE052;650;224
RV02295;VG03541;VE056;162;1089
RV02296;VG02512;VE004;518;222
RV02297;VG00310;VE036;644;1192
RV02298;VG00456;VE004;388;597
RV02299;VG01458;VE021;53;66
RV02300;VG03029;VE009;590;828
RV02301;VG02951;VE034;694;306
RV02302;VG01575;VE064;591;1092
RV02303;VG04028;VE060;760;1251
RV02304;VG01150;VE002;1003;144
RV02305;VG02259;VE036;663;225
RV02306;VG03064;VE032;123;750
RV02307;VG03295;VE016;432;130
RV02308;VG03876;VE051;1105;523
RV02309;VG01637;VE056;398;571
RV02310;VG01968;VE055;981;48
RV02311;VG02147;VE052;883;646
RV02312;VG03219;VE001;1150;64
RV02313;VG00372;VE037;40;95
RV02314;VG03357;VE066;905;30
RV02315;VG01426;VE007;190;598
RV02316;VG02995;VE031;321;729
RV02317;VG02809;VE048;828;1249
RV02318;VG03251;VE065;720;1187
RV02319;VG03547;VE058;729;689
RV02320;VG01192;VE048;1150;168
RV02321;VG02178;VE043;98;749
RV02322;VG00691;VE052;410;556
RV02323;VG01293;VE064;740;46
RV02324;VG01305;VE040;443;342
RV02325;VG03517;VE020;1156;136
RV02326;VG00511;VE051;38;1121
RV02327;VG01650;VE052;264;536
RV02328;VG01340;VE054;316;1138
RV02329;VG02721;VE034;489;829
RV02330;VG02642;VE043;906;936
RV02331;VG03583;VE066;988;223
RV02332;VG00811;VE066;258;105
RV02333;VG03398;VE023;543;1053
RV02334;VG02125;VE018;252;960
RV02335;VG00456;VE022;1153;1034
RV02336;VG02003;VE003;535;233
RV02337;VG02369;VE040;227;1230
RV02338;VG01002;VE004;224;1118
RV02339;VG01245;VE057;356;172
RV02340;VG00614;VE023;381;1262
RV02341;VG00340;VE046;275;507
RV02342;VG01044;VE070;403;710
RV02343;VG01882;VE047;955;743
RV02344;VG02162;VE066;598;373
RV02345;VG01335;VE052;750;884
RV02346;VG02518;VE007;782;826
RV02347;VG04062;VE045;24;329
RV02348;VG00764;VE020;367;1164
RV02349;VG03874;VE026;322;424
RV02350;VG00927;VE015;68;483
RV02351;VG03856;VE036;577;1060
RV02352;VG02297;VE042;1086;279
RV02353;VG00928;VE024;690;1018
RV02354;VG02464;VE058;1168;985
RV02355;VG01670;VE048;1142;671
RV02356;VG01237;VE016;45;1136
RV02357;VG02721;VE012;784;892
RV02358;VG01309;VE029;917;570
RV02359;VG02505;VE009;139;762
RV02360;VG00394;VE011;1053;1072
RV02361;VG01855;VE029;143;893
RV02362;VG04177;VE005;693;245
RV02363;VG02863;VE061;296;199
RV02364;VG03313;VE006;89;908
RV02365;VG01614;VE047;366;103
RV02366;VG03962;VE056;419;691
RV02367;VG02626;VE063;67;505
RV02368;VG03767;VE036;615;784
RV02369;VG00432;VE044;551;347
RV02370;VG02020;VE061;774;640
RV02371;VG02576;VE066;137;436
RV02372;VG03391;VE039;784;640
RV02373;VG00605;VE003;1144;935
RV02374;VG03321;VE059;998;1263
RV02375;VG03271;VE042;564;539
RV02376;VG02866;VE049;217;928
RV02377;VG00612;VE011;545;511
RV02378;VG03472;VE001;884;466
RV02379;VG04137;VE045;143;734
RV02380;VG02105;VE002;248;63
RV02381;VG03609;VE064;271;1258
RV02382;VG02363;VE003;1028;779
RV02383;VG01901;VE029;1117;48
RV02384;VG03317;VE016;118;876
RV02385;VG02494;VE029;1166;433
RV02386;VG03117;VE044;935;1109
RV02387;VG02492;VE017;184;193
RV02388;VG00898;VE057;745;182
RV02389;VG03836;VE040;746;599
RV02390;VG02616;VE032;921;723
RV02391;VG00193;VE053;1107;667
RV02392;VG02656;VE011;535;78
RV02393;VG00757;VE060;1159;729
RV02394;VG01354;VE015;179;362
RV02395;VG02548;VE053;515;282
RV02396;VG03788;VE018;505;86
RV02397;VG03372;VE020;1093;754
RV02398;VG03895;VE037;1176;1200
RV02399;VG01389;VE039;376;687
RV02400;VG01118;VE046;602;423
RV02401;VG00654;VE002;672;1098
RV02402;VG01080;VE059;446;410
RV02403;VG00963;VE059;385;119
RV02404;VG01492;VE054;1039;1259
RV02405;VG04111;VE069;990;95
RV02406;VG02159;VE036;486;281
RV02407;VG01415;VE049;304;705
RV02408;VG02289;VE024;870;1153
RV02409;VG02159;VE001;610;477
RV02410;VG01454;VE043;674;1103
RV02411;VG02127;VE050;1044;404
RV02412;VG02294;VE035;812;796
RV02413;VG04172;VE015;1040;428
RV02414;VG00346;VE048;886;1260
RV02415;VG00133;VE029;587;487
RV02416;VG03159;VE001;503;424
RV02417;VG02171;VE040;652;208
RV02418;VG00571;VE035;889;970
RV02419;VG00939;VE002;1196;546
RV02420;VG03818;VE044;829;1098
RV02421;VG01742;VE024;1173;692
RV02422;VG02737;VE064;1127;744
RV02423;VG02649;VE048;1190;54
RV02424;VG01814;VE003;837;1191
RV02425;VG02797;VE024;1146;1172
RV02426;VG03214;VE047;41;960
RV02427;VG02102;VE032;651;40
RV02428;VG00623;VE007;1025;740
RV02429;VG02487;VE066;515;926
RV02430;VG02673;VE025;582;1112
RV02431;VG00989;VE039;803;1290
RV02432;VG03056;VE049;483;511
RV02433;VG01130;VE001;1196;281
RV02434;VG03470;VE066;1039;1203
RV02435;VG00961;VE053;387;488
RV02436;VG03314;VE069;309;1015
RV02437;VG00528;VE024;617;554
RV02438;VG02627;VE041;515;1065
RV02439;VG03552;VE049;1075;481
RV02440;VG01537;VE057;494;835
RV02441;VG03242;VE003;198;1006
RV02442;VG01981;VE054;346;914
RV02443;VG04096;VE026;292;1283
RV02444;VG03142;VE031;137;528
RV02445;VG04046;VE034;1139;882
RV02446;VG01475;VE016;976;217
RV02447;VG02116;VE045;682;513
RV02448;VG01450;VE050;893;256
RV02449;VG00994;VE007;692;654
RV02450;VG03134;VE067;931;536
RV02451;VG02975;VE060;205;137
RV02452;VG02598;VE057;354;1217
RV02453;VG01864;VE028;1150;644
RV02454;VG02256;VE046;1112;726
RV02455;VG03416;VE044;1008;282
RV02456;VG02114;VE015;234;1032
RV02457;VG01806;VE038;918;719
RV02458;VG02771;VE040;376;1283
RV02459;VG02206;VE032;136;951
RV02460;VG00897;VE035;1030;739
RV02461;VG01982;VE013;812;379
RV02462;VG03418;VE047;740;474
RV02463;VG02080;VE054;551;848
RV02464;VG02369;VE023;1041;704
RV02465;VG01491;VE026;43;937
RV02466;VG02204;VE044;402;1129
RV02467;VG03691;VE068;135;803
RV02468;VG03081;VE003;324;748
RV02469;VG01680;VE009;478;770
RV02470;VG01395;VE014;789;1205
RV02471;VG03214;VE036;550;376
RV02472;VG01515;VE052;813;646
RV02473;VG00948;VE039;1140;754
RV02474;VG04018;VE020;1158;1219
RV02475;VG01078;VE049;1065;172
RV02476;VG02776;VE065;507;1051
RV02477;VG00700;VE016;576;1240
RV02478;VG00641;VE033;1074;97
RV02479;VG03770;VE041;1007;705
RV02480;VG02808;VE046;331;451
RV02481;VG01692;VE061;526;65
RV02482;VG02193;VE045;504;568
RV02483;VG00468;VE009;192;912
RV02484;VG03486;VE018;505;150
RV02485;VG02984;VE068;720;927
RV02486;VG02407;VE036;310;182
RV02487;VG03751;VE066;840;459
RV02488;VG01122;VE066;507;546
RV02489;VG00932;VE008;249;955
RV02490;VG00811;VE066;442;487
RV02491;VG03157;VE070;533;1053
RV02492;VG02845;VE004;600;698
RV02493;VG02254;VE056;988;791
RV02494;VG03898;VE036;241;689
RV02495;VG01390;VE051;561;278
RV02496;VG00609;VE067;906;653
RV02497;VG02429;VE068;936;765
RV02498;VG00617;VE015;990;201
RV02499;VG03262;VE014;1056;1093
RV02500;VG02383;VE029;1130;1089
RV02501;VG03693;VE021;838;230
RV02502;VG02306;VE052;421;685
RV02503;VG03621;VE043;535;783
RV02504;VG03513;VE029;688;20
RV02505;VG04065;VE013;1147;1199
RV02506;VG02752;VE009;733;323
RV02507;VG01893;VE070;205;1188
RV02508;VG01489;VE039;863;1050
RV02509;VG03627;VE022;1009;984
RV02510;VG01538;VE018;571;68
RV02511;VG01625;VE007;981;40
RV02512;VG03348;VE025;1034;246
RV02513;VG01834;VE063;126;810
RV02514;VG00228;VE043;146;408
RV02515;VG03986;VE009;200;448
RV02516;VG04069;VE001;180;742
RV02517;VG03088;VE056;508;811
RV02518;VG02408;VE065;720;511
RV02519;VG01037;VE007;1003;1140
RV02520;VG01921;VE055;937;332
RV02521;VG03461;VE046;460;484
RV02522;VG03259;VE025;1189;210
RV02523;VG02434;VE037;140;421
RV02524;VG02820;VE028;595;883
RV02525;VG00442;VE056;66;818
RV02526;VG00725;VE042;464;275
RV02527;VG04070;VE037;794;155
RV02528;VG02576;VE050;1046;777
RV02529;VG03652;VE012;785;605
RV02530;VG01965;VE005;919;169
RV02531;VG03892;VE036;422;1102
RV02532;VG01128;VE006;730;657
RV02533;VG02983;VE018;977;143
RV02534;VG01315;VE026;911;298
RV02535;VG00045;VE055;966;575
RV02536;VG00682;VE025;433;120
RV02537;VG03235;VE008;1145;1157
RV02538;VG01083;VE041;619;652
RV02539;VG01180;VE036;491;1154
RV02540;VG04132;VE032;699;83
RV02541;VG00772;VE029;1005;517
RV02542;VG02214;VE012;492;290
RV02543;VG03454;VE012;1051;200
RV02544;VG03512;VE047;743;1231
RV02545;VG00766;VE010;494;616
RV02546;VG00300;VE028;681;1244
RV02547;VG00781;VE064;408;422
RV02548;VG03859;VE009;431;1248
RV02549;VG00213;VE057;1078;201
RV02550;VG00780;VE046;1082;984
RV02551;VG00984;VE042;983;1185
RV02552;VG03298;VE055;512;142
RV02553;VG00650;VE038;117;349
RV02554;VG02294;VE004;550;1170
RV02555;VG01324;VE039;414;961
RV02556;VG01798;VE050;555;368
RV02557;VG01835;VE044;108;230
RV02558;VG01908;VE006;106;1024
RV02559;VG01802;VE055;212;1248
RV02560;VG02805;VE061;89;583
RV02561;VG01050;VE031;139;729
RV02562;VG02348;VE054;1056;732
RV02563;VG01398;VE050;788;828
RV02564;VG01258;VE058;931;817
RV02565;VG04011;VE044;150;927
RV02566;VG04022;VE016;538;577
RV02567;VG00056;VE044;677;348
RV02568;VG02943;VE052;572;441
RV02569;VG02734;VE027;703;370
RV02570;VG03536;VE032;470;735
RV02571;VG00960;VE004;522;1086
RV02572;VG03460;VE020;1133;98
RV02573;VG03888;VE008;320;696
RV02574;VG04095;VE039;350;1203
RV02575;VG03194;VE013;682;838
RV02576;VG03978;VE063;674;488
RV02577;VG03537;VE051;125;197
RV02578;VG02964;VE065;1010;620
RV02579;VG03632;VE032;622;111
RV02580;VG02934;VE025;1020;274
RV02581;VG01617;VE026;445;381
RV02582;VG04140;VE010;30;638
RV02583;VG03314;VE053;542;27
RV02584;VG03681;VE047;1025;1018
RV02585;VG04082;VE039;143;1121
RV02586;VG01756;VE025;963;1069
RV02587;VG00012;VE016;543;889
RV02588;VG03266;VE045;697;438
RV02589;VG03630;VE032;202;957
RV02590;VG03619;VE061;93;575
RV02591;VG03306;VE030;60;1219
RV02592;VG01173;VE007;357;543
RV02593;VG00848;VE059;362;1140
RV02594;VG03939;VE020;928;498
RV02595;VG01019;VE042;1004;378
RV02596;VG03521;VE014;517;811
RV02597;VG02401;VE061;394;923
RV02598;VG01094;VE016;709;345
RV02599;VG03087;VE012;1087;822
RV02600;VG03146;VE049;1025;87
RV02601;VG00887;VE019;816;988
RV02602;VG02678;VE039;342;407
RV02603;VG01934;VE011;694;675
RV02604;VG00431;VE060;704;276
RV02605;VG01718;VE027;575;919
RV02606;VG01160;VE023;554;806
RV02607;VG03333;VE056;677;342
RV02608;VG00516;VE030;137;1229
RV02609;VG00924;VE039;240;1097
RV02610;VG00628;VE021;520;311
RV02611;VG00103;VE060;371;862
RV02612;VG00643;VE014;985;67
RV02613;VG00513;VE021;528;519
RV02614;VG03508;VE042;116;528
RV02615;VG02411;VE015;278;893
RV02616;VG02178;VE027;1130;1109
RV02617;VG00401;VE016;311;213
RV02618;VG01338;VE047;910;868
RV02619;VG01053;VE057;905;911
RV02620;VG01743;VE043;441;507
RV02621;VG01983;VE041;1175;42
RV02622;VG01012;VE047;59;1210
RV02623;VG01347;VE028;645;171
RV02624;VG02745;VE062;189;204
RV02625;VG00882;VE018;965;830
RV02626;VG01164;VE002;311;432
RV02627;VG01581;VE003;503;1113
RV02628;VG02501;VE019;1178;391
RV02629;VG02654;VE049;496;405
RV02630;VG04004;VE010;91;1187
RV02631;VG03577;VE033;179;771
RV02632;VG01423;VE025;248;731
RV02633;VG03779;VE022;385;833
RV02634;VG01634;VE054;1101;577
RV02635;VG03859;VE025;457;283
RV02636;VG01330;VE010;37;546
RV02637;VG03409;VE036;84;1019
RV02638;VG03291;VE007;619;252
RV02639;VG03572;VE034;593;264
RV02640;VG01176;VE049;665;1033
RV02641;VG01942;VE014;865;1042
RV02642;VG02643;VE026;197;765
RV02643;VG00921;VE034;99;609
RV02644;VG00291;VE005;124;906
RV02645;VG01707;VE035;845;1059
RV02646;VG03989;VE041;1048;286
RV02647;VG01245;VE003;717;957
RV02648;VG02297;VE051;31;109
RV02649;VG02726;VE010;468;946
RV02650;VG02925;VE020;912;943
RV02651;VG00383;VE064;471;387
RV02652;VG02815;VE014;723;432
RV02653;VG02124;VE042;998;1274
RV02654;VG00134;VE010;593;105
RV02655;VG00038;VE033;1171;561
RV02656;VG03422;VE048;354;878
RV02657;VG01783;VE033;158;529
RV02658;VG02082;VE031;130;564
RV02659;VG03516;VE001;295;1219
RV02660;VG00389;VE041;754;84
RV02661;VG02411;VE064;736;404
RV02662;VG00713;VE037;795;77
RV02663;VG02127;VE002;125;1250
RV02664;VG04111;VE016;415;40
RV02665;VG04121;VE046;33;706
RV02666;VG00773;VE005;412;310
RV02667;VG01022;VE013;38;892
RV02668;VG03214;VE017;634;105
RV02669;VG00578;VE065;704;842
RV02670;VG02580;VE029;194;483
RV02671;VG03720;VE022;524;280
RV02672;VG02955;VE009;915;956
RV02673;VG03065;VE023;642;1118
RV02674;VG03044;VE004;209;820
RV02675;VG03773;VE026;643;825
RV02676;VG00119;VE043;482;428
RV02677;VG02993;VE059;209;1141
RV02678;VG03545;VE057;446;1018
RV02679;VG02953;VE033;549;204
RV02680;VG02398;VE020;917;874
RV02681;VG01460;VE031;1110;391
RV02682;VG03052;VE002;527;683
RV02683;VG04166;VE038;1032;1158
RV02684;VG01292;VE069;1127;171
RV02685;VG00717;VE064;582;660
RV02686;VG02191;VE065;1094;829
RV02687;VG01127;VE037;55;784
RV02688;VG03796;VE026;232;1017
RV02689;VG03935;VE011;212;614
RV02690;VG02296;VE018;866;404
RV02691;VG01154;VE037;275;757
RV02692;VG03057;VE053;73;436
RV02693;VG02113;VE023;365;576
RV02694;VG02990;VE043;385;1210
RV02695;VG03753;VE059;909;1214
RV02696;VG01116;VE067;635;809
RV02697;VG02092;VE002;98;609
RV02698;VG01741;VE058;480;392
RV02699;VG02851;VE057;702;1263
RV02700;VG01481;VE049;535;1188
RV02701;VG03560;VE024;954;938
RV02702;VG00529;VE048;299;438
RV02703;VG03176;VE052;184;49
RV02704;VG02272;VE035;319;271
RV02705;VG03827;VE036;186;759
RV02706;VG01482;VE047;471;1287
RV02707;VG01112;VE070;410;736
RV02708;VG03755;VE045;512;476
RV02709;VG00158;VE052;1103;1285
RV02710;VG01447;VE054;972;838
RV02711;VG03380;VE046;26;690
RV02712;VG02000;VE042;855;772
RV02713;VG02847;VE040;332;720
RV02714;VG01550;VE047;842;1001
RV02715;VG03585;VE048;364;93
RV02716;VG02319;VE024;744;1273
RV02717;VG00816;VE006;489;580
RV02718;VG02145;VE047;1066;1065
RV02719;VG03539;VE029;1187;267
RV02720;VG02276;VE064;1071;215
RV02721;VG03136;VE059;1075;803
RV02722;VG03502;VE034;30;240
RV02723;VG01181;VE023;264;722
RV02724;VG03938;VE015;38;1048
RV02725;VG00513;VE037;313;1296
RV02726;VG01007;VE001;110;718
RV02727;VG02493;VE029;948;649
RV02728;VG03929;VE042;1095;96
RV02729;VG01743;VE019;771;506
RV02730;VG04023;VE011;606;765
RV02731;VG00742;VE017;1108;305
RV02732;VG00276;VE030;1020;230
RV02733;VG01720;VE008;949;591
RV02734;VG03784;VE015;355;186
RV02735;VG00508;VE065;716;947
RV02736;VG00090;VE041;1104;839
RV02737;VG00210;VE017;784;397
RV02738;VG00051;VE026;1184;955
RV02739;VG00605;VE036;493;543
RV02740;VG01530;VE069;60;792
RV02741;VG03294;VE018;313;890
RV02742;VG01847;VE051;1157;829
RV02743;VG01373;VE029;867;1219
RV02744;VG04119;VE003;949;371
RV02745;VG04088;VE019;989;1283
RV02746;VG00396;VE036;211;790
RV02747;VG02943;VE046;41;571
RV02748;VG03776;VE032;1030;337
RV02749;VG03510;VE024;70;803
RV02750;VG01220;VE029;154;1089
RV02751;VG02982;VE056;836;1269
RV02752;VG00430;VE042;853;58
RV02753;VG03084;VE049;1069;575
RV02754;VG01559;VE005;718;806
RV02755;VG00525;VE015;473;954
RV02756;VG03481;VE041;738;873
RV02757;VG02128;VE018;398;224
RV02758;VG00687;VE013;420;726
RV02759;VG02053;VE068;216;183
RV02760;VG03870;VE070;573;1167
RV02761;VG01568;VE034;891;714
RV02762;VG00635;VE049;290;1054
RV02763;VG03951;VE053;757;974
RV02764;VG00823;VE047;455;21
RV02765;VG00009;VE068;211;745
RV02766;VG02301;VE040;666;594
RV02767;VG00918;VE057;1165;979
RV02768;VG00094;VE021;663;722
RV02769;VG03283;VE009;981;424
RV02770;VG00556;VE057;132;1119
RV02771;VG01101;VE006;779;864
RV02772;VG03364;VE066;1014;184
RV02773;VG01646;VE059;792;803
RV02774;VG01006;VE064;341;231
RV02775;VG03856;VE059;600;941
RV02776;VG04014;VE004;951;787
RV02777;VG00321;VE020;874;1050
RV02778;VG00956;VE070;805;106
RV02779;VG02263;VE027;256;581
RV02780;VG02196;VE052;1046;286
RV02781;VG01638;VE008;674;195
RV02782;VG01717;VE052;1137;907
RV02783;VG01296;VE009;368;430
RV02784;VG02113;VE044;606;1205
RV02785;VG01232;VE068;1196;1037
RV02786;VG00751;VE070;126;864
RV02787;VG01931;VE027;166;187
RV02788;VG00569;VE004;170;1101
RV02789;VG02997;VE063;685;205
RV02790;VG01735;VE065;576;828
RV02791;VG03727;VE038;520;943
RV02792;VG00772;VE041;743;839
RV02793;VG03828;VE025;499;48
RV02794;VG01032;VE038;1113;1139
RV02795;VG02062;VE064;788;705
RV02796;VG00291;VE059;757;1163
RV02797;VG02152;VE064;1153;165
RV02798;VG00899;VE038;299;1279
RV02799;VG02008;VE049;1186;278
RV02800;VG00783;VE041;732;773
RV02801;VG02477;VE045;146;924
RV02802;VG02534;VE054;634;440
RV02803;VG01830;VE063;901;1270
RV02804;VG02403;VE055;965;117
RV02805;VG00443;VE037;567;464
RV02806;VG02308;VE056;304;351
RV02807;VG03235;VE031;392;163
RV02808;VG03694;VE041;242;171
RV02809;VG04027;VE033;369;773
RV02810;VG00468;VE036;758;654
RV02811;VG02562;VE037;1017;965
RV02812;VG03827;VE009;1133;20
RV02813;VG02776;VE005;740;602
RV02814;VG04078;VE020;32;672
RV02815;VG03827;VE023;936;341
RV02816;VG04150;VE022;620;489
RV02817;VG03733;VE041;670;543
RV02818;VG04179;VE061;446;152
RV02819;VG00107;VE056;968;1112
RV02820;VG03463;VE036;831;93
RV02821;VG02447;VE064;746;201
RV02822;VG00584;VE058;826;498
RV02823;VG03061;VE069;266;1164
RV02824;VG00005;VE051;618;791
RV02825;VG01979;VE063;780;959
RV02826;VG00697;VE024;101;762
RV02827;VG02706;VE024;759;1069
RV02828;VG02159;VE002;956;208
RV02829;VG02105;VE040;38;372
RV02830;VG01405;VE040;629;191
RV02831;VG01887;VE057;127;206
RV02832;VG01177;VE040;509;678
RV02833;VG03527;VE007;990;1237
RV02834;VG03869;VE047;608;732
RV02835;VG02936;VE041;1144;187
RV02836;VG01296;VE020;289;699
RV02837;VG00385;VE018;887;618
RV02838;VG01261;VE030;333;23
RV02839;VG02825;VE065;992;49
RV02840;VG01658;VE055;1162;519
RV02841;VG00507;VE022;200;85
RV02842;VG00625;VE023;726;926
RV02843;VG01326;VE004;489;214
RV02844;VG01374;VE055;139;1252
RV02845;VG00553;VE066;1057;145
RV02846;VG02022;VE032;1054;127
RV02847;VG00899;VE008;901;827
RV02848;VG01139;VE030;891;294
RV02849;VG04161;VE009;765;36
RV02850;VG03846;VE011;163;76
RV02851;VG01766;VE038;632;598
RV02852;VG02517;VE067;1007;355
RV02853;VG02612;VE001;164;1279
RV02854;VG03110;VE006;339;345
RV02855;VG00911;VE045;960;602
RV02856;VG01279;VE033;414;153
RV02857;VG04182;VE069;151;465
RV02858;VG01215;VE042;685;560
RV02859;VG02572;VE043;696;413
RV02860;VG03270;VE050;897;1032
RV02861;VG02358;VE030;969;508
RV02862;VG01151;VE061;887;613
RV02863;VG02137;VE014;384;375
RV02864;VG02053;VE021;154;1240
RV02865;VG03609;VE063;646;889
RV02866;VG01045;VE067;194;623
RV02867;VG02375;VE067;956;725
RV02868;VG01964;VE020;967;940
RV02869;VG02783;VE030;887;160
RV02870;VG02864;VE061;777;102
RV02871;VG03678;VE014;779;1152
RV02872;VG00086;VE024;1178;1176
RV02873;VG01058;VE002;709;544
RV02874;VG00819;VE038;904;1106
RV02875;VG00657;VE015;688;172
RV02876;VG03187;VE019;366;1034
RV02877;VG03803;VE042;763;1203
RV02878;VG00722;VE055;165;288
RV02879;VG00562;VE002;989;1126
RV02880;VG02050;VE013;989;1266
RV02881;VG02629;VE031;613;819
RV02882;VG01299;VE008;510;311
RV02883;VG03309;VE050;85;487
RV02884;VG04038;VE015;926;228
RV02885;VG02166;VE037;177;381
RV02886;VG01264;VE028;1009;359
RV02887;VG00410;VE031;135;1137
RV02888;VG03131;VE062;814;1173
RV02889;VG00340;VE062;413;151
RV02890;VG03557;VE061;253;206
RV02891;VG03990;VE043;379;1151
RV02892;VG02281;VE028;280;691
RV02893;VG00166;VE014;635;122
RV02894;VG01981;VE002;338;889
RV02895;VG03642;VE051;753;523
RV02896;VG01449;VE003;847;947
RV02897;VG00568;VE039;802;1111
RV02898;VG02211;VE054;1089;379
RV02899;VG03736;VE032;283;728
RV02900;VG01180;VE007;797;831
RV02901;VG03618;VE003;217;585
RV02902;VG02465;VE052;131;628
RV02903;VG03463;VE038;1058;738
RV02904;VG01891;VE036;333;881
RV02905;VG01484;VE063;566;304
RV02906;VG00103;VE001;518;901
RV02907;VG03018;VE012;254;445
RV02908;VG01269;VE034;371;86
RV02909;VG02340;VE006;652;1288
RV02910;VG03796;VE050;1078;1285
RV02911;VG02739;VE019;727;110
RV02912;VG00862;VE057;619;326
RV02913;VG03971;VE043;473;171
RV02914;VG02310;VE041;403;809
RV02915;VG01869;VE012;813;409
RV02916;VG01423;VE066;825;1216
RV02917;VG03769;VE043;305;1233
RV02918;VG01462;VE053;997;498
RV02919;VG01914;VE009;721;815
RV02920;VG01201;VE019;758;1169
RV02921;VG01833;VE030;871;690
RV02922;VG01278;VE016;162;385
RV02923;VG01350;VE020;250;714
RV02924;VG00372;VE045;520;535
RV02925;VG01973;VE010;660;567
RV02926;VG03881;VE008;327;831
RV02927;VG03759;VE025;865;596
RV02928;VG03698;VE040;1038;971
RV02929;VG02961;VE049;909;1263
RV02930;VG04011;VE002;998;1029
RV02931;VG03281;VE053;64;997
RV02932;VG03110;VE011;796;164
RV02933;VG00934;VE056;676;465
RV02934;VG01540;VE066;1193;1240
RV02935;VG00784;VE009;414;674
RV02936;VG03483;VE031;504;34
RV02937;VG03779;VE064;71;1093
RV02938;VG01698;VE011;1147;560
RV02939;VG02616;VE025;450;375
RV02940;VG03447;VE024;1145;85
RV02941;VG00260;VE030;954;550
RV02942;VG00810;VE026;801;623
RV02943;VG02466;VE066;595;996
RV02944;VG00557;VE005;155;44
RV02945;VG00882;VE032;511;1190
RV02946;VG01525;VE017;709;1135
RV02947;VG02554;VE049;988;1246
RV02948;VG02619;VE057;947;89
RV02949;VG00608;VE034;778;588
RV02950;VG02682;VE043;1129;379
RV02951;VG02088;VE036;497;1152
RV02952;VG01699;VE054;365;446
RV02953;VG02221;VE067;345;459
RV02954;VG01588;VE015;693;278
RV02955;VG01079;VE020;630;126
RV02956;VG03245;VE035;233;442
RV02957;VG03544;VE042;1162;973
RV02958;VG03456;VE008;1166;1101
RV02959;VG00462;VE032;590;904
RV02960;VG02356;VE042;1059;129
RV02961;VG03138;VE045;1063;511
RV02962;VG02616;VE042;836;919
RV02963;VG03477;VE046;1039;571
RV02964;VG04106;VE017;465;796
RV02965;VG02477;VE050;510;728
RV02966;VG02766;VE049;282;517
RV02967;VG02937;VE038;484;1080
RV02968;VG00968;VE042;280;418
RV02969;VG03664;VE002;661;247
RV02970;VG00816;VE051;422;384
RV02971;VG01273;VE011;841;125
RV02972;VG01193;VE033;292;702
RV02973;VG02697;VE007;1136;1252
RV02974;VG00734;VE046;968;205
RV02975;VG03085;VE061;461;967
RV02976;VG00119;VE032;654;773
RV02977;VG02861;VE049;463;1241
RV02978;VG00289;VE057;42;672
RV02979;VG02394;VE019;599;354
RV02980;VG01996;VE009;702;1165
RV02981;VG03836;VE036;340;1176
RV02982;VG02046;VE010;328;1283
RV02983;VG02709;VE057;1084;980
RV02984;VG00842;VE055;538;179
RV02985;VG01050;VE042;111;812
RV02986;VG02160;VE037;79;63
RV02987;VG02503;VE063;284;964
RV02988;VG03760;VE044;375;1261
RV02989;VG00822;VE066;973;658
RV02990;VG00330;VE053;917;1283
RV02991;VG02891;VE007;1054;1181
RV02992;VG00367;VE004;136;783
RV02993;VG00892;VE003;843;791
RV02994;VG02968;VE041;1151;532
RV02995;VG02209;VE002;274;930
RV02996;VG01084;VE057;177;331
RV02997;VG00753;VE022;423;645
RV02998;VG03614;VE017;735;976
RV02999;VG04151;VE056;168;1122
RV03000;VG01287;VE065;545;701
RV03001;VG03748;VE023;1080;271
RV03002;VG04154;VE060;302;586
RV03003;VG01967;VE062;536;574
RV03004;VG03220;VE065;1040;20
RV03005;VG03845;VE051;288;659
RV03006;VG04109;VE042;407;67
RV03007;VG00732;VE067;233;886
RV03008;VG00614;VE060;115;683
RV03009;VG04016;VE033;1176;935
RV03010;VG01665;VE065;1030;28
RV03011;VG03991;VE009;422;1222
RV03012;VG03927;VE018;876;721
RV03013;VG00192;VE040;876;645
RV03014;VG03645;VE059;372;712
RV03015;VG03059;VE054;59;800
RV03016;VG00576;VE058;218;1218
RV03017;VG03868;VE046;651;648
RV03018;VG02954;VE057;649;760
RV03019;VG01886;VE052;1164;157
RV03020;VG00671;VE056;690;779
RV03021;VG03157;VE021;788;455
RV03022;VG00610;VE041;1043;232
RV03023;VG02406;VE028;1182;834
RV03024;VG02510;VE053;619;32
RV03025;VG00745;VE056;575;566
RV03026;VG03169;VE029;541;796
RV03027;VG03002;VE037;1188;631
RV03028;VG03193;VE022;238;1053
RV03029;VG03008;VE053;1001;618
RV03030;VG01751;VE014;1034;347
RV03031;VG00645;VE068;54;960
RV03032;VG01432;VE046;35;1112
RV03033;VG02409;VE001;316;647
RV03034;VG02209;VE012;525;69
RV03035;VG01591;VE028;144;1066
RV03036;VG01468;VE023;706;881
RV03037;VG02561;VE062;587;493
RV03038;VG00358;VE052;942;328
RV03039;VG03994;VE022;58;488
RV03040;VG04131;VE066;977;1225
RV03041;VG03014;VE048;77;690
RV03042;VG02604;VE049;180;624
RV03043;VG03061;VE024;1099;1198
RV03044;VG03377;VE024;851;485
RV03045;VG03031;VE041;898;198
RV03046;VG00826;VE006;699;318
RV03047;VG00565;VE050;521;292
RV03048;VG00249;VE031;134;976
RV03049;VG02865;VE055;1196;1024
RV03050;VG00667;VE031;882;651
RV03051;VG01095;VE005;189;1231
RV03052;VG00769;VE066;1097;890
RV03053;VG03521;VE049;59;1030
RV03054;VG00286;VE004;921;802
RV03055;VG04012;VE052;833;865
RV03056;VG03851;VE066;300;1236
RV03057;VG02562;VE068;247;271
RV03058;VG02917;VE013;957;918
RV03059;VG01097;VE048;162;712
RV03060;VG02874;VE056;418;972
RV03061;VG00413;VE012;357;657
RV03062;VG03350;VE007;285;1009
RV03063;VG03022;VE006;317;222
RV03064;VG02199;VE035;220;165
RV03065;VG01183;VE026;418;877
RV03066;VG00837;VE058;172;1261
RV03067;VG02486;VE019;1185;1245
RV03068;VG02292;VE052;263;1188
RV03069;VG00285;VE062;368;1011
RV03070;VG03066;VE046;956;1004
RV03071;VG01758;VE050;431;130
RV03072;VG01125;VE067;371;1084
RV03073;VG03635;VE062;777;1057
RV03074;VG00272;VE029;1143;488
RV03075;VG03290;VE068;760;28
RV03076;VG00744;VE044;607;1051
RV03077;VG03218;VE017;906;368
RV03078;VG03884;VE008;457;510
RV03079;VG03029;VE041;627;254
RV03080;VG01186;VE002;500;1214
RV03081;VG02019;VE024;362;417
RV03082;VG02801;VE002;1075;781
RV03083;VG02303;VE037;581;1090
RV03084;VG03501;VE068;460;532
RV03085;VG03598;VE045;621;358
RV03086;VG04034;VE055;685;22
RV03087;VG03972;VE045;221;1026
RV03088;VG01009;VE034;573;314
RV03089;VG00990;VE047;521;925
RV03090;VG03308;VE010;920;344
RV03091;VG01563;VE030;489;906
RV03092;VG04081;VE022;87;605
RV03093;VG02547;VE070;827;361
RV03094;VG02850;VE056;957;1051
RV03095;VG01405;VE067;397;1111
RV03096;VG03646;VE004;1161;691
RV03097;VG00039;VE015;59;548
RV03098;VG03352;VE023;952;1093
RV03099;VG00568;VE043;649;995
RV03100;VG01134;VE027;305;573
RV02840;VG01658;VE055;1162;519
RV02520;VG01921;VE055;937;332
RV00283;VG03526;VE023;931;1118
ERRO_reservas_frota_1;VG03618;VE011;-999;674
