matricula_id,aluno_id,plano_id,data_inicio,data_fim,status,canal_aquisicao
1,1,4,2025-01-19,,Ativa,Indicação
2,2,4,2024-05-17,2026-03-29,Cancelada,Site
3,3,4,2025-01-30,,Ativa,Site
4,4,2,2024-08-11,,Ativa,Indicação
5,5,1,2024-05-12,,Ativa,Empresa
6,6,8,2025-04-29,,Ativa,Site
7,7,5,2025-02-12,,Ativa,Site
8,8,6,2024-03-13,,Ativa,Site
9,9,3,2025-02-03,,Ativa,Passante
10,10,6,2025-02-03,,Ativa,Empresa
11,11,2,2025-04-07,,Ativa,Site
12,12,5,2024-06-28,,Ativa,Empresa
13,13,7,2024-07-11,,Ativa,Empresa
14,14,7,2024-06-17,,Ativa,Site
15,15,1,2024-06-23,,Ativa,Indicação
16,16,4,2025-03-06,,Ativa,Indicação
17,17,6,2025-05-08,2025-09-06,Cancelada,Passante
18,18,4,2025-03-27,,Ativa,Indicação
19,19,3,2024-06-07,,Ativa,Empresa
20,20,7,2025-06-02,,Ativa,Indicação
21,21,8,2024-03-26,,Ativa,Passante
22,22,4,2024-02-22,,Ativa,Passante
23,23,1,2024-10-03,,Ativa,Passante
24,24,5,2024-08-12,2026-03-18,Cancelada,Passante
25,25,6,2025-04-26,,Ativa,Indicação
26,26,8,2025-03-29,,Ativa,Site
27,27,6,2024-06-24,2025-08-08,Cancelada,Indicação
28,28,2,2024-07-28,,Ativa,Site
29,29,3,2024-09-14,,Ativa,Indicação
30,30,3,2024-08-26,,Ativa,Indicação
31,31,4,2025-05-06,,Ativa,Site
32,32,2,2024-06-08,,Ativa,Passante
33,33,3,2025-05-05,,Ativa,Passante
34,34,6,2024-11-30,,Ativa,Empresa
35,35,1,2024-11-17,2026-01-11,Cancelada,Indicação
36,36,4,2025-05-19,,Ativa,Site
37,37,6,2024-06-17,,Ativa,Empresa
38,38,1,2024-08-12,,Ativa,Indicação
39,39,4,2025-01-11,2025-08-16,Cancelada,Passante
40,40,2,2024-03-26,2025-07-28,Cancelada,Passante
41,41,5,2025-07-01,2025-12-06,Cancelada,Passante
42,42,7,2024-06-11,2025-12-28,Cancelada,Site
43,43,4,2025-03-29,,Ativa,Passante
44,44,3,2024-07-20,,Ativa,Indicação
45,45,2,2025-06-07,,Ativa,Passante
46,46,5,2024-05-03,,Ativa,Site
47,47,4,2025-06-17,,Ativa,Passante
48,48,1,2024-06-26,,Ativa,Passante
49,49,5,2024-05-18,,Ativa,Site
50,50,6,2024-10-28,2025-10-10,Cancelada,Empresa
51,51,2,2025-05-21,,Ativa,Site
52,52,3,2024-04-06,,Ativa,Indicação
53,53,2,2025-01-18,2026-03-19,Cancelada,Passante
54,54,4,2024-07-18,,Ativa,Empresa
55,55,6,2024-09-03,,Ativa,Site
56,56,7,2025-06-13,2025-11-15,Cancelada,Passante
57,57,6,2025-06-08,2025-09-12,Cancelada,Empresa
58,58,8,2025-03-02,,Ativa,Site
59,59,2,2024-05-19,,Ativa,Passante
60,60,8,2024-12-24,,Ativa,Site
61,61,2,2024-05-29,,Ativa,Passante
62,62,3,2024-11-07,,Ativa,Site
63,63,4,2024-04-17,,Ativa,Empresa
64,64,2,2025-05-23,2025-11-14,Cancelada,Empresa
65,65,6,2025-02-16,,Ativa,Passante
66,66,3,2025-03-23,,Ativa,Site
67,67,4,2024-05-12,2026-01-05,Cancelada,Passante
68,68,5,2024-04-03,,Ativa,Indicação
69,69,2,2024-11-05,,Ativa,Indicação
70,70,3,2025-04-18,2026-01-14,Cancelada,Site
71,71,2,2025-03-18,,Ativa,Empresa
72,72,7,2024-08-14,,Ativa,Indicação
73,73,5,2025-02-18,,Ativa,Passante
74,74,1,2024-12-13,2026-04-09,Cancelada,Passante
75,75,2,2024-07-05,,Ativa,Empresa
76,76,2,2025-03-27,,Ativa,Indicação
77,77,3,2024-07-26,,Ativa,Empresa
78,78,7,2025-02-05,,Ativa,Passante
79,79,2,2025-06-04,,Ativa,Indicação
80,80,8,2024-10-21,,Ativa,Empresa
81,81,7,2024-12-15,,Ativa,Site
82,82,3,2024-08-12,,Ativa,Site
83,83,2,2025-03-19,,Ativa,Indicação
84,84,5,2024-06-21,2026-01-15,Cancelada,Site
85,85,5,2024-08-26,,Ativa,Passante
86,86,6,2024-03-12,,Ativa,Site
87,87,1,2024-05-22,,Ativa,Passante
88,88,7,2024-02-19,,Ativa,Indicação
89,89,6,2024-03-26,,Ativa,Empresa
90,90,7,2024-10-18,,Ativa,Empresa
91,91,6,2025-02-10,,Ativa,Empresa
92,92,5,2024-09-01,,Ativa,Indicação
93,93,3,2024-03-21,,Ativa,Indicação
94,94,7,2024-04-23,,Ativa,Indicação
95,95,4,2024-08-20,,Ativa,Site
96,96,7,2025-02-19,2026-04-23,Cancelada,Passante
97,97,4,2024-03-30,,Ativa,Empresa
98,98,3,2025-01-17,,Ativa,Empresa
99,99,5,2024-10-28,,Ativa,Site
100,100,2,2024-10-19,,Ativa,Site
101,101,4,2025-06-17,,Ativa,Passante
102,102,6,2025-03-30,,Ativa,Site
103,103,6,2025-01-10,,Ativa,Indicação
104,104,7,2025-02-07,,Ativa,Empresa
105,105,1,2025-01-20,,Ativa,Site
106,106,8,2024-04-14,,Ativa,Passante
107,107,4,2025-04-27,,Ativa,Indicação
108,108,8,2024-08-26,,Ativa,Site
109,109,5,2024-09-09,,Ativa,Indicação
110,110,2,2025-05-27,,Ativa,Indicação
111,111,6,2024-03-31,2026-03-06,Cancelada,Passante
112,112,2,2024-11-05,,Ativa,Empresa
113,113,4,2024-05-25,,Ativa,Empresa
114,114,3,2025-05-30,,Ativa,Empresa
115,115,2,2024-06-23,,Ativa,Empresa
116,116,3,2024-09-02,2026-06-18,Cancelada,Passante
117,117,7,2024-06-26,,Ativa,Passante
118,118,2,2024-06-26,2025-10-14,Cancelada,Passante
119,119,4,2024-11-11,,Ativa,Empresa
120,120,6,2024-07-07,,Ativa,Passante
121,121,4,2025-06-22,,Ativa,Passante
122,122,1,2024-12-01,,Ativa,Indicação
123,123,4,2024-05-27,2025-08-05,Cancelada,Indicação
124,124,1,2025-03-31,2025-09-08,Cancelada,Indicação
125,125,1,2025-03-07,,Ativa,Empresa
126,126,4,2025-01-18,2025-07-28,Cancelada,Site
127,127,6,2025-04-06,,Ativa,Indicação
128,128,5,2025-02-03,,Ativa,Passante
129,129,1,2025-04-27,,Ativa,Passante
130,130,1,2024-10-06,,Ativa,Empresa
131,131,3,2025-06-24,2025-10-28,Cancelada,Empresa
132,132,8,2024-10-02,,Ativa,Indicação
133,133,1,2024-03-22,,Ativa,Site
134,134,5,2024-09-08,,Ativa,Site
135,135,5,2025-03-10,,Ativa,Empresa
136,136,1,2024-08-14,,Ativa,Site
137,137,2,2025-04-12,2025-09-11,Cancelada,Indicação
138,138,7,2025-06-25,,Ativa,Site
139,139,7,2024-04-01,,Ativa,Passante
140,140,1,2025-05-07,,Ativa,Empresa
141,141,4,2025-05-24,2026-06-15,Cancelada,Empresa
142,142,8,2024-11-14,2025-08-29,Cancelada,Passante
143,143,5,2024-10-28,,Ativa,Site
144,144,7,2025-02-20,,Ativa,Empresa
145,145,5,2024-07-10,,Ativa,Site
146,146,5,2024-04-29,2026-06-01,Cancelada,Passante
147,147,1,2024-09-15,,Ativa,Passante
148,148,7,2025-03-28,,Ativa,Empresa
149,149,7,2024-12-14,,Ativa,Site
150,150,2,2025-05-14,,Ativa,Indicação
151,151,1,2024-07-06,,Ativa,Empresa
152,152,1,2025-02-23,,Ativa,Passante
153,153,6,2024-08-03,,Ativa,Site
154,154,4,2025-06-02,2025-09-28,Cancelada,Passante
155,155,1,2025-05-20,,Ativa,Empresa
156,156,8,2024-08-17,,Ativa,Empresa
157,157,3,2025-03-20,2025-11-13,Cancelada,Empresa
158,158,4,2025-03-08,,Ativa,Indicação
159,159,7,2024-12-09,,Ativa,Indicação
160,160,8,2025-05-29,,Ativa,Indicação
161,161,2,2024-04-30,,Ativa,Indicação
162,162,1,2025-04-17,,Ativa,Indicação
163,163,4,2025-03-09,,Ativa,Passante
164,164,4,2025-05-11,,Ativa,Passante
165,165,3,2025-05-27,,Ativa,Site
166,166,6,2024-05-14,,Ativa,Site
167,167,1,2025-03-10,,Ativa,Indicação
168,168,6,2025-01-23,,Ativa,Empresa
169,169,1,2024-04-23,,Ativa,Indicação
170,170,4,2024-04-14,,Ativa,Empresa
171,171,1,2025-04-06,,Ativa,Empresa
172,172,1,2024-07-13,,Ativa,Empresa
173,173,2,2025-06-21,,Ativa,Site
174,174,7,2024-11-24,,Ativa,Site
175,175,8,2024-09-21,2026-02-28,Cancelada,Empresa
176,176,5,2024-08-04,,Ativa,Empresa
177,177,1,2024-07-24,,Ativa,Indicação
178,178,6,2025-03-18,,Ativa,Site
179,179,8,2025-04-13,,Ativa,Site
180,180,2,2025-02-10,2026-03-18,Cancelada,Empresa
181,181,1,2024-10-22,2025-10-12,Cancelada,Passante
182,182,1,2024-09-08,,Ativa,Passante
183,183,1,2024-10-25,,Ativa,Empresa
184,184,6,2025-04-17,,Ativa,Indicação
185,185,4,2025-06-29,,Ativa,Indicação
186,186,5,2024-02-18,,Ativa,Passante
187,187,8,2025-01-02,,Ativa,Site
188,188,6,2024-05-14,,Ativa,Passante
189,189,5,2024-07-20,,Ativa,Site
190,190,4,2025-05-08,,Ativa,Empresa
191,191,2,2024-03-29,,Ativa,Indicação
192,192,7,2025-02-10,,Ativa,Indicação
193,193,2,2024-02-24,,Ativa,Site
194,194,1,2024-04-04,2026-01-09,Cancelada,Passante
195,195,2,2024-04-19,2026-01-13,Cancelada,Site
196,196,8,2025-03-24,,Ativa,Passante
197,197,8,2025-05-13,2025-07-17,Cancelada,Site
198,198,4,2024-03-25,,Ativa,Indicação
199,199,5,2025-05-28,,Ativa,Indicação
200,200,3,2024-02-18,,Ativa,Passante
201,201,4,2024-10-13,,Ativa,Empresa
202,202,5,2024-05-24,,Ativa,Passante
203,203,4,2024-07-02,,Ativa,Passante
204,204,8,2025-06-03,,Ativa,Indicação
205,205,2,2024-11-06,,Ativa,Passante
206,206,6,2025-06-07,,Ativa,Passante
207,207,5,2024-03-02,2026-03-26,Cancelada,Site
208,208,8,2025-06-18,,Ativa,Indicação
209,209,1,2024-08-20,,Ativa,Site
210,210,6,2024-11-08,,Ativa,Passante
211,211,6,2024-12-09,,Ativa,Site
212,212,4,2024-05-07,2025-10-22,Cancelada,Empresa
213,213,7,2024-10-27,,Ativa,Empresa
214,214,5,2024-10-24,2026-01-31,Cancelada,Empresa
215,215,8,2024-08-23,,Ativa,Empresa
216,216,5,2024-03-03,,Ativa,Passante
217,217,2,2024-04-12,,Ativa,Empresa
218,218,3,2024-06-22,,Ativa,Indicação
219,219,7,2024-09-01,,Ativa,Indicação
220,220,5,2024-05-18,2025-07-14,Cancelada,Indicação
221,221,1,2025-05-07,2025-10-31,Cancelada,Site
222,222,2,2024-05-15,,Ativa,Indicação
223,223,6,2025-01-29,2025-10-26,Cancelada,Site
224,224,8,2025-02-12,2025-09-12,Cancelada,Empresa
225,225,7,2024-02-22,,Ativa,Indicação
226,226,6,2024-04-22,2025-08-02,Cancelada,Empresa
227,227,6,2024-02-24,2026-02-02,Cancelada,Passante
228,228,4,2025-03-11,,Ativa,Empresa
229,229,1,2025-02-13,,Ativa,Indicação
230,230,6,2024-03-30,2026-03-29,Cancelada,Site
231,231,4,2024-04-19,2025-12-09,Cancelada,Site
232,232,2,2024-10-05,,Ativa,Site
233,233,2,2024-08-06,,Ativa,Indicação
234,234,3,2025-02-23,2026-03-01,Cancelada,Site
235,235,1,2024-06-22,,Ativa,Indicação
236,236,5,2025-02-14,,Ativa,Site
237,237,1,2025-01-24,,Ativa,Empresa
238,238,2,2024-06-20,,Ativa,Passante
239,239,2,2024-11-03,,Ativa,Empresa
240,240,5,2024-10-17,2025-11-02,Cancelada,Indicação
241,241,1,2025-02-01,,Ativa,Site
242,242,6,2024-09-15,2025-11-27,Cancelada,Empresa
243,243,3,2024-11-01,,Ativa,Indicação
244,244,5,2024-03-14,2025-10-31,Cancelada,Passante
245,245,2,2024-03-17,,Ativa,Site
246,246,1,2024-04-02,,Ativa,Site
247,247,3,2025-04-06,,Ativa,Empresa
248,248,1,2024-04-11,,Ativa,Site
249,249,5,2025-01-26,,Ativa,Empresa
250,250,1,2024-06-09,,Ativa,Passante
251,251,5,2025-04-25,,Ativa,Empresa
252,252,4,2024-05-06,,Ativa,Indicação
253,253,6,2024-09-25,2025-12-15,Cancelada,Indicação
254,254,4,2024-09-12,,Ativa,Empresa
255,255,1,2024-12-27,,Ativa,Empresa
256,256,1,2025-04-30,,Ativa,Passante
257,257,4,2024-09-01,,Ativa,Site
258,258,3,2024-08-22,,Ativa,Empresa
259,259,5,2024-10-14,,Ativa,Indicação
260,260,4,2024-06-24,,Ativa,Indicação
261,261,6,2024-10-25,,Ativa,Indicação
262,262,1,2024-10-11,,Ativa,Passante
263,263,5,2024-06-28,,Ativa,Indicação
264,264,3,2024-12-30,,Ativa,Empresa
265,265,8,2024-06-05,,Ativa,Passante
266,266,8,2024-10-25,2025-10-19,Cancelada,Site
267,267,6,2024-05-21,,Ativa,Site
268,268,7,2025-01-18,,Ativa,Empresa
269,269,1,2024-07-13,,Ativa,Passante
270,270,8,2024-12-28,,Ativa,Passante
271,271,6,2025-05-11,2026-01-09,Cancelada,Indicação
272,272,6,2024-11-02,,Ativa,Empresa
273,273,1,2025-01-16,2025-07-09,Cancelada,Passante
274,274,2,2024-04-12,,Ativa,Passante
275,275,4,2024-05-26,,Ativa,Site
276,276,4,2025-06-10,,Ativa,Indicação
277,277,3,2024-12-16,,Ativa,Empresa
278,278,1,2025-02-16,,Ativa,Empresa
279,279,8,2025-03-15,2026-04-13,Cancelada,Empresa
280,280,7,2024-11-29,,Ativa,Passante
281,281,2,2025-02-28,2025-08-11,Cancelada,Site
282,282,6,2024-06-29,,Ativa,Empresa
283,283,2,2024-05-12,,Ativa,Site
284,284,2,2024-08-13,,Ativa,Passante
285,285,3,2025-05-26,,Ativa,Indicação
286,286,1,2025-05-13,,Ativa,Indicação
287,287,8,2025-04-13,,Ativa,Site
288,288,2,2025-05-24,,Ativa,Empresa
289,289,2,2025-04-02,2025-10-05,Cancelada,Site
290,290,6,2024-07-31,,Ativa,Indicação
291,291,3,2024-07-20,,Ativa,Site
292,292,1,2025-05-15,,Ativa,Empresa
293,293,6,2024-09-13,,Ativa,Empresa
294,294,4,2025-03-26,2026-04-13,Cancelada,Site
295,295,1,2025-01-11,,Ativa,Empresa
296,296,5,2024-12-08,,Ativa,Indicação
297,297,3,2024-05-10,,Ativa,Empresa
298,298,6,2025-03-09,,Ativa,Indicação
299,299,1,2025-03-08,,Ativa,Empresa
300,300,1,2025-04-27,,Ativa,Indicação
301,301,1,2024-02-22,,Ativa,Indicação
302,302,5,2024-11-11,,Ativa,Passante
303,303,3,2025-03-23,,Ativa,Empresa
304,304,6,2025-01-27,,Ativa,Empresa
305,305,5,2024-04-29,2026-01-06,Cancelada,Passante
306,306,6,2025-07-01,,Ativa,Empresa
307,307,3,2024-07-16,,Ativa,Indicação
308,308,7,2024-05-09,2026-03-08,Cancelada,Site
309,309,1,2024-03-13,2025-11-24,Cancelada,Indicação
310,310,3,2025-06-12,,Ativa,Site
311,311,7,2024-03-05,,Ativa,Passante
312,312,6,2024-04-29,2026-06-03,Cancelada,Empresa
313,313,8,2024-07-10,,Ativa,Site
314,314,6,2024-08-07,,Ativa,Site
315,315,7,2024-12-27,2026-06-15,Cancelada,Empresa
316,316,8,2024-07-13,,Ativa,Passante
317,317,8,2025-04-23,,Ativa,Empresa
318,318,5,2024-08-26,,Ativa,Site
319,319,6,2024-07-04,,Ativa,Indicação
320,320,3,2024-11-19,,Ativa,Empresa
321,321,6,2024-08-18,,Ativa,Indicação
322,322,3,2024-11-13,2025-07-25,Cancelada,Empresa
323,323,1,2024-07-17,,Ativa,Indicação
324,324,8,2024-12-26,2025-11-03,Cancelada,Site
325,325,2,2025-06-22,,Ativa,Empresa
326,326,5,2024-11-07,2025-10-19,Cancelada,Site
327,327,6,2025-01-30,,Ativa,Site
328,328,4,2024-04-25,,Ativa,Empresa
329,329,3,2024-03-15,,Ativa,Indicação
330,330,1,2025-04-30,2026-04-10,Cancelada,Passante
331,331,3,2024-07-27,,Ativa,Empresa
332,332,1,2025-05-20,,Ativa,Empresa
333,333,6,2025-04-03,2026-01-03,Cancelada,Passante
334,334,6,2025-05-26,,Ativa,Passante
335,335,2,2024-07-15,,Ativa,Passante
336,336,1,2025-03-05,,Ativa,Indicação
337,337,1,2024-05-18,2025-10-16,Cancelada,Site
338,338,4,2025-04-20,2025-10-31,Cancelada,Passante
339,339,5,2024-09-24,,Ativa,Site
340,340,7,2025-06-01,,Ativa,Site
341,341,2,2024-12-05,,Ativa,Indicação
342,342,3,2025-06-13,,Ativa,Empresa
343,343,3,2025-03-15,,Ativa,Empresa
344,344,2,2024-08-21,,Ativa,Empresa
345,345,6,2024-09-16,2026-04-18,Cancelada,Indicação
346,346,7,2024-10-11,,Ativa,Empresa
347,347,1,2024-03-19,2025-07-05,Cancelada,Empresa
348,348,1,2024-06-11,,Ativa,Empresa
349,349,5,2024-04-16,,Ativa,Empresa
350,350,5,2024-02-20,2025-08-02,Cancelada,Empresa
351,351,6,2025-02-08,,Ativa,Passante
352,352,6,2024-12-25,2026-06-10,Cancelada,Site
353,353,4,2024-11-14,,Ativa,Indicação
354,354,3,2024-06-21,2025-09-27,Cancelada,Indicação
355,355,5,2025-06-13,,Ativa,Site
356,356,2,2025-05-06,2026-02-03,Cancelada,Site
357,357,2,2024-10-20,,Ativa,Site
358,358,7,2024-05-30,,Ativa,Indicação
359,359,3,2024-07-26,,Ativa,Passante
360,360,5,2024-05-04,,Ativa,Indicação
361,361,8,2024-11-18,,Ativa,Site
362,362,6,2024-05-30,,Ativa,Passante
363,363,7,2025-04-17,,Ativa,Empresa
364,364,2,2025-05-29,,Ativa,Site
365,365,3,2025-01-17,2025-11-10,Cancelada,Indicação
366,366,6,2024-05-22,,Ativa,Site
367,367,5,2025-03-04,,Ativa,Indicação
368,368,6,2024-07-14,2025-11-27,Cancelada,Passante
369,369,7,2024-06-09,,Ativa,Indicação
370,370,1,2024-05-17,,Ativa,Passante
371,371,8,2024-08-17,,Ativa,Passante
372,372,3,2024-12-22,2025-07-04,Cancelada,Indicação
373,373,5,2024-08-26,,Ativa,Empresa
374,374,1,2024-07-29,,Ativa,Indicação
375,375,5,2024-08-21,,Ativa,Site
376,376,6,2024-12-14,,Ativa,Empresa
377,377,5,2024-12-24,,Ativa,Empresa
378,378,7,2025-04-02,,Ativa,Empresa
379,379,1,2024-05-27,,Ativa,Passante
380,380,6,2024-07-02,,Ativa,Passante
381,381,8,2024-04-28,,Ativa,Empresa
382,382,1,2024-05-17,,Ativa,Empresa
383,383,3,2024-08-20,,Ativa,Site
384,384,6,2024-07-04,,Ativa,Passante
385,385,5,2024-05-09,2026-04-09,Cancelada,Indicação
386,386,2,2025-04-07,,Ativa,Passante
387,387,5,2024-06-07,2025-09-22,Cancelada,Passante
388,388,6,2024-10-20,,Ativa,Site
389,389,6,2025-05-31,2026-01-08,Cancelada,Indicação
390,390,2,2025-03-24,,Ativa,Site
391,391,4,2024-10-25,,Ativa,Empresa
392,392,4,2024-05-21,,Ativa,Empresa
393,393,2,2025-06-26,,Ativa,Site
394,394,3,2025-05-19,,Ativa,Site
395,395,4,2024-10-30,,Ativa,Empresa
396,396,4,2025-02-19,2026-06-25,Cancelada,Passante
397,397,8,2025-06-11,,Ativa,Empresa
398,398,6,2024-11-29,,Ativa,Indicação
399,399,8,2025-04-08,,Ativa,Site
400,400,7,2024-05-12,,Ativa,Empresa
401,401,1,2025-04-01,2025-11-24,Cancelada,Passante
402,402,8,2024-11-13,,Ativa,Site
403,403,3,2024-11-14,,Ativa,Site
404,404,8,2024-03-22,2026-05-29,Cancelada,Indicação
405,405,5,2024-07-14,2026-02-09,Cancelada,Indicação
406,406,2,2025-06-12,2026-03-21,Cancelada,Site
407,407,2,2025-03-06,,Ativa,Passante
408,408,8,2025-03-18,,Ativa,Site
409,409,5,2024-08-11,,Ativa,Site
410,410,6,2024-03-02,,Ativa,Empresa
411,411,1,2024-06-09,,Ativa,Passante
412,412,8,2024-08-24,,Ativa,Empresa
413,413,5,2024-06-16,2025-09-11,Cancelada,Passante
414,414,7,2025-02-23,2025-08-19,Cancelada,Empresa
415,415,5,2025-05-13,,Ativa,Site
416,416,4,2024-09-20,2026-04-08,Cancelada,Passante
417,417,5,2024-08-14,,Ativa,Passante
418,418,1,2025-04-25,2025-08-27,Cancelada,Site
419,419,3,2025-06-21,,Ativa,Passante
420,420,3,2024-10-15,,Ativa,Passante
421,421,6,2025-01-05,,Ativa,Empresa
422,422,8,2024-12-29,,Ativa,Site
423,423,7,2024-12-13,,Ativa,Site
424,424,3,2025-04-10,,Ativa,Indicação
425,425,6,2024-10-16,2025-12-22,Cancelada,Site
426,426,8,2025-03-27,,Ativa,Site
427,427,5,2024-04-28,2025-12-31,Cancelada,Passante
428,428,1,2024-03-26,2026-03-25,Cancelada,Indicação
429,429,7,2024-04-03,,Ativa,Passante
430,430,2,2024-08-12,,Ativa,Site
431,431,8,2025-06-20,,Ativa,Empresa
432,432,2,2025-02-13,,Ativa,Site
433,433,1,2025-03-15,,Ativa,Site
434,434,8,2024-09-19,2025-08-29,Cancelada,Passante
435,435,2,2025-04-27,,Ativa,Indicação
436,436,2,2024-04-01,,Ativa,Passante
437,437,1,2024-03-10,2026-01-21,Cancelada,Indicação
438,438,8,2025-03-16,,Ativa,Passante
439,439,5,2025-03-28,,Ativa,Indicação
440,440,5,2025-03-22,,Ativa,Passante
441,441,6,2024-06-27,,Ativa,Indicação
442,442,2,2024-11-28,2026-06-05,Cancelada,Site
443,443,7,2024-09-22,2025-10-16,Cancelada,Passante
444,444,6,2024-05-14,,Ativa,Empresa
445,445,1,2024-04-13,,Ativa,Passante
446,446,2,2024-07-23,,Ativa,Empresa
447,447,3,2024-04-07,,Ativa,Site
448,448,4,2025-04-15,,Ativa,Passante
449,449,7,2024-07-18,,Ativa,Indicação
450,450,6,2024-03-31,,Ativa,Indicação
451,451,1,2025-04-07,,Ativa,Empresa
452,452,5,2024-08-05,,Ativa,Passante
453,453,2,2024-09-09,,Ativa,Passante
454,454,5,2024-08-17,,Ativa,Passante
455,455,5,2024-06-05,,Ativa,Passante
456,456,2,2024-11-12,,Ativa,Indicação
457,457,3,2024-12-08,2026-04-19,Cancelada,Indicação
458,458,7,2024-12-04,2025-09-17,Cancelada,Empresa
459,459,4,2024-09-09,,Ativa,Indicação
460,460,6,2024-02-20,2025-08-11,Cancelada,Indicação
461,461,3,2024-08-15,,Ativa,Empresa
462,462,7,2025-04-04,,Ativa,Empresa
463,463,1,2024-11-05,,Ativa,Indicação
464,464,1,2025-01-20,,Ativa,Passante
465,465,4,2024-02-25,,Ativa,Site
466,466,1,2024-11-27,,Ativa,Site
467,467,2,2025-06-19,2025-08-07,Cancelada,Passante
468,468,2,2025-02-05,,Ativa,Indicação
469,469,8,2024-07-20,2026-04-25,Cancelada,Passante
470,470,3,2025-01-01,,Ativa,Empresa
471,471,5,2024-05-18,,Ativa,Empresa
472,472,7,2024-05-07,,Ativa,Site
473,473,1,2025-05-27,,Ativa,Empresa
474,474,5,2024-11-07,,Ativa,Indicação
475,475,5,2024-08-13,,Ativa,Passante
476,476,4,2025-03-28,,Ativa,Indicação
477,477,5,2024-09-28,,Ativa,Indicação
478,478,1,2024-11-08,,Ativa,Site
479,479,2,2024-06-19,2026-04-13,Cancelada,Site
480,480,2,2024-09-18,,Ativa,Empresa
481,481,1,2024-07-17,,Ativa,Passante
482,482,2,2024-04-14,,Ativa,Site
483,483,3,2024-06-10,,Ativa,Passante
484,484,8,2024-03-16,,Ativa,Empresa
485,485,6,2025-02-18,,Ativa,Passante
486,486,2,2025-05-14,,Ativa,Empresa
487,487,4,2025-06-29,,Ativa,Passante
488,488,1,2025-03-11,,Ativa,Site
489,489,2,2025-06-29,,Ativa,Passante
490,490,3,2025-06-02,,Ativa,Indicação
491,491,6,2024-11-16,,Ativa,Empresa
492,492,6,2024-05-21,,Ativa,Passante
493,493,2,2024-06-14,2025-12-14,Cancelada,Empresa
494,494,3,2024-07-28,2025-07-07,Cancelada,Indicação
495,495,2,2024-09-30,,Ativa,Passante
496,496,2,2024-09-07,,Ativa,Indicação
497,497,5,2024-04-19,,Ativa,Site
498,498,2,2024-02-20,,Ativa,Empresa
499,499,6,2024-05-19,,Ativa,Passante
500,500,3,2024-10-05,,Ativa,Passante
501,501,1,2025-05-22,2025-12-29,Cancelada,Empresa
502,502,2,2024-06-06,,Ativa,Site
503,503,7,2025-01-16,,Ativa,Passante
504,504,5,2025-06-28,2025-12-03,Cancelada,Site
505,505,5,2025-05-15,,Ativa,Indicação
506,506,6,2025-04-18,,Ativa,Indicação
507,507,4,2025-03-06,,Ativa,Empresa
508,508,7,2024-07-11,2026-02-07,Cancelada,Site
509,509,8,2024-07-05,,Ativa,Indicação
510,510,6,2025-06-25,,Ativa,Indicação
511,511,5,2024-05-04,,Ativa,Passante
512,512,8,2024-11-02,,Ativa,Passante
513,513,6,2024-06-04,,Ativa,Site
514,514,2,2024-10-16,,Ativa,Passante
515,515,1,2024-11-14,,Ativa,Site
516,516,3,2025-05-05,,Ativa,Site
517,517,3,2024-05-04,,Ativa,Empresa
518,518,3,2025-06-18,,Ativa,Passante
519,519,1,2025-06-04,,Ativa,Empresa
520,520,1,2024-03-10,,Ativa,Indicação
521,521,8,2025-05-07,2025-10-20,Cancelada,Empresa
522,522,1,2025-02-21,,Ativa,Passante
523,523,7,2025-02-16,,Ativa,Site
524,524,5,2025-05-24,,Ativa,Site
525,525,5,2025-01-03,,Ativa,Passante
526,526,1,2024-03-17,,Ativa,Indicação
527,527,4,2024-03-04,,Ativa,Site
528,528,6,2024-05-08,2025-09-19,Cancelada,Indicação
529,529,5,2024-07-18,,Ativa,Site
530,530,8,2024-04-11,,Ativa,Empresa
531,531,8,2024-03-12,,Ativa,Empresa
532,532,6,2024-12-19,,Ativa,Site
533,533,1,2024-07-02,,Ativa,Empresa
534,534,6,2024-04-29,2025-08-24,Cancelada,Passante
535,535,5,2024-04-23,,Ativa,Site
536,536,6,2025-04-13,,Ativa,Indicação
537,537,5,2024-03-27,,Ativa,Indicação
538,538,4,2025-03-30,,Ativa,Empresa
539,539,6,2024-08-06,2026-05-06,Cancelada,Passante
540,540,6,2024-02-26,,Ativa,Passante
541,541,5,2024-10-14,,Ativa,Passante
542,542,5,2024-03-12,,Ativa,Indicação
543,543,3,2025-02-24,,Ativa,Empresa
544,544,3,2024-08-07,,Ativa,Indicação
545,545,5,2024-04-21,2026-05-20,Cancelada,Site
546,546,7,2025-05-02,2026-01-07,Cancelada,Indicação
547,547,1,2025-03-22,,Ativa,Indicação
548,548,8,2024-12-16,,Ativa,Indicação
549,549,3,2025-03-02,2026-01-28,Cancelada,Site
550,550,1,2024-08-09,,Ativa,Site
551,551,6,2025-05-14,,Ativa,Site
552,552,5,2024-12-17,,Ativa,Passante
553,553,7,2024-08-13,2026-04-23,Cancelada,Indicação
554,554,6,2024-11-28,,Ativa,Indicação
555,555,4,2024-06-21,,Ativa,Empresa
556,556,2,2024-05-09,,Ativa,Indicação
557,557,3,2024-03-21,,Ativa,Site
558,558,6,2025-01-01,,Ativa,Site
559,559,4,2024-11-14,,Ativa,Site
560,560,1,2024-09-18,,Ativa,Indicação
561,561,2,2025-04-26,,Ativa,Empresa
562,562,2,2024-06-17,,Ativa,Site
563,563,5,2024-11-18,,Ativa,Passante
564,564,1,2024-08-15,,Ativa,Empresa
565,565,8,2024-11-29,,Ativa,Indicação
566,566,4,2025-04-28,,Ativa,Indicação
567,567,3,2025-02-17,,Ativa,Empresa
568,568,4,2024-11-03,2026-06-06,Cancelada,Site
569,569,4,2024-08-14,,Ativa,Passante
570,570,7,2025-02-16,,Ativa,Empresa
571,571,6,2025-01-09,,Ativa,Indicação
572,572,4,2024-09-05,,Ativa,Site
573,573,2,2024-05-24,,Ativa,Empresa
574,574,5,2024-05-29,,Ativa,Site
575,575,7,2024-10-16,,Ativa,Empresa
576,576,8,2024-11-22,,Ativa,Site
577,577,7,2024-10-06,,Ativa,Empresa
578,578,1,2025-05-23,2026-06-11,Cancelada,Empresa
579,579,1,2024-06-21,2026-04-22,Cancelada,Site
580,580,1,2024-04-12,2025-07-02,Cancelada,Passante
581,581,3,2025-02-06,,Ativa,Site
582,582,1,2024-07-07,2025-11-19,Cancelada,Site
583,583,8,2025-06-27,,Ativa,Site
584,584,6,2024-12-05,,Ativa,Empresa
585,585,5,2025-05-08,2025-12-31,Cancelada,Site
586,586,1,2024-02-19,,Ativa,Site
587,587,5,2025-02-15,2026-04-23,Cancelada,Passante
588,588,5,2025-03-23,,Ativa,Empresa
589,589,1,2024-07-18,,Ativa,Indicação
590,590,6,2024-02-21,,Ativa,Site
591,591,7,2024-08-22,,Ativa,Passante
592,592,1,2024-11-27,,Ativa,Passante
593,593,4,2025-01-16,,Ativa,Site
594,594,3,2024-02-22,,Ativa,Indicação
595,595,5,2025-04-19,,Ativa,Indicação
596,596,2,2024-05-29,2026-06-12,Cancelada,Empresa
597,597,4,2024-08-10,,Ativa,Site
598,598,7,2024-11-30,2026-01-08,Cancelada,Site
599,599,3,2025-03-06,,Ativa,Site
600,600,3,2025-04-23,2025-11-30,Cancelada,Empresa
601,601,7,2024-05-14,,Ativa,Indicação
602,602,7,2024-08-22,,Ativa,Indicação
603,603,3,2024-03-19,,Ativa,Indicação
604,604,4,2024-08-05,,Ativa,Site
605,605,2,2025-03-15,,Ativa,Passante
606,606,8,2025-06-10,,Ativa,Empresa
607,607,2,2024-06-30,,Ativa,Empresa
608,608,7,2024-04-08,,Ativa,Passante
609,609,8,2024-10-27,,Ativa,Empresa
610,610,6,2024-04-17,,Ativa,Passante
611,611,8,2024-09-26,2025-10-24,Cancelada,Passante
612,612,6,2024-07-16,2025-08-11,Cancelada,Site
613,613,5,2024-10-06,,Ativa,Site
614,614,4,2025-05-16,,Ativa,Site
615,615,5,2025-02-21,2025-10-01,Cancelada,Site
616,616,4,2025-04-20,2025-12-29,Cancelada,Indicação
617,617,6,2024-06-29,,Ativa,Indicação
618,618,4,2025-05-17,2026-05-20,Cancelada,Site
619,619,5,2025-04-19,,Ativa,Indicação
620,620,2,2025-02-21,,Ativa,Empresa
621,621,2,2025-03-12,2025-11-03,Cancelada,Site
622,622,8,2025-06-24,,Ativa,Empresa
623,623,4,2024-11-22,,Ativa,Passante
624,624,7,2024-11-29,2025-10-13,Cancelada,Passante
625,625,6,2024-03-08,,Ativa,Empresa
626,626,6,2025-06-07,,Ativa,Passante
627,627,8,2024-05-13,,Ativa,Passante
628,628,6,2025-05-22,,Ativa,Passante
629,629,6,2024-06-13,,Ativa,Empresa
630,630,8,2024-09-11,2025-09-09,Cancelada,Indicação
631,631,7,2025-05-08,,Ativa,Site
632,632,3,2025-01-09,2025-10-01,Cancelada,Site
633,633,2,2024-04-14,2026-06-21,Cancelada,Indicação
634,634,7,2024-09-01,,Ativa,Passante
635,635,4,2025-06-04,,Ativa,Indicação
636,636,7,2025-02-04,,Ativa,Passante
637,637,8,2024-02-28,2026-02-07,Cancelada,Site
638,638,7,2024-10-26,,Ativa,Indicação
639,639,1,2024-08-11,2025-12-14,Cancelada,Empresa
640,640,2,2024-08-29,2026-03-15,Cancelada,Site
641,641,8,2024-04-28,,Ativa,Indicação
642,642,8,2024-11-21,2026-02-12,Cancelada,Site
643,643,4,2024-06-04,,Ativa,Site
644,644,5,2024-03-06,,Ativa,Indicação
645,645,1,2025-06-22,,Ativa,Site
646,646,5,2024-06-02,2025-09-22,Cancelada,Passante
647,647,8,2025-05-23,,Ativa,Empresa
648,648,7,2025-04-18,2026-01-01,Cancelada,Passante
649,649,3,2024-10-05,,Ativa,Indicação
650,650,8,2024-11-19,,Ativa,Passante
651,651,2,2024-02-26,2025-07-30,Cancelada,Site
652,652,3,2025-04-06,,Ativa,Site
653,653,8,2025-01-31,,Ativa,Site
654,654,7,2024-11-20,,Ativa,Site
655,655,8,2024-11-01,,Ativa,Site
656,656,2,2024-12-15,,Ativa,Empresa
657,657,6,2024-05-21,,Ativa,Site
658,658,4,2025-01-21,,Ativa,Indicação
659,659,8,2024-10-31,,Ativa,Passante
660,660,7,2025-02-09,2026-03-10,Cancelada,Empresa
661,661,6,2024-09-10,,Ativa,Indicação
662,662,8,2024-07-01,,Ativa,Empresa
663,663,6,2024-09-18,,Ativa,Site
664,664,4,2024-04-05,2025-10-24,Cancelada,Site
665,665,7,2024-11-12,,Ativa,Empresa
666,666,1,2024-08-02,,Ativa,Site
667,667,2,2024-09-09,,Ativa,Site
668,668,7,2024-05-26,,Ativa,Empresa
669,669,1,2024-08-15,2026-03-05,Cancelada,Site
670,670,8,2024-03-04,,Ativa,Indicação
671,671,8,2024-03-12,2025-07-07,Cancelada,Site
672,672,1,2024-12-20,,Ativa,Passante
673,673,3,2024-06-05,2025-08-01,Cancelada,Site
674,674,3,2025-01-17,,Ativa,Indicação
675,675,8,2024-07-04,,Ativa,Passante
676,676,7,2025-04-24,,Ativa,Passante
677,677,6,2025-06-13,,Ativa,Indicação
678,678,8,2025-03-18,,Ativa,Indicação
679,679,4,2024-07-04,2025-08-22,Cancelada,Indicação
680,680,2,2025-03-24,,Ativa,Empresa
681,681,1,2024-07-17,2025-12-23,Cancelada,Indicação
682,682,1,2024-04-04,,Ativa,Empresa
683,683,2,2024-06-14,,Ativa,Empresa
684,684,8,2024-08-30,,Ativa,Empresa
685,685,6,2024-07-01,2026-06-28,Cancelada,Empresa
686,686,5,2024-12-06,2026-06-30,Cancelada,Passante
687,687,6,2025-02-03,,Ativa,Empresa
688,688,5,2025-05-15,2025-10-05,Cancelada,Site
689,689,7,2025-06-19,,Ativa,Empresa
690,690,5,2024-12-09,,Ativa,Indicação
691,691,3,2024-12-23,,Ativa,Empresa
692,692,4,2024-08-11,,Ativa,Empresa
693,693,5,2024-09-16,,Ativa,Empresa
694,694,2,2024-06-17,,Ativa,Passante
695,695,1,2024-05-26,,Ativa,Site
696,696,2,2024-07-04,,Ativa,Empresa
697,697,7,2024-11-12,,Ativa,Empresa
698,698,4,2024-11-02,2025-08-03,Cancelada,Passante
699,699,7,2025-05-25,,Ativa,Indicação
700,700,4,2025-04-19,,Ativa,Indicação
701,701,7,2025-01-01,,Ativa,Empresa
702,702,4,2024-06-04,,Ativa,Site
703,703,4,2025-05-11,,Ativa,Passante
704,704,5,2025-01-25,,Ativa,Passante
705,705,8,2024-02-27,,Ativa,Site
706,706,6,2024-02-20,,Ativa,Site
707,707,1,2024-07-02,,Ativa,Passante
708,708,3,2025-05-01,,Ativa,Passante
709,709,4,2025-05-01,,Ativa,Site
710,710,7,2025-03-02,,Ativa,Site
711,711,4,2024-10-18,,Ativa,Passante
712,712,8,2024-03-08,,Ativa,Passante
713,713,6,2024-06-04,,Ativa,Site
714,714,7,2025-02-21,2025-10-04,Cancelada,Passante
715,715,2,2024-06-03,,Ativa,Empresa
716,716,6,2025-06-14,,Ativa,Empresa
717,717,1,2024-02-25,2026-01-24,Cancelada,Indicação
718,718,8,2024-11-26,,Ativa,Site
719,719,1,2024-07-05,,Ativa,Indicação
720,720,4,2024-12-07,,Ativa,Empresa
721,721,5,2024-08-25,,Ativa,Empresa
722,722,5,2025-04-15,,Ativa,Passante
723,723,4,2024-06-28,,Ativa,Site
724,724,1,2025-06-06,,Ativa,Site
725,725,7,2024-03-22,2025-11-16,Cancelada,Passante
726,726,8,2024-11-06,,Ativa,Passante
727,727,3,2024-09-21,,Ativa,Empresa
728,728,2,2024-08-30,2026-03-06,Cancelada,Empresa
729,729,5,2024-12-12,,Ativa,Passante
730,730,7,2024-11-25,,Ativa,Empresa
731,731,4,2024-05-02,,Ativa,Site
732,732,5,2024-11-02,2026-02-10,Cancelada,Indicação
733,733,8,2025-02-23,2025-11-28,Cancelada,Empresa
734,734,3,2024-04-14,2025-09-10,Cancelada,Indicação
735,735,7,2025-02-28,,Ativa,Empresa
736,736,5,2025-06-25,,Ativa,Indicação
737,737,1,2024-06-01,,Ativa,Site
738,738,1,2024-07-03,,Ativa,Site
739,739,8,2024-11-04,,Ativa,Site
740,740,4,2025-06-30,,Ativa,Passante
741,741,7,2024-10-23,2026-05-28,Cancelada,Site
742,742,2,2025-02-10,,Ativa,Indicação
743,743,1,2024-06-05,2025-08-20,Cancelada,Indicação
744,744,1,2024-06-20,,Ativa,Empresa
745,745,7,2025-04-29,,Ativa,Passante
746,746,8,2024-11-19,,Ativa,Site
747,747,2,2024-11-07,,Ativa,Site
748,748,4,2025-06-11,,Ativa,Site
749,749,7,2024-09-03,,Ativa,Indicação
750,750,3,2024-08-14,2026-03-11,Cancelada,Site
751,751,7,2025-05-04,,Ativa,Site
752,752,2,2024-11-09,,Ativa,Indicação
753,753,7,2025-05-14,,Ativa,Empresa
754,754,8,2024-05-30,2026-03-14,Cancelada,Passante
755,755,6,2025-02-18,2025-11-06,Cancelada,Indicação
756,756,6,2025-03-12,,Ativa,Passante
757,757,8,2024-11-16,,Ativa,Indicação
758,758,1,2024-10-06,,Ativa,Passante
759,759,6,2025-01-28,,Ativa,Empresa
760,760,2,2025-04-02,,Ativa,Indicação
761,761,1,2025-04-23,2025-12-23,Cancelada,Empresa
762,762,7,2024-07-29,2025-10-04,Cancelada,Empresa
763,763,1,2024-04-23,,Ativa,Site
764,764,4,2024-03-08,,Ativa,Empresa
765,765,5,2025-03-12,,Ativa,Passante
766,766,7,2025-03-02,,Ativa,Empresa
767,767,3,2024-04-28,,Ativa,Indicação
768,768,1,2024-06-19,2026-01-15,Cancelada,Empresa
769,769,1,2025-06-18,2026-02-20,Cancelada,Indicação
770,770,3,2025-06-24,,Ativa,Passante
771,771,7,2024-11-25,2026-01-30,Cancelada,Empresa
772,772,4,2025-02-04,,Ativa,Indicação
773,773,4,2024-08-20,,Ativa,Empresa
774,774,1,2025-06-21,,Ativa,Passante
775,775,7,2024-07-04,,Ativa,Indicação
776,776,8,2025-02-14,,Ativa,Empresa
777,777,1,2025-04-03,,Ativa,Empresa
778,778,8,2025-02-24,,Ativa,Empresa
779,779,6,2024-08-15,,Ativa,Passante
780,780,2,2025-06-21,,Ativa,Indicação
781,781,5,2024-06-05,,Ativa,Indicação
782,782,1,2024-08-03,,Ativa,Indicação
783,783,6,2024-07-13,2026-03-06,Cancelada,Indicação
784,784,2,2025-01-24,,Ativa,Site
785,785,5,2024-07-04,,Ativa,Site
786,786,3,2024-04-24,2025-07-14,Cancelada,Passante
787,787,6,2024-10-01,,Ativa,Indicação
788,788,4,2025-03-16,,Ativa,Site
789,789,5,2025-05-09,,Ativa,Empresa
790,790,2,2024-03-21,,Ativa,Indicação
791,791,3,2024-11-15,2026-02-13,Cancelada,Passante
792,792,1,2024-07-25,,Ativa,Site
793,793,6,2024-12-15,,Ativa,Indicação
794,794,1,2024-08-12,2026-06-25,Cancelada,Empresa
795,795,7,2024-04-05,2026-01-18,Cancelada,Indicação
796,796,7,2024-12-11,,Ativa,Passante
797,797,2,2024-05-27,,Ativa,Site
798,798,8,2025-03-18,,Ativa,Site
799,799,5,2025-03-11,,Ativa,Site
800,800,4,2025-04-02,,Ativa,Indicação
801,801,2,2025-01-06,,Ativa,Empresa
802,802,6,2024-02-26,,Ativa,Empresa
803,803,4,2024-03-03,2025-10-06,Cancelada,Indicação
804,804,6,2024-07-28,,Ativa,Indicação
805,805,3,2024-07-31,,Ativa,Site
806,806,3,2024-12-04,,Ativa,Passante
807,807,2,2024-05-07,,Ativa,Site
808,808,1,2025-05-08,,Ativa,Passante
809,809,8,2024-10-25,,Ativa,Empresa
810,810,8,2025-02-03,,Ativa,Site
811,811,6,2025-02-04,,Ativa,Empresa
812,812,3,2024-04-18,,Ativa,Site
813,813,2,2025-04-26,,Ativa,Indicação
814,814,3,2024-09-26,2026-06-27,Cancelada,Empresa
815,815,3,2024-06-24,,Ativa,Site
816,816,8,2024-07-28,,Ativa,Site
817,817,7,2025-02-24,2025-07-17,Cancelada,Empresa
818,818,7,2025-04-02,,Ativa,Empresa
819,819,4,2025-04-05,,Ativa,Empresa
820,820,4,2024-12-21,,Ativa,Passante
821,821,6,2025-02-04,,Ativa,Site
822,822,4,2024-09-03,,Ativa,Indicação
823,823,5,2025-04-06,2026-02-06,Cancelada,Empresa
824,824,7,2025-04-20,,Ativa,Passante
825,825,7,2024-05-19,,Ativa,Passante
826,826,6,2024-05-04,,Ativa,Empresa
827,827,8,2025-01-25,,Ativa,Indicação
828,828,8,2025-03-15,,Ativa,Empresa
829,829,5,2024-11-28,,Ativa,Empresa
830,830,1,2024-03-29,,Ativa,Passante
831,831,7,2024-09-23,2026-05-14,Cancelada,Empresa
832,832,3,2025-04-02,,Ativa,Passante
833,833,5,2024-04-05,,Ativa,Empresa
834,834,1,2025-05-29,,Ativa,Empresa
835,835,2,2025-02-18,,Ativa,Indicação
836,836,7,2025-01-18,,Ativa,Site
837,837,7,2024-10-08,2025-07-02,Cancelada,Site
838,838,6,2025-04-07,,Ativa,Site
839,839,8,2025-05-17,2025-07-13,Cancelada,Passante
840,840,2,2024-08-19,,Ativa,Site
841,841,2,2024-08-16,,Ativa,Site
842,842,1,2024-04-13,,Ativa,Site
843,843,8,2025-05-19,,Ativa,Passante
844,844,6,2025-02-17,,Ativa,Empresa
845,845,8,2025-06-06,,Ativa,Site
846,846,3,2025-01-03,,Ativa,Passante
847,847,4,2024-02-22,,Ativa,Passante
848,848,1,2024-10-29,,Ativa,Passante
849,849,7,2025-02-05,,Ativa,Site
850,850,3,2025-05-02,,Ativa,Empresa
851,851,5,2024-12-10,,Ativa,Passante
852,852,4,2024-04-25,2025-07-30,Cancelada,Site
853,853,2,2024-05-20,2026-06-16,Cancelada,Indicação
854,854,6,2024-06-15,,Ativa,Site
855,855,1,2025-06-12,2025-08-29,Cancelada,Empresa
856,856,4,2025-01-18,,Ativa,Passante
857,857,7,2025-02-11,,Ativa,Indicação
858,858,5,2024-03-11,,Ativa,Site
859,859,2,2024-09-02,,Ativa,Site
860,860,6,2025-06-17,,Ativa,Passante
861,861,6,2025-04-02,,Ativa,Site
862,862,7,2024-04-18,,Ativa,Empresa
863,863,1,2025-06-12,2026-01-17,Cancelada,Passante
864,864,6,2024-08-21,,Ativa,Passante
865,865,4,2025-06-26,,Ativa,Site
866,866,4,2024-11-19,,Ativa,Passante
867,867,5,2024-06-20,,Ativa,Passante
868,868,2,2024-12-06,2026-04-23,Cancelada,Indicação
869,869,2,2024-03-14,,Ativa,Empresa
870,870,6,2024-08-25,,Ativa,Site
871,871,4,2025-04-04,2026-04-24,Cancelada,Indicação
872,872,1,2024-11-20,,Ativa,Empresa
873,873,7,2025-01-26,,Ativa,Site
874,874,2,2024-02-22,,Ativa,Site
875,875,5,2024-05-10,2026-05-05,Cancelada,Indicação
876,876,1,2024-09-05,,Ativa,Site
877,877,8,2025-04-01,,Ativa,Indicação
878,878,5,2024-06-01,,Ativa,Empresa
879,879,1,2025-06-01,,Ativa,Passante
880,880,6,2024-09-12,,Ativa,Empresa
881,881,6,2024-07-13,,Ativa,Passante
882,882,2,2024-06-04,,Ativa,Indicação
883,883,2,2025-05-31,,Ativa,Passante
884,884,3,2024-05-17,,Ativa,Passante
885,885,4,2024-08-16,,Ativa,Empresa
886,886,5,2025-04-13,,Ativa,Empresa
887,887,1,2025-01-13,,Ativa,Indicação
888,888,4,2024-04-24,,Ativa,Passante
889,889,1,2024-05-31,,Ativa,Site
890,890,6,2024-08-16,2026-01-26,Cancelada,Passante
891,891,2,2024-03-15,,Ativa,Empresa
892,892,3,2024-12-19,,Ativa,Passante
893,893,6,2025-02-28,,Ativa,Passante
894,894,2,2025-01-05,2025-09-26,Cancelada,Site
895,895,1,2024-06-11,2026-04-13,Cancelada,Site
896,896,4,2024-07-13,,Ativa,Passante
897,897,3,2024-08-05,,Ativa,Passante
898,898,8,2025-02-07,,Ativa,Passante
899,899,2,2025-04-18,,Ativa,Empresa
900,900,4,2025-05-15,,Ativa,Empresa
901,901,4,2024-05-13,,Ativa,Indicação
902,902,8,2025-02-18,,Ativa,Site
903,903,6,2024-10-13,2026-02-10,Cancelada,Site
904,904,8,2025-04-12,,Ativa,Indicação
905,905,8,2024-09-02,,Ativa,Passante
906,906,6,2024-11-11,,Ativa,Indicação
907,907,5,2024-12-10,2026-05-19,Cancelada,Indicação
908,908,3,2025-03-28,,Ativa,Passante
909,909,8,2024-06-20,,Ativa,Site
910,910,5,2024-07-10,,Ativa,Indicação
911,911,5,2024-03-25,,Ativa,Site
912,912,8,2024-08-03,2025-08-09,Cancelada,Passante
913,913,8,2024-05-15,,Ativa,Passante
914,914,2,2024-05-22,,Ativa,Empresa
915,915,8,2025-02-19,,Ativa,Site
916,916,2,2024-10-08,2025-07-17,Cancelada,Passante
917,917,5,2025-03-15,2025-11-18,Cancelada,Empresa
918,918,6,2024-09-01,,Ativa,Site
919,919,6,2024-10-22,2025-10-09,Cancelada,Indicação
920,920,8,2024-06-13,,Ativa,Passante
921,921,8,2025-05-06,,Ativa,Empresa
922,922,3,2024-04-14,,Ativa,Passante
923,923,3,2024-03-27,,Ativa,Passante
924,924,8,2025-06-21,2025-08-01,Cancelada,Passante
925,925,2,2024-03-24,,Ativa,Empresa
926,926,8,2025-05-13,,Ativa,Indicação
927,927,4,2025-01-22,,Ativa,Passante
928,928,8,2024-10-29,,Ativa,Site
929,929,3,2024-06-13,,Ativa,Indicação
930,930,2,2024-11-02,,Ativa,Site
931,931,8,2024-12-31,,Ativa,Empresa
932,932,6,2024-07-05,2025-11-25,Cancelada,Site
933,933,3,2024-08-24,,Ativa,Empresa
934,934,7,2025-06-12,2025-09-27,Cancelada,Empresa
935,935,7,2024-07-15,,Ativa,Passante
936,936,5,2025-03-28,,Ativa,Site
937,937,2,2025-03-19,2026-05-05,Cancelada,Indicação
938,938,7,2024-02-29,,Ativa,Site
939,939,8,2024-10-09,2025-11-05,Cancelada,Passante
940,940,6,2025-05-15,,Ativa,Indicação
941,941,6,2025-05-24,,Ativa,Site
942,942,5,2024-07-15,,Ativa,Empresa
943,943,3,2024-04-24,,Ativa,Indicação
944,944,2,2025-06-26,,Ativa,Indicação
945,945,7,2024-07-31,,Ativa,Site
946,946,7,2025-02-27,2026-06-09,Cancelada,Site
947,947,8,2024-05-28,2026-05-01,Cancelada,Passante
948,948,2,2024-05-05,,Ativa,Passante
949,949,4,2024-08-26,,Ativa,Site
950,950,6,2024-03-01,2025-09-29,Cancelada,Site
951,951,6,2025-06-13,,Ativa,Passante
952,952,5,2025-01-05,,Ativa,Site
953,953,1,2025-01-31,,Ativa,Passante
954,954,3,2025-04-20,,Ativa,Site
955,955,7,2025-06-26,,Ativa,Empresa
956,956,5,2024-08-29,2025-12-19,Cancelada,Empresa
957,957,1,2024-08-15,,Ativa,Site
958,958,1,2024-07-09,,Ativa,Passante
959,959,1,2024-12-18,,Ativa,Site
960,960,3,2024-05-03,,Ativa,Empresa
961,961,5,2024-07-02,,Ativa,Site
962,962,5,2024-03-02,,Ativa,Indicação
963,963,7,2025-01-04,,Ativa,Passante
964,964,5,2024-04-26,,Ativa,Empresa
965,965,5,2025-01-23,,Ativa,Empresa
966,966,2,2025-04-10,,Ativa,Site
967,967,8,2025-05-26,,Ativa,Site
968,968,6,2025-06-27,2026-04-23,Cancelada,Site
969,969,7,2024-07-13,,Ativa,Empresa
970,970,8,2025-05-16,,Ativa,Site
971,971,4,2024-08-06,,Ativa,Site
972,972,7,2024-12-30,2025-10-16,Cancelada,Site
973,973,2,2025-03-06,,Ativa,Site
974,974,8,2024-09-01,,Ativa,Indicação
975,975,3,2024-08-20,,Ativa,Empresa
976,976,7,2024-09-10,,Ativa,Empresa
977,977,7,2025-04-11,,Ativa,Site
978,978,2,2025-05-12,2026-03-17,Cancelada,Empresa
979,979,6,2024-08-31,,Ativa,Empresa
980,980,1,2025-04-22,,Ativa,Site
981,981,1,2024-11-12,,Ativa,Empresa
982,982,8,2024-08-31,,Ativa,Indicação
983,983,4,2024-11-10,2025-11-05,Cancelada,Passante
984,984,4,2024-11-23,2026-05-05,Cancelada,Indicação
985,985,5,2024-08-12,2025-07-11,Cancelada,Site
986,986,7,2024-03-24,,Ativa,Passante
987,987,5,2025-03-19,,Ativa,Passante
988,988,4,2024-11-09,,Ativa,Passante
989,989,2,2025-02-13,,Ativa,Indicação
990,990,1,2025-01-27,,Ativa,Passante
991,991,6,2024-06-07,,Ativa,Passante
992,992,3,2024-03-06,,Ativa,Passante
993,993,8,2025-02-15,2025-11-03,Cancelada,Passante
994,994,5,2025-03-26,,Ativa,Passante
995,995,5,2024-10-08,,Ativa,Empresa
996,996,5,2024-07-26,2026-05-25,Cancelada,Site
997,997,4,2024-11-03,,Ativa,Site
998,998,1,2025-01-23,,Ativa,Empresa
999,999,6,2024-02-24,,Ativa,Indicação
1000,1000,8,2025-02-01,,Ativa,Passante
1001,1001,6,2025-01-07,,Ativa,Site
1002,1002,2,2024-06-11,,Ativa,Passante
1003,1003,3,2025-04-18,,Ativa,Passante
1004,1004,5,2025-02-05,,Ativa,Passante
1005,1005,8,2024-10-15,,Ativa,Indicação
1006,1006,7,2024-03-18,,Ativa,Site
1007,1007,1,2025-03-12,,Ativa,Empresa
1008,1008,6,2024-04-11,,Ativa,Passante
1009,1009,5,2024-05-20,,Ativa,Site
1010,1010,5,2024-06-01,,Ativa,Empresa
1011,1011,3,2024-11-29,,Ativa,Empresa
1012,1012,1,2024-06-03,,Ativa,Empresa
1013,1013,2,2024-06-23,,Ativa,Indicação
1014,1014,6,2025-05-24,,Ativa,Indicação
1015,1015,4,2025-01-12,,Ativa,Indicação
1016,1016,1,2025-06-15,,Ativa,Empresa
1017,1017,2,2024-12-31,,Ativa,Empresa
1018,1018,8,2024-08-14,,Ativa,Indicação
1019,1019,5,2025-05-19,,Ativa,Empresa
1020,1020,1,2025-02-05,,Ativa,Indicação
1021,1021,5,2025-03-30,,Ativa,Empresa
1022,1022,5,2024-10-20,,Ativa,Site
1023,1023,8,2024-12-04,,Ativa,Empresa
1024,1024,4,2024-11-28,,Ativa,Indicação
1025,1025,1,2024-08-12,,Ativa,Passante
1026,1026,2,2025-04-29,2026-05-09,Cancelada,Site
1027,1027,1,2024-09-13,2025-11-28,Cancelada,Indicação
1028,1028,3,2024-07-04,,Ativa,Site
1029,1029,4,2024-03-12,,Ativa,Passante
1030,1030,6,2024-04-17,,Ativa,Empresa
1031,1031,1,2024-03-11,2025-12-04,Cancelada,Empresa
1032,1032,4,2025-05-24,,Ativa,Site
1033,1033,5,2025-02-02,2026-03-16,Cancelada,Passante
1034,1034,2,2025-06-07,,Ativa,Passante
1035,1035,8,2024-11-11,,Ativa,Passante
1036,1036,8,2024-07-12,,Ativa,Site
1037,1037,2,2024-05-09,,Ativa,Empresa
1038,1038,4,2024-11-10,,Ativa,Empresa
1039,1039,6,2024-06-19,,Ativa,Empresa
1040,1040,7,2025-04-07,,Ativa,Site
1041,1041,8,2025-02-21,,Ativa,Site
1042,1042,4,2025-04-27,,Ativa,Indicação
1043,1043,1,2024-03-03,,Ativa,Site
1044,1044,7,2024-04-12,,Ativa,Indicação
1045,1045,6,2024-10-10,2025-08-17,Cancelada,Site
1046,1046,8,2024-09-30,,Ativa,Passante
1047,1047,2,2025-01-04,,Ativa,Empresa
1048,1048,7,2025-01-23,,Ativa,Indicação
1049,1049,8,2024-07-31,,Ativa,Passante
1050,1050,4,2024-10-24,,Ativa,Site
1051,1051,1,2024-04-29,,Ativa,Indicação
1052,1052,5,2024-03-26,,Ativa,Passante
1053,1053,8,2024-11-11,,Ativa,Indicação
1054,1054,6,2024-09-18,2026-01-22,Cancelada,Empresa
1055,1055,6,2024-09-23,,Ativa,Passante
1056,1056,8,2025-01-25,,Ativa,Passante
1057,1057,1,2025-01-13,,Ativa,Passante
1058,1058,4,2024-03-20,,Ativa,Empresa
1059,1059,2,2024-03-10,,Ativa,Passante
1060,1060,4,2024-09-14,,Ativa,Empresa
1061,1061,5,2024-05-11,,Ativa,Indicação
1062,1062,1,2025-01-25,,Ativa,Indicação
1063,1063,3,2024-10-21,2026-02-22,Cancelada,Empresa
1064,1064,2,2025-04-04,,Ativa,Site
1065,1065,1,2025-04-09,,Ativa,Passante
1066,1066,2,2024-06-14,,Ativa,Site
1067,1067,6,2024-07-26,,Ativa,Passante
1068,1068,3,2024-11-24,2026-01-13,Cancelada,Site
1069,1069,1,2024-10-06,2025-09-21,Cancelada,Site
1070,1070,5,2024-05-20,,Ativa,Indicação
1071,1071,3,2024-11-19,,Ativa,Site
1072,1072,6,2025-03-05,2025-10-31,Cancelada,Passante
1073,1073,3,2024-08-12,,Ativa,Indicação
1074,1074,3,2024-08-30,,Ativa,Indicação
1075,1075,2,2024-11-29,,Ativa,Site
1076,1076,8,2024-05-19,,Ativa,Site
1077,1077,4,2025-03-24,,Ativa,Indicação
1078,1078,1,2024-11-16,,Ativa,Site
1079,1079,4,2024-05-22,,Ativa,Passante
1080,1080,4,2024-08-22,2025-12-26,Cancelada,Indicação
1081,1081,2,2024-02-19,,Ativa,Indicação
1082,1082,8,2024-06-14,,Ativa,Passante
1083,1083,1,2024-05-19,,Ativa,Site
1084,1084,1,2025-06-07,,Ativa,Site
1085,1085,5,2025-05-15,,Ativa,Passante
1086,1086,6,2025-04-21,,Ativa,Indicação
1087,1087,5,2025-05-10,,Ativa,Site
1088,1088,8,2024-08-30,2026-01-12,Cancelada,Passante
1089,1089,5,2025-01-26,,Ativa,Site
1090,1090,4,2024-10-15,,Ativa,Passante
1091,1091,3,2024-07-31,,Ativa,Site
1092,1092,2,2024-06-26,,Ativa,Empresa
1093,1093,6,2024-09-22,,Ativa,Site
1094,1094,8,2024-07-06,,Ativa,Indicação
1095,1095,1,2025-02-05,2025-10-13,Cancelada,Site
1096,1096,2,2024-12-22,,Ativa,Empresa
1097,1097,4,2025-01-26,2025-10-16,Cancelada,Site
1098,1098,1,2024-03-27,,Ativa,Passante
1099,1099,3,2024-10-03,,Ativa,Site
1100,1100,5,2024-08-28,,Ativa,Indicação
1101,1101,6,2024-02-28,,Ativa,Empresa
1102,1102,2,2024-07-04,,Ativa,Indicação
1103,1103,7,2024-11-09,,Ativa,Passante
1104,1104,2,2025-05-16,,Ativa,Indicação
1105,1105,4,2024-03-14,,Ativa,Indicação
1106,1106,7,2024-09-02,,Ativa,Site
1107,1107,6,2024-07-18,,Ativa,Passante
1108,1108,8,2025-03-31,,Ativa,Passante
1109,1109,3,2025-05-24,2026-03-11,Cancelada,Passante
1110,1110,7,2024-05-22,,Ativa,Empresa
1111,1111,6,2024-04-26,,Ativa,Passante
1112,1112,6,2024-08-24,,Ativa,Site
1113,1113,1,2024-05-09,2026-03-17,Cancelada,Empresa
1114,1114,8,2024-07-08,2026-05-07,Cancelada,Indicação
1115,1115,2,2024-04-16,,Ativa,Empresa
1116,1116,3,2024-10-28,2026-01-07,Cancelada,Passante
1117,1117,4,2024-09-12,,Ativa,Site
1118,1118,8,2024-08-10,2025-12-03,Cancelada,Site
1119,1119,2,2024-09-16,,Ativa,Indicação
1120,1120,4,2025-01-09,,Ativa,Site
1121,1121,1,2025-03-26,,Ativa,Empresa
1122,1122,2,2024-12-06,,Ativa,Site
1123,1123,2,2025-01-05,,Ativa,Empresa
1124,1124,8,2024-12-24,,Ativa,Passante
1125,1125,3,2024-11-25,,Ativa,Site
1126,1126,4,2025-06-06,,Ativa,Empresa
1127,1127,5,2024-06-01,,Ativa,Passante
1128,1128,8,2024-03-15,2026-05-09,Cancelada,Empresa
1129,1129,5,2025-05-22,2025-07-27,Cancelada,Empresa
1130,1130,3,2025-03-16,2026-03-17,Cancelada,Site
1131,1131,4,2024-04-09,,Ativa,Indicação
1132,1132,8,2024-04-15,,Ativa,Empresa
1133,1133,6,2024-05-27,,Ativa,Indicação
1134,1134,4,2025-04-13,,Ativa,Passante
1135,1135,1,2025-04-28,,Ativa,Passante
1136,1136,7,2024-12-19,,Ativa,Site
1137,1137,3,2024-11-03,2026-04-15,Cancelada,Site
1138,1138,3,2025-03-17,,Ativa,Site
1139,1139,5,2025-01-25,2026-06-27,Cancelada,Site
1140,1140,2,2024-12-16,,Ativa,Empresa
1141,1141,5,2025-02-27,,Ativa,Empresa
1142,1142,7,2024-04-28,,Ativa,Indicação
1143,1143,6,2024-04-24,,Ativa,Passante
1144,1144,8,2025-04-26,,Ativa,Site
1145,1145,1,2024-12-18,2026-01-10,Cancelada,Passante
1146,1146,6,2025-02-20,2025-12-16,Cancelada,Site
1147,1147,5,2024-08-28,,Ativa,Empresa
1148,1148,5,2024-06-23,,Ativa,Site
1149,1149,4,2025-03-01,,Ativa,Empresa
1150,1150,2,2025-01-19,,Ativa,Indicação
1151,1151,7,2024-07-24,,Ativa,Site
1152,1152,8,2024-06-02,,Ativa,Empresa
1153,1153,8,2025-03-06,,Ativa,Site
1154,1154,8,2025-05-20,,Ativa,Indicação
1155,1155,3,2025-06-27,,Ativa,Indicação
1156,1156,7,2024-06-19,,Ativa,Indicação
1157,1157,2,2025-06-19,,Ativa,Indicação
1158,1158,2,2024-04-15,,Ativa,Passante
1159,1159,3,2025-02-05,,Ativa,Empresa
1160,1160,3,2025-03-09,,Ativa,Site
1161,1161,4,2024-08-14,,Ativa,Site
1162,1162,2,2024-06-05,2025-07-31,Cancelada,Indicação
1163,1163,7,2024-12-01,2026-05-22,Cancelada,Site
1164,1164,8,2025-03-17,2025-08-30,Cancelada,Indicação
1165,1165,3,2025-06-02,,Ativa,Passante
1166,1166,4,2024-12-09,2026-02-26,Cancelada,Site
1167,1167,4,2024-05-28,,Ativa,Indicação
1168,1168,6,2025-04-22,,Ativa,Empresa
1169,1169,5,2024-04-17,,Ativa,Site
1170,1170,5,2024-10-15,,Ativa,Indicação
1171,1171,8,2024-05-11,,Ativa,Empresa
1172,1172,3,2024-07-06,,Ativa,Passante
1173,1173,1,2024-10-10,,Ativa,Site
1174,1174,1,2024-07-07,2025-10-24,Cancelada,Site
1175,1175,6,2024-07-24,,Ativa,Empresa
1176,1176,5,2024-11-30,,Ativa,Passante
1177,1177,1,2025-02-19,,Ativa,Indicação
1178,1178,2,2025-02-09,2026-03-16,Cancelada,Empresa
1179,1179,3,2024-08-15,2025-08-16,Cancelada,Passante
1180,1180,7,2024-06-13,,Ativa,Empresa
1181,1181,5,2025-05-03,,Ativa,Passante
1182,1182,6,2025-04-06,2025-09-10,Cancelada,Passante
1183,1183,5,2024-08-26,2026-01-09,Cancelada,Indicação
1184,1184,8,2024-03-09,2026-04-26,Cancelada,Indicação
1185,1185,8,2024-03-18,,Ativa,Passante
1186,1186,5,2025-01-16,,Ativa,Site
1187,1187,2,2025-06-24,,Ativa,Empresa
1188,1188,2,2025-01-02,,Ativa,Passante
1189,1189,8,2024-04-25,,Ativa,Passante
1190,1190,4,2025-06-23,,Ativa,Passante
1191,1191,7,2024-03-09,,Ativa,Passante
1192,1192,1,2024-03-07,,Ativa,Indicação
1193,1193,3,2024-03-14,,Ativa,Passante
1194,1194,3,2024-06-26,2026-01-02,Cancelada,Passante
1195,1195,8,2024-09-21,,Ativa,Site
1196,1196,8,2024-05-11,2025-09-19,Cancelada,Site
1197,1197,7,2025-05-11,,Ativa,Site
1198,1198,8,2024-06-15,,Ativa,Indicação
1199,1199,7,2024-08-15,,Ativa,Passante
1200,1200,1,2024-04-28,,Ativa,Site
1201,1201,1,2024-05-15,,Ativa,Passante
1202,1202,6,2025-06-12,,Ativa,Empresa
1203,1203,7,2025-06-19,,Ativa,Passante
1204,1204,7,2024-11-13,,Ativa,Passante
1205,1205,8,2024-02-25,,Ativa,Passante
1206,1206,2,2024-09-11,,Ativa,Passante
1207,1207,1,2024-02-29,2026-02-08,Cancelada,Indicação
1208,1208,7,2025-04-07,2025-09-30,Cancelada,Passante
1209,1209,7,2024-05-19,,Ativa,Passante
1210,1210,4,2025-03-11,,Ativa,Indicação
1211,1211,4,2024-10-10,2026-02-17,Cancelada,Passante
1212,1212,3,2024-08-25,,Ativa,Empresa
1213,1213,4,2024-09-12,,Ativa,Indicação
1214,1214,7,2024-06-27,2026-03-14,Cancelada,Passante
1215,1215,1,2024-12-12,,Ativa,Site
1216,1216,4,2024-10-31,,Ativa,Empresa
1217,1217,2,2025-05-24,,Ativa,Passante
1218,1218,8,2025-04-30,,Ativa,Site
1219,1219,8,2024-04-18,2026-01-21,Cancelada,Site
1220,1220,3,2024-12-16,,Ativa,Indicação
1221,1221,7,2024-05-27,,Ativa,Empresa
1222,1222,6,2024-08-30,,Ativa,Site
1223,1223,4,2024-04-09,,Ativa,Site
1224,1224,4,2024-04-02,,Ativa,Indicação
1225,1225,5,2024-11-23,,Ativa,Indicação
1226,1226,7,2024-04-25,2025-08-21,Cancelada,Passante
1227,1227,6,2024-10-29,,Ativa,Passante
1228,1228,1,2024-07-08,,Ativa,Site
1229,1229,2,2024-08-07,,Ativa,Passante
1230,1230,8,2024-10-23,,Ativa,Passante
1231,1231,3,2024-07-02,2025-12-31,Cancelada,Indicação
1232,1232,1,2024-11-13,2025-08-18,Cancelada,Indicação
1233,1233,4,2024-08-13,,Ativa,Indicação
1234,1234,1,2024-12-10,,Ativa,Empresa
1235,1235,5,2025-04-03,2026-01-15,Cancelada,Passante
1236,1236,1,2025-05-06,,Ativa,Site
1237,1237,3,2024-10-04,2026-01-24,Cancelada,Site
1238,1238,3,2025-05-10,2026-06-30,Cancelada,Site
1239,1239,1,2025-03-31,2025-08-15,Cancelada,Site
1240,1240,4,2025-03-12,,Ativa,Passante
1241,1241,6,2024-03-31,,Ativa,Empresa
1242,1242,5,2025-05-24,,Ativa,Indicação
1243,1243,7,2024-03-16,,Ativa,Site
1244,1244,4,2024-04-01,,Ativa,Passante
1245,1245,7,2024-02-28,,Ativa,Site
1246,1246,6,2024-07-05,,Ativa,Passante
1247,1247,4,2024-06-15,2026-05-01,Cancelada,Empresa
1248,1248,1,2024-03-28,,Ativa,Passante
1249,1249,6,2025-05-05,2026-05-12,Cancelada,Passante
1250,1250,3,2024-09-23,2026-05-03,Cancelada,Passante
1251,1251,6,2024-06-09,,Ativa,Site
1252,1252,4,2024-12-12,2025-08-09,Cancelada,Site
1253,1253,3,2024-11-07,,Ativa,Site
1254,1254,1,2025-02-03,,Ativa,Indicação
1255,1255,8,2025-01-18,,Ativa,Site
1256,1256,1,2025-06-08,,Ativa,Empresa
1257,1257,8,2024-03-01,,Ativa,Empresa
1258,1258,5,2024-03-12,2026-01-17,Cancelada,Passante
1259,1259,1,2025-06-14,,Ativa,Passante
1260,1260,5,2025-04-13,2026-06-23,Cancelada,Passante
1261,1261,8,2024-09-10,,Ativa,Site
1262,1262,6,2024-07-13,,Ativa,Passante
1263,1263,3,2024-05-18,,Ativa,Site
1264,1264,2,2024-09-25,,Ativa,Passante
1265,1265,2,2024-11-21,,Ativa,Empresa
1266,1266,5,2025-01-03,2026-03-19,Cancelada,Indicação
1267,1267,5,2024-05-04,2025-11-30,Cancelada,Site
1268,1268,5,2024-06-15,,Ativa,Empresa
1269,1269,6,2024-05-14,2025-12-29,Cancelada,Empresa
1270,1270,5,2025-04-11,,Ativa,Passante
1271,1271,1,2025-05-19,,Ativa,Empresa
1272,1272,4,2024-11-25,,Ativa,Empresa
1273,1273,3,2024-07-10,,Ativa,Empresa
1274,1274,5,2025-06-29,2025-08-21,Cancelada,Empresa
1275,1275,4,2024-09-20,,Ativa,Passante
1276,1276,8,2024-10-11,,Ativa,Passante
1277,1277,1,2025-02-03,2026-05-31,Cancelada,Passante
1278,1278,1,2024-08-16,2026-04-02,Cancelada,Passante
1279,1279,2,2025-03-30,,Ativa,Empresa
1280,1280,7,2024-12-26,,Ativa,Passante
1281,1281,5,2024-11-11,2025-07-10,Cancelada,Empresa
1282,1282,3,2024-08-26,2026-01-08,Cancelada,Passante
1283,1283,6,2025-06-13,,Ativa,Empresa
1284,1284,7,2025-03-12,2026-06-26,Cancelada,Empresa
1285,1285,2,2024-03-17,,Ativa,Indicação
1286,1286,3,2024-08-25,2025-08-18,Cancelada,Passante
1287,1287,1,2025-04-25,2026-05-03,Cancelada,Site
1288,1288,4,2025-01-26,,Ativa,Indicação
1289,1289,4,2024-08-28,,Ativa,Empresa
1290,1290,5,2024-06-23,,Ativa,Site
1291,1291,3,2024-10-22,,Ativa,Passante
1292,1292,4,2024-09-02,2026-01-14,Cancelada,Passante
1293,1293,5,2024-05-08,,Ativa,Indicação
1294,1294,3,2024-06-07,,Ativa,Passante
1295,1295,3,2025-06-30,,Ativa,Indicação
1296,1296,1,2025-05-13,,Ativa,Site
1297,1297,1,2025-06-15,2025-11-13,Cancelada,Empresa
1298,1298,2,2025-01-11,,Ativa,Site
1299,1299,8,2025-04-17,,Ativa,Indicação
1300,1300,7,2024-08-29,,Ativa,Site
1301,1301,3,2025-06-12,,Ativa,Indicação
1302,1302,3,2025-04-18,2026-04-09,Cancelada,Site
1303,1303,5,2024-11-09,2026-04-27,Cancelada,Empresa
1304,1304,8,2024-09-23,2025-12-27,Cancelada,Empresa
1305,1305,8,2024-02-22,,Ativa,Empresa
1306,1306,7,2024-06-26,,Ativa,Site
1307,1307,7,2024-09-21,,Ativa,Empresa
1308,1308,4,2025-04-15,,Ativa,Empresa
1309,1309,4,2024-11-21,,Ativa,Passante
1310,1310,6,2024-11-28,2026-03-18,Cancelada,Indicação
1311,1311,2,2024-11-26,,Ativa,Site
1312,1312,5,2025-03-23,,Ativa,Indicação
1313,1313,7,2025-04-19,,Ativa,Passante
1314,1314,2,2024-11-22,2025-11-09,Cancelada,Indicação
1315,1315,8,2024-09-19,2025-11-11,Cancelada,Passante
1316,1316,1,2024-12-17,,Ativa,Site
1317,1317,4,2025-01-30,,Ativa,Empresa
1318,1318,3,2024-06-28,,Ativa,Empresa
1319,1319,5,2024-09-03,,Ativa,Passante
1320,1320,7,2024-02-22,2026-05-12,Cancelada,Site
1321,1321,7,2025-01-14,,Ativa,Passante
1322,1322,3,2025-01-19,,Ativa,Passante
1323,1323,3,2024-06-30,,Ativa,Indicação
1324,1324,1,2024-11-13,,Ativa,Passante
1325,1325,8,2025-02-22,,Ativa,Empresa
1326,1326,5,2024-05-14,,Ativa,Site
1327,1327,5,2025-05-20,,Ativa,Passante
1328,1328,3,2025-02-02,,Ativa,Empresa
1329,1329,1,2024-12-29,,Ativa,Passante
1330,1330,6,2025-06-05,,Ativa,Passante
1331,1331,8,2024-08-07,,Ativa,Site
1332,1332,3,2024-06-15,2025-12-15,Cancelada,Indicação
1333,1333,4,2025-06-14,,Ativa,Site
1334,1334,3,2024-10-11,,Ativa,Passante
1335,1335,2,2025-03-26,2025-09-11,Cancelada,Site
1336,1336,1,2024-06-14,,Ativa,Empresa
1337,1337,8,2024-04-28,,Ativa,Site
1338,1338,4,2025-04-01,,Ativa,Passante
1339,1339,5,2025-06-17,2025-10-27,Cancelada,Empresa
1340,1340,1,2025-02-10,,Ativa,Passante
1341,1341,4,2024-10-19,2026-04-27,Cancelada,Empresa
1342,1342,5,2024-08-03,2026-03-01,Cancelada,Site
1343,1343,1,2025-04-22,,Ativa,Passante
1344,1344,8,2025-06-19,2025-11-17,Cancelada,Empresa
1345,1345,6,2024-08-13,2026-03-27,Cancelada,Passante
1346,1346,1,2024-05-19,,Ativa,Site
1347,1347,8,2025-03-28,,Ativa,Indicação
1348,1348,3,2025-05-28,2025-12-16,Cancelada,Site
1349,1349,5,2024-11-01,,Ativa,Passante
1350,1350,3,2024-08-26,,Ativa,Empresa
1351,1351,5,2024-07-06,,Ativa,Passante
1352,1352,1,2024-04-30,,Ativa,Passante
1353,1353,8,2024-07-06,,Ativa,Empresa
1354,1354,5,2025-04-30,,Ativa,Site
1355,1355,1,2024-11-23,2025-12-28,Cancelada,Site
1356,1356,1,2024-05-13,,Ativa,Site
1357,1357,8,2025-05-14,2026-05-23,Cancelada,Passante
1358,1358,3,2025-04-11,,Ativa,Passante
1359,1359,5,2024-11-25,,Ativa,Empresa
1360,1360,1,2025-05-04,,Ativa,Passante
1361,1361,4,2025-06-10,,Ativa,Site
1362,1362,1,2024-12-17,,Ativa,Indicação
1363,1363,3,2025-04-20,2025-08-06,Cancelada,Indicação
1364,1364,1,2025-05-18,,Ativa,Passante
1365,1365,8,2025-03-24,,Ativa,Passante
1366,1366,6,2024-07-09,,Ativa,Site
1367,1367,2,2024-06-29,2026-04-22,Cancelada,Passante
1368,1368,5,2025-02-22,,Ativa,Site
1369,1369,2,2024-06-27,,Ativa,Indicação
1370,1370,3,2024-10-10,,Ativa,Indicação
1371,1371,2,2025-05-17,,Ativa,Indicação
1372,1372,7,2024-03-14,,Ativa,Indicação
1373,1373,5,2024-02-28,,Ativa,Empresa
1374,1374,2,2024-09-16,2026-04-07,Cancelada,Empresa
1375,1375,1,2025-05-04,,Ativa,Site
1376,1376,2,2025-01-11,2026-04-03,Cancelada,Site
1377,1377,8,2025-02-13,,Ativa,Site
1378,1378,4,2024-05-31,,Ativa,Empresa
1379,1379,6,2024-11-14,,Ativa,Empresa
1380,1380,4,2025-01-04,,Ativa,Site
1381,1381,3,2025-01-21,2025-10-10,Cancelada,Empresa
1382,1382,3,2024-11-02,2025-12-27,Cancelada,Site
1383,1383,4,2024-11-27,,Ativa,Empresa
1384,1384,4,2025-04-18,,Ativa,Empresa
1385,1385,8,2024-07-01,,Ativa,Site
1386,1386,1,2025-03-23,,Ativa,Site
1387,1387,1,2024-04-12,,Ativa,Indicação
1388,1388,8,2025-02-08,2025-08-05,Cancelada,Empresa
1389,1389,2,2024-05-30,2026-03-03,Cancelada,Indicação
1390,1390,5,2025-02-11,,Ativa,Passante
1391,1391,7,2024-07-13,,Ativa,Empresa
1392,1392,6,2024-11-19,,Ativa,Indicação
1393,1393,2,2025-05-08,,Ativa,Site
1394,1394,6,2024-05-09,,Ativa,Site
1395,1395,1,2024-06-30,2026-05-03,Cancelada,Indicação
1396,1396,6,2024-08-10,,Ativa,Empresa
1397,1397,8,2024-08-12,,Ativa,Site
1398,1398,5,2025-05-29,2025-09-27,Cancelada,Empresa
1399,1399,3,2024-04-30,2026-01-14,Cancelada,Indicação
1400,1400,8,2024-02-19,2025-10-11,Cancelada,Passante
1401,1401,4,2024-10-13,,Ativa,Indicação
1402,1402,1,2024-04-11,,Ativa,Indicação
1403,1403,5,2024-07-15,2025-12-23,Cancelada,Indicação
1404,1404,3,2025-06-27,,Ativa,Site
1405,1405,1,2025-01-02,2026-01-25,Cancelada,Site
1406,1406,7,2025-06-01,,Ativa,Passante
1407,1407,6,2024-09-18,,Ativa,Site
1408,1408,4,2025-05-17,,Ativa,Passante
1409,1409,1,2024-06-12,,Ativa,Passante
1410,1410,1,2024-09-17,2025-11-22,Cancelada,Indicação
1411,1411,4,2024-10-13,2025-08-01,Cancelada,Passante
1412,1412,4,2025-06-12,,Ativa,Passante
1413,1413,1,2025-01-28,,Ativa,Passante
1414,1414,3,2025-01-27,2026-06-25,Cancelada,Site
1415,1415,8,2025-05-03,,Ativa,Passante
1416,1416,3,2024-08-12,,Ativa,Indicação
1417,1417,4,2024-08-18,,Ativa,Empresa
1418,1418,7,2024-12-14,2026-05-28,Cancelada,Indicação
1419,1419,5,2024-12-31,,Ativa,Empresa
1420,1420,7,2024-04-22,,Ativa,Site
1421,1421,4,2024-04-07,,Ativa,Empresa
1422,1422,6,2024-08-23,2026-04-23,Cancelada,Site
1423,1423,7,2025-03-07,,Ativa,Site
1424,1424,1,2025-01-16,,Ativa,Indicação
1425,1425,6,2025-04-18,2026-04-12,Cancelada,Indicação
1426,1426,4,2024-06-19,,Ativa,Passante
1427,1427,7,2024-09-13,,Ativa,Passante
1428,1428,2,2024-07-18,,Ativa,Site
1429,1429,7,2024-02-23,,Ativa,Passante
1430,1430,8,2024-08-27,,Ativa,Indicação
1431,1431,1,2024-03-09,2025-07-31,Cancelada,Site
1432,1432,6,2024-11-20,2025-08-11,Cancelada,Site
1433,1433,7,2025-02-27,,Ativa,Indicação
1434,1434,4,2024-06-09,,Ativa,Passante
1435,1435,7,2024-03-19,,Ativa,Indicação
1436,1436,8,2024-07-22,,Ativa,Site
1437,1437,4,2024-04-02,,Ativa,Passante
1438,1438,6,2024-04-16,,Ativa,Empresa
1439,1439,7,2024-08-21,2026-01-13,Cancelada,Empresa
1440,1440,4,2024-05-05,,Ativa,Site
1441,1441,4,2024-09-30,,Ativa,Indicação
1442,1442,4,2025-05-05,,Ativa,Passante
1443,1443,5,2024-07-01,,Ativa,Passante
1444,1444,3,2024-10-14,,Ativa,Passante
1445,1445,8,2024-09-04,,Ativa,Site
1446,1446,5,2024-08-17,,Ativa,Site
1447,1447,4,2024-08-04,,Ativa,Passante
1448,1448,2,2025-05-26,,Ativa,Empresa
1449,1449,5,2025-07-01,,Ativa,Site
1450,1450,3,2025-01-21,,Ativa,Empresa
1451,1451,6,2025-02-26,2025-07-15,Cancelada,Passante
1452,1452,6,2025-03-10,,Ativa,Empresa
1453,1453,7,2024-05-19,,Ativa,Empresa
1454,1454,2,2025-05-23,2025-10-28,Cancelada,Indicação
1455,1455,4,2024-03-15,,Ativa,Indicação
1456,1456,4,2024-11-28,,Ativa,Passante
1457,1457,4,2025-01-16,,Ativa,Site
1458,1458,2,2025-02-02,,Ativa,Site
1459,1459,2,2024-05-13,,Ativa,Passante
1460,1460,4,2025-01-24,2025-09-06,Cancelada,Passante
1461,1461,4,2024-10-04,2025-10-19,Cancelada,Empresa
1462,1462,1,2025-01-13,,Ativa,Indicação
1463,1463,1,2024-08-18,,Ativa,Indicação
1464,1464,6,2025-01-30,,Ativa,Indicação
1465,1465,5,2024-10-09,,Ativa,Indicação
1466,1466,5,2025-06-19,2026-03-21,Cancelada,Empresa
1467,1467,3,2025-06-16,,Ativa,Site
1468,1468,2,2024-06-30,,Ativa,Site
1469,1469,6,2025-05-16,2026-06-27,Cancelada,Passante
1470,1470,6,2024-05-31,,Ativa,Empresa
1471,1471,6,2024-09-03,2025-11-16,Cancelada,Empresa
1472,1472,7,2025-02-12,,Ativa,Empresa
1473,1473,3,2024-09-08,,Ativa,Empresa
1474,1474,7,2024-09-21,,Ativa,Site
1475,1475,4,2024-07-06,,Ativa,Indicação
1476,1476,7,2025-06-23,2025-10-23,Cancelada,Site
1477,1477,1,2024-11-30,2026-01-12,Cancelada,Site
1478,1478,8,2024-03-24,,Ativa,Indicação
1479,1479,8,2025-03-07,2025-08-25,Cancelada,Passante
1480,1480,6,2024-04-05,,Ativa,Empresa
1481,1481,3,2025-06-24,,Ativa,Indicação
1482,1482,6,2024-04-10,,Ativa,Passante
1483,1483,3,2024-04-26,,Ativa,Passante
1484,1484,5,2024-10-19,2025-07-07,Cancelada,Passante
1485,1485,7,2024-03-14,,Ativa,Indicação
1486,1486,1,2024-12-26,2025-11-17,Cancelada,Indicação
1487,1487,8,2025-04-30,,Ativa,Site
1488,1488,3,2024-08-12,,Ativa,Empresa
1489,1489,2,2025-05-26,,Ativa,Indicação
1490,1490,4,2024-11-01,,Ativa,Empresa
1491,1491,3,2025-03-04,,Ativa,Passante
1492,1492,4,2025-01-26,,Ativa,Passante
1493,1493,2,2025-06-12,,Ativa,Empresa
1494,1494,6,2025-01-21,2025-07-07,Cancelada,Indicação
1495,1495,6,2024-09-18,,Ativa,Passante
1496,1496,8,2024-10-13,2025-12-20,Cancelada,Passante
1497,1497,5,2025-04-17,,Ativa,Site
1498,1498,1,2024-04-23,2026-02-03,Cancelada,Site
1499,1499,1,2025-01-10,,Ativa,Empresa
1500,1500,2,2024-03-04,,Ativa,Empresa
1501,1501,1,2024-07-10,,Ativa,Empresa
1502,1502,5,2025-03-20,,Ativa,Empresa
1503,1503,2,2025-01-27,,Ativa,Passante
1504,1504,3,2024-04-02,,Ativa,Passante
1505,1505,5,2025-04-30,,Ativa,Site
1506,1506,2,2024-11-25,,Ativa,Passante
1507,1507,1,2024-05-11,2025-08-22,Cancelada,Indicação
1508,1508,3,2024-08-20,,Ativa,Indicação
1509,1509,7,2024-05-31,,Ativa,Site
1510,1510,6,2025-02-12,,Ativa,Indicação
1511,1511,8,2024-10-09,,Ativa,Site
1512,1512,5,2025-01-19,,Ativa,Indicação
1513,1513,1,2025-06-08,,Ativa,Passante
1514,1514,5,2024-07-01,,Ativa,Passante
1515,1515,3,2025-01-14,,Ativa,Passante
1516,1516,3,2024-10-24,,Ativa,Indicação
1517,1517,7,2024-10-03,,Ativa,Empresa
1518,1518,7,2024-08-22,2026-03-23,Cancelada,Empresa
1519,1519,3,2025-03-21,,Ativa,Indicação
1520,1520,6,2024-06-07,,Ativa,Empresa
1521,1521,6,2024-11-22,,Ativa,Site
1522,1522,6,2025-03-16,,Ativa,Passante
1523,1523,2,2024-12-16,2025-12-23,Cancelada,Indicação
1524,1524,6,2024-12-27,,Ativa,Empresa
1525,1525,3,2024-04-07,2026-03-18,Cancelada,Site
1526,1526,1,2024-03-23,,Ativa,Empresa
1527,1527,7,2025-02-15,,Ativa,Site
1528,1528,1,2024-11-06,,Ativa,Site
1529,1529,2,2024-02-20,,Ativa,Empresa
1530,1530,4,2025-01-10,,Ativa,Indicação
1531,1531,6,2024-11-21,,Ativa,Empresa
1532,1532,7,2024-04-11,2026-05-03,Cancelada,Site
1533,1533,7,2024-11-21,,Ativa,Empresa
1534,1534,1,2024-03-26,,Ativa,Empresa
1535,1535,8,2025-01-03,,Ativa,Site
1536,1536,6,2024-08-12,,Ativa,Site
1537,1537,3,2024-11-17,2026-01-07,Cancelada,Site
1538,1538,8,2024-08-21,,Ativa,Passante
1539,1539,2,2025-04-26,,Ativa,Indicação
1540,1540,5,2024-12-30,,Ativa,Indicação
1541,1541,3,2024-07-26,,Ativa,Site
1542,1542,2,2025-05-11,,Ativa,Indicação
1543,1543,7,2024-09-03,,Ativa,Site
1544,1544,2,2024-09-02,,Ativa,Indicação
1545,1545,5,2024-08-20,2025-12-28,Cancelada,Indicação
1546,1546,2,2024-04-13,,Ativa,Empresa
1547,1547,5,2024-06-11,,Ativa,Site
1548,1548,2,2024-11-09,,Ativa,Passante
1549,1549,4,2025-04-15,2025-08-29,Cancelada,Passante
1550,1550,7,2025-05-14,,Ativa,Site
1551,1551,1,2025-04-10,,Ativa,Passante
1552,1552,5,2025-05-24,,Ativa,Empresa
1553,1553,2,2025-05-15,,Ativa,Indicação
1554,1554,8,2025-02-25,2026-01-02,Cancelada,Site
1555,1555,5,2024-09-30,,Ativa,Site
1556,1556,2,2024-06-10,,Ativa,Empresa
1557,1557,8,2025-01-07,,Ativa,Empresa
1558,1558,4,2024-11-23,,Ativa,Passante
1559,1559,5,2024-05-18,2026-05-08,Cancelada,Indicação
1560,1560,7,2025-01-10,,Ativa,Site
1561,1561,2,2024-11-29,,Ativa,Passante
1562,1562,7,2024-08-19,,Ativa,Site
1563,1563,5,2024-08-23,,Ativa,Indicação
1564,1564,6,2024-06-07,2025-07-04,Cancelada,Empresa
1565,1565,5,2024-10-11,,Ativa,Passante
1566,1566,8,2025-04-10,,Ativa,Passante
1567,1567,4,2024-05-29,2025-08-01,Cancelada,Indicação
1568,1568,1,2024-09-07,,Ativa,Indicação
1569,1569,6,2025-05-12,2025-12-05,Cancelada,Indicação
1570,1570,7,2025-04-06,,Ativa,Passante
1571,1571,3,2024-11-28,,Ativa,Passante
1572,1572,7,2024-12-12,,Ativa,Empresa
1573,1573,2,2024-12-04,,Ativa,Passante
1574,1574,6,2025-01-04,,Ativa,Passante
1575,1575,7,2025-06-04,2025-09-09,Cancelada,Indicação
1576,1576,5,2024-06-23,,Ativa,Site
1577,1577,2,2024-09-28,,Ativa,Passante
1578,1578,1,2025-06-03,,Ativa,Empresa
1579,1579,2,2024-09-14,,Ativa,Indicação
1580,1580,2,2025-01-24,,Ativa,Passante
1581,1581,7,2024-09-12,,Ativa,Site
1582,1582,5,2025-03-26,,Ativa,Site
1583,1583,5,2025-05-07,,Ativa,Empresa
1584,1584,5,2024-03-19,,Ativa,Indicação
1585,1585,7,2025-02-07,,Ativa,Passante
1586,1586,2,2024-03-06,,Ativa,Site
1587,1587,5,2024-06-16,,Ativa,Indicação
1588,1588,3,2025-05-18,,Ativa,Empresa
1589,1589,4,2025-06-21,,Ativa,Passante
1590,1590,8,2024-10-27,,Ativa,Site
1591,1591,2,2025-06-05,,Ativa,Empresa
1592,1592,2,2025-04-30,,Ativa,Empresa
1593,1593,6,2024-03-17,,Ativa,Passante
1594,1594,1,2024-06-13,,Ativa,Indicação
1595,1595,6,2024-05-22,,Ativa,Indicação
1596,1596,2,2025-03-01,,Ativa,Indicação
1597,1597,2,2025-05-25,,Ativa,Empresa
1598,1598,6,2024-10-19,,Ativa,Indicação
1599,1599,4,2024-02-22,,Ativa,Site
1600,1600,6,2024-08-26,,Ativa,Indicação
1601,1601,7,2025-02-12,,Ativa,Site
1602,1602,6,2024-09-14,,Ativa,Site
1603,1603,4,2024-04-07,,Ativa,Site
1604,1604,8,2024-11-09,,Ativa,Passante
1605,1605,8,2025-04-13,,Ativa,Empresa
1606,1606,6,2025-06-19,,Ativa,Site
1607,1607,5,2025-02-09,,Ativa,Indicação
1608,1608,6,2024-06-17,,Ativa,Empresa
1609,1609,8,2025-04-28,,Ativa,Passante
1610,1610,8,2025-02-15,,Ativa,Indicação
1611,1611,7,2024-08-02,,Ativa,Site
1612,1612,1,2024-07-30,,Ativa,Site
1613,1613,2,2024-05-07,,Ativa,Empresa
1614,1614,8,2024-11-07,,Ativa,Indicação
1615,1615,5,2024-06-24,,Ativa,Empresa
1616,1616,8,2025-03-30,2025-07-25,Cancelada,Passante
1617,1617,7,2024-10-26,,Ativa,Indicação
1618,1618,8,2024-11-14,,Ativa,Empresa
1619,1619,4,2025-01-10,,Ativa,Empresa
1620,1620,8,2024-11-17,,Ativa,Site
1621,1621,8,2024-06-02,2026-01-01,Cancelada,Indicação
1622,1622,4,2024-11-20,,Ativa,Site
1623,1623,8,2025-02-24,,Ativa,Empresa
1624,1624,1,2024-04-23,,Ativa,Empresa
1625,1625,6,2024-10-14,,Ativa,Site
1626,1626,8,2024-08-07,,Ativa,Passante
1627,1627,7,2025-04-08,,Ativa,Indicação
1628,1628,1,2024-08-07,,Ativa,Empresa
1629,1629,4,2025-06-12,,Ativa,Passante
1630,1630,5,2025-04-14,,Ativa,Indicação
1631,1631,5,2024-03-25,,Ativa,Passante
1632,1632,3,2025-03-29,,Ativa,Indicação
1633,1633,8,2024-11-11,,Ativa,Indicação
1634,1634,6,2024-09-20,,Ativa,Indicação
1635,1635,7,2024-03-23,2026-05-19,Cancelada,Passante
1636,1636,5,2025-01-21,2026-02-14,Cancelada,Passante
1637,1637,3,2025-03-05,,Ativa,Passante
1638,1638,1,2024-07-19,2025-12-22,Cancelada,Indicação
1639,1639,2,2024-02-22,,Ativa,Site
1640,1640,8,2024-12-12,,Ativa,Empresa
1641,1641,6,2025-05-19,,Ativa,Empresa
1642,1642,7,2025-03-22,2026-03-29,Cancelada,Empresa
1643,1643,1,2024-10-24,,Ativa,Passante
1644,1644,1,2024-04-05,,Ativa,Site
1645,1645,8,2024-11-28,,Ativa,Site
1646,1646,2,2024-02-22,,Ativa,Passante
1647,1647,3,2024-02-26,,Ativa,Empresa
1648,1648,6,2025-06-26,,Ativa,Indicação
1649,1649,3,2024-12-05,2026-06-26,Cancelada,Passante
1650,1650,7,2024-09-01,,Ativa,Empresa
1651,1651,3,2025-01-14,,Ativa,Indicação
1652,1652,4,2024-11-10,,Ativa,Site
1653,1653,2,2025-06-15,,Ativa,Passante
1654,1654,2,2024-08-06,,Ativa,Empresa
1655,1655,3,2024-10-21,2025-11-23,Cancelada,Site
1656,1656,1,2024-08-08,,Ativa,Passante
1657,1657,2,2024-05-20,,Ativa,Indicação
1658,1658,6,2024-05-30,2026-04-23,Cancelada,Empresa
1659,1659,4,2025-02-06,,Ativa,Indicação
1660,1660,8,2024-11-27,,Ativa,Indicação
1661,1661,7,2024-11-20,,Ativa,Indicação
1662,1662,1,2025-01-28,,Ativa,Site
1663,1663,8,2024-04-16,,Ativa,Empresa
1664,1664,3,2024-03-15,,Ativa,Indicação
1665,1665,4,2025-04-28,,Ativa,Site
1666,1666,3,2024-09-11,,Ativa,Indicação
1667,1667,1,2025-03-29,2026-05-07,Cancelada,Indicação
1668,1668,7,2024-08-20,,Ativa,Empresa
1669,1669,4,2024-07-12,,Ativa,Empresa
1670,1670,1,2024-10-26,2025-07-29,Cancelada,Indicação
1671,1671,8,2024-03-05,,Ativa,Site
1672,1672,2,2024-10-11,2026-01-06,Cancelada,Empresa
1673,1673,3,2025-03-07,,Ativa,Indicação
1674,1674,8,2025-04-16,2025-07-25,Cancelada,Site
1675,1675,8,2025-03-13,2025-12-14,Cancelada,Site
1676,1676,1,2024-06-14,,Ativa,Empresa
1677,1677,1,2025-01-02,,Ativa,Site
1678,1678,6,2024-12-05,2026-01-21,Cancelada,Empresa
1679,1679,6,2025-02-09,,Ativa,Site
1680,1680,1,2025-06-21,,Ativa,Passante
1681,1681,2,2025-05-21,,Ativa,Indicação
1682,1682,3,2024-07-04,,Ativa,Indicação
1683,1683,7,2025-05-25,2025-12-27,Cancelada,Passante
1684,1684,6,2024-06-02,2025-12-08,Cancelada,Empresa
1685,1685,5,2025-06-29,,Ativa,Empresa
1686,1686,7,2024-08-16,2025-10-26,Cancelada,Indicação
1687,1687,8,2024-11-03,,Ativa,Indicação
1688,1688,8,2024-03-07,,Ativa,Indicação
1689,1689,3,2024-09-04,,Ativa,Indicação
1690,1690,4,2024-11-08,,Ativa,Passante
1691,1691,2,2024-08-08,,Ativa,Empresa
1692,1692,7,2024-12-15,,Ativa,Site
1693,1693,4,2025-01-19,,Ativa,Passante
1694,1694,7,2025-01-20,,Ativa,Indicação
1695,1695,7,2024-07-06,,Ativa,Empresa
1696,1696,4,2024-12-29,,Ativa,Passante
1697,1697,8,2024-04-11,,Ativa,Indicação
1698,1698,1,2024-11-23,2026-06-02,Cancelada,Indicação
1699,1699,8,2025-01-27,,Ativa,Passante
1700,1700,2,2024-09-28,,Ativa,Empresa
1701,1701,3,2024-07-25,,Ativa,Site
1702,1702,6,2025-03-18,,Ativa,Empresa
1703,1703,7,2024-10-01,,Ativa,Empresa
1704,1704,1,2025-05-20,,Ativa,Indicação
1705,1705,2,2025-02-26,2025-12-08,Cancelada,Empresa
1706,1706,7,2024-11-09,,Ativa,Indicação
1707,1707,3,2024-02-24,,Ativa,Passante
1708,1708,7,2025-05-05,2026-06-23,Cancelada,Indicação
1709,1709,2,2025-06-29,,Ativa,Passante
1710,1710,8,2024-11-20,,Ativa,Site
1711,1711,2,2024-06-14,,Ativa,Indicação
1712,1712,3,2024-07-04,,Ativa,Site
1713,1713,3,2024-04-29,,Ativa,Passante
1714,1714,2,2025-06-17,,Ativa,Site
1715,1715,1,2024-03-11,2025-09-06,Cancelada,Passante
1716,1716,4,2024-06-30,,Ativa,Indicação
1717,1717,4,2025-01-20,,Ativa,Empresa
1718,1718,1,2025-06-05,,Ativa,Empresa
1719,1719,4,2024-12-20,,Ativa,Passante
1720,1720,1,2024-07-29,,Ativa,Site
1721,1721,4,2024-02-17,,Ativa,Indicação
1722,1722,2,2025-02-07,,Ativa,Indicação
1723,1723,5,2024-10-19,,Ativa,Site
1724,1724,7,2024-04-27,,Ativa,Indicação
1725,1725,6,2024-08-23,,Ativa,Indicação
1726,1726,8,2024-12-17,,Ativa,Site
1727,1727,6,2025-04-12,,Ativa,Indicação
1728,1728,1,2025-05-27,,Ativa,Site
1729,1729,7,2025-06-26,,Ativa,Passante
1730,1730,1,2025-03-05,,Ativa,Passante
1731,1731,5,2024-05-06,,Ativa,Site
1732,1732,4,2024-08-10,2026-04-17,Cancelada,Empresa
1733,1733,2,2024-03-20,,Ativa,Passante
1734,1734,3,2024-04-10,,Ativa,Empresa
1735,1735,5,2025-01-02,,Ativa,Passante
1736,1736,5,2025-04-19,,Ativa,Passante
1737,1737,2,2025-05-12,2026-06-18,Cancelada,Site
1738,1738,3,2024-08-29,,Ativa,Passante
1739,1739,7,2025-01-24,2026-06-03,Cancelada,Passante
1740,1740,8,2024-03-13,,Ativa,Empresa
1741,1741,6,2025-02-10,,Ativa,Passante
1742,1742,4,2024-12-19,,Ativa,Indicação
1743,1743,3,2024-10-31,,Ativa,Passante
1744,1744,8,2024-08-23,,Ativa,Site
1745,1745,5,2025-01-06,,Ativa,Indicação
1746,1746,5,2025-03-22,,Ativa,Site
1747,1747,5,2024-10-28,,Ativa,Site
1748,1748,2,2025-02-09,,Ativa,Indicação
1749,1749,7,2024-07-23,,Ativa,Site
1750,1750,1,2024-05-08,,Ativa,Indicação
1751,1751,2,2025-06-05,,Ativa,Site
1752,1752,1,2024-02-23,2026-05-12,Cancelada,Indicação
1753,1753,3,2024-09-30,,Ativa,Indicação
1754,1754,8,2025-01-08,,Ativa,Empresa
1755,1755,8,2024-04-01,,Ativa,Empresa
1756,1756,2,2025-03-09,,Ativa,Indicação
1757,1757,8,2024-09-29,,Ativa,Site
1758,1758,8,2024-07-05,,Ativa,Passante
1759,1759,3,2025-03-19,,Ativa,Passante
1760,1760,6,2024-10-20,2026-05-06,Cancelada,Passante
1761,1761,2,2024-06-09,,Ativa,Indicação
1762,1762,3,2024-05-12,,Ativa,Passante
1763,1763,7,2025-02-01,,Ativa,Empresa
1764,1764,5,2024-07-21,,Ativa,Passante
1765,1765,6,2024-09-03,,Ativa,Indicação
1766,1766,3,2024-12-24,,Ativa,Empresa
1767,1767,6,2024-02-28,2025-10-30,Cancelada,Passante
1768,1768,8,2024-03-28,2025-08-07,Cancelada,Empresa
1769,1769,4,2025-06-11,,Ativa,Empresa
1770,1770,7,2024-03-16,,Ativa,Passante
1771,1771,7,2025-05-05,,Ativa,Empresa
1772,1772,3,2024-08-14,,Ativa,Empresa
1773,1773,2,2024-02-19,2025-08-26,Cancelada,Empresa
1774,1774,1,2024-08-12,2025-08-18,Cancelada,Indicação
1775,1775,6,2024-09-02,,Ativa,Site
1776,1776,2,2024-10-11,,Ativa,Site
1777,1777,1,2024-06-24,,Ativa,Site
1778,1778,4,2024-02-20,,Ativa,Empresa
1779,1779,7,2024-05-07,,Ativa,Site
1780,1780,8,2024-07-27,,Ativa,Site
1781,1781,4,2024-03-23,,Ativa,Indicação
1782,1782,2,2024-12-07,,Ativa,Site
1783,1783,8,2024-12-26,,Ativa,Indicação
1784,1784,5,2024-08-22,,Ativa,Site
1785,1785,8,2025-01-26,,Ativa,Passante
1786,1786,6,2024-07-07,,Ativa,Passante
1787,1787,8,2024-08-17,,Ativa,Indicação
1788,1788,3,2024-10-11,2025-07-08,Cancelada,Site
1789,1789,8,2025-02-11,,Ativa,Passante
1790,1790,4,2024-07-12,2026-01-20,Cancelada,Passante
1791,1791,8,2024-12-26,,Ativa,Empresa
1792,1792,7,2024-09-28,2026-04-28,Cancelada,Site
1793,1793,8,2024-11-14,,Ativa,Indicação
1794,1794,2,2024-09-25,,Ativa,Indicação
1795,1795,7,2024-11-14,,Ativa,Passante
1796,1796,1,2024-07-12,,Ativa,Empresa
1797,1797,2,2024-08-13,,Ativa,Empresa
1798,1798,4,2024-11-25,,Ativa,Passante
1799,1799,1,2024-05-10,2025-09-10,Cancelada,Site
1800,1800,3,2024-08-11,2025-10-20,Cancelada,Indicação
1801,1801,5,2025-06-12,,Ativa,Empresa
1802,1802,5,2025-01-23,,Ativa,Empresa
1803,1803,5,2024-05-12,,Ativa,Empresa
1804,1804,8,2025-03-04,,Ativa,Empresa
1805,1805,5,2025-02-15,,Ativa,Empresa
1806,1806,8,2025-02-18,,Ativa,Passante
1807,1807,6,2024-10-30,,Ativa,Indicação
1808,1808,4,2024-02-19,,Ativa,Indicação
1809,1809,6,2024-09-26,,Ativa,Empresa
1810,1810,8,2024-12-10,,Ativa,Indicação
1811,1811,5,2024-12-12,,Ativa,Passante
1812,1812,8,2024-04-27,,Ativa,Indicação
1813,1813,7,2025-06-04,,Ativa,Passante
1814,1814,6,2024-05-24,,Ativa,Site
1815,1815,5,2024-03-24,,Ativa,Indicação
1816,1816,7,2025-05-29,,Ativa,Indicação
1817,1817,6,2024-03-29,,Ativa,Indicação
1818,1818,3,2025-01-09,,Ativa,Indicação
1819,1819,1,2024-09-09,,Ativa,Passante
1820,1820,5,2024-07-06,,Ativa,Site
1821,1821,1,2024-08-05,,Ativa,Indicação
1822,1822,3,2024-08-27,,Ativa,Site
1823,1823,4,2024-12-10,,Ativa,Indicação
1824,1824,6,2024-10-08,,Ativa,Empresa
1825,1825,4,2024-06-12,,Ativa,Empresa
1826,1826,8,2025-05-20,,Ativa,Empresa
1827,1827,5,2025-05-29,,Ativa,Empresa
1828,1828,7,2024-09-25,2026-01-04,Cancelada,Passante
1829,1829,7,2024-12-10,,Ativa,Empresa
1830,1830,8,2024-03-01,,Ativa,Indicação
1831,1831,8,2024-12-08,,Ativa,Site
1832,1832,1,2024-04-23,,Ativa,Indicação
1833,1833,6,2024-05-21,,Ativa,Site
1834,1834,8,2024-10-15,,Ativa,Indicação
1835,1835,5,2024-02-25,,Ativa,Empresa
1836,1836,6,2024-09-30,,Ativa,Empresa
1837,1837,5,2024-06-16,,Ativa,Indicação
1838,1838,6,2025-03-26,,Ativa,Passante
1839,1839,7,2025-04-08,,Ativa,Site
1840,1840,6,2024-07-15,,Ativa,Empresa
1841,1841,1,2024-09-06,,Ativa,Indicação
1842,1842,6,2024-10-09,,Ativa,Empresa
1843,1843,4,2025-03-22,,Ativa,Site
1844,1844,8,2024-05-17,,Ativa,Empresa
1845,1845,5,2024-06-02,,Ativa,Indicação
1846,1846,2,2024-11-12,,Ativa,Indicação
1847,1847,2,2024-03-23,,Ativa,Empresa
1848,1848,1,2024-10-30,2025-10-11,Cancelada,Passante
1849,1849,7,2024-10-22,,Ativa,Indicação
1850,1850,1,2024-12-03,,Ativa,Passante
1851,1851,6,2024-09-28,,Ativa,Indicação
1852,1852,6,2025-05-09,,Ativa,Site
1853,1853,2,2024-06-17,,Ativa,Passante
1854,1854,2,2024-10-09,,Ativa,Passante
1855,1855,6,2025-03-19,,Ativa,Site
1856,1856,8,2024-02-21,,Ativa,Passante
1857,1857,6,2024-06-22,,Ativa,Site
1858,1858,5,2025-04-13,,Ativa,Empresa
1859,1859,3,2024-04-29,,Ativa,Empresa
1860,1860,3,2024-07-01,2025-10-23,Cancelada,Site
1861,1861,4,2025-04-05,,Ativa,Empresa
1862,1862,8,2025-01-10,,Ativa,Site
1863,1863,6,2025-05-24,,Ativa,Indicação
1864,1864,1,2025-02-20,2026-03-05,Cancelada,Passante
1865,1865,2,2024-03-14,,Ativa,Empresa
1866,1866,3,2024-09-12,2026-02-23,Cancelada,Passante
1867,1867,8,2024-12-08,,Ativa,Empresa
1868,1868,7,2025-02-14,,Ativa,Passante
1869,1869,2,2024-05-08,,Ativa,Site
1870,1870,8,2024-05-06,,Ativa,Passante
1871,1871,1,2024-07-11,,Ativa,Site
1872,1872,3,2024-09-06,2025-08-04,Cancelada,Indicação
1873,1873,5,2025-03-29,2025-09-07,Cancelada,Passante
1874,1874,8,2024-04-03,,Ativa,Empresa
1875,1875,4,2025-03-12,,Ativa,Indicação
1876,1876,7,2024-11-11,,Ativa,Empresa
1877,1877,7,2025-05-06,2025-12-17,Cancelada,Site
1878,1878,6,2024-04-02,,Ativa,Passante
1879,1879,3,2025-03-06,,Ativa,Site
1880,1880,1,2025-03-04,2026-04-01,Cancelada,Passante
1881,1881,7,2024-10-16,2026-01-09,Cancelada,Passante
1882,1882,4,2024-07-11,,Ativa,Passante
1883,1883,7,2025-01-21,2026-01-31,Cancelada,Indicação
1884,1884,5,2024-06-15,,Ativa,Indicação
1885,1885,4,2025-06-05,,Ativa,Empresa
1886,1886,6,2024-03-29,,Ativa,Indicação
1887,1887,7,2024-06-05,,Ativa,Site
1888,1888,7,2024-11-24,2026-03-27,Cancelada,Indicação
1889,1889,8,2024-12-31,,Ativa,Empresa
1890,1890,4,2024-08-01,,Ativa,Indicação
1891,1891,8,2024-04-16,,Ativa,Indicação
1892,1892,3,2024-04-06,2026-01-09,Cancelada,Indicação
1893,1893,1,2025-05-04,,Ativa,Empresa
1894,1894,4,2024-08-05,,Ativa,Empresa
1895,1895,6,2024-06-10,,Ativa,Empresa
1896,1896,3,2025-01-05,,Ativa,Indicação
1897,1897,3,2024-09-07,,Ativa,Indicação
1898,1898,5,2024-05-07,2026-05-28,Cancelada,Passante
1899,1899,4,2024-07-12,,Ativa,Passante
1900,1900,4,2025-03-06,,Ativa,Site
1901,1901,2,2024-05-09,,Ativa,Site
1902,1902,8,2024-10-25,,Ativa,Site
1903,1903,4,2024-11-29,,Ativa,Site
1904,1904,3,2025-02-22,,Ativa,Indicação
1905,1905,5,2025-02-04,,Ativa,Empresa
1906,1906,6,2024-09-01,2026-03-27,Cancelada,Empresa
1907,1907,7,2024-06-17,,Ativa,Site
1908,1908,2,2024-07-31,2025-09-19,Cancelada,Site
1909,1909,8,2024-07-11,,Ativa,Indicação
1910,1910,4,2025-06-15,,Ativa,Indicação
1911,1911,8,2024-10-24,,Ativa,Passante
1912,1912,4,2025-02-17,,Ativa,Site
1913,1913,6,2025-02-25,,Ativa,Empresa
1914,1914,5,2024-02-29,,Ativa,Site
1915,1915,7,2024-10-28,2025-09-03,Cancelada,Site
1916,1916,7,2024-05-22,2025-12-13,Cancelada,Site
1917,1917,8,2024-11-01,,Ativa,Site
1918,1918,6,2024-11-10,2026-06-21,Cancelada,Passante
1919,1919,2,2024-09-22,2026-01-16,Cancelada,Empresa
1920,1920,1,2025-07-01,2026-04-07,Cancelada,Site
1921,1921,1,2024-05-10,,Ativa,Indicação
1922,1922,1,2024-11-11,,Ativa,Indicação
1923,1923,2,2025-01-09,,Ativa,Empresa
1924,1924,8,2024-12-17,2026-05-31,Cancelada,Passante
1925,1925,5,2025-06-23,,Ativa,Passante
1926,1926,6,2024-10-03,2025-07-15,Cancelada,Passante
1927,1927,5,2025-05-14,,Ativa,Empresa
1928,1928,5,2025-06-20,2026-05-22,Cancelada,Empresa
1929,1929,2,2025-06-05,,Ativa,Site
1930,1930,4,2025-02-03,,Ativa,Indicação
1931,1931,8,2025-06-03,2025-08-27,Cancelada,Indicação
1932,1932,6,2025-02-14,,Ativa,Empresa
1933,1933,4,2025-06-13,,Ativa,Passante
1934,1934,6,2024-07-09,,Ativa,Site
1935,1935,3,2025-03-12,,Ativa,Passante
1936,1936,1,2024-03-19,,Ativa,Indicação
1937,1937,6,2025-03-25,,Ativa,Passante
1938,1938,3,2025-06-13,,Ativa,Site
1939,1939,5,2024-03-29,,Ativa,Empresa
1940,1940,3,2024-10-07,,Ativa,Indicação
1941,1941,7,2024-03-01,,Ativa,Indicação
1942,1942,3,2024-03-30,2025-10-16,Cancelada,Site
1943,1943,2,2024-09-07,,Ativa,Empresa
1944,1944,5,2025-02-04,,Ativa,Passante
1945,1945,4,2025-01-13,,Ativa,Indicação
1946,1946,5,2025-04-12,,Ativa,Indicação
1947,1947,4,2024-12-26,2025-09-16,Cancelada,Site
1948,1948,2,2024-12-01,,Ativa,Passante
1949,1949,4,2024-06-19,2025-08-22,Cancelada,Passante
1950,1950,3,2024-07-09,,Ativa,Empresa
1951,1951,7,2024-06-04,,Ativa,Indicação
1952,1952,5,2024-12-20,,Ativa,Passante
1953,1953,6,2024-12-21,,Ativa,Indicação
1954,1954,3,2024-12-29,2026-06-26,Cancelada,Indicação
1955,1955,2,2024-09-10,,Ativa,Passante
1956,1956,4,2024-02-20,,Ativa,Passante
1957,1957,4,2024-12-30,,Ativa,Empresa
1958,1958,7,2024-07-09,,Ativa,Indicação
1959,1959,3,2024-09-08,,Ativa,Passante
1960,1960,8,2024-12-27,,Ativa,Passante
1961,1961,1,2025-01-05,2026-03-16,Cancelada,Passante
1962,1962,4,2025-02-18,,Ativa,Indicação
1963,1963,7,2024-11-16,,Ativa,Empresa
1964,1964,7,2025-06-16,,Ativa,Indicação
1965,1965,3,2024-12-29,,Ativa,Passante
1966,1966,4,2024-10-26,,Ativa,Passante
1967,1967,5,2024-07-10,,Ativa,Empresa
1968,1968,7,2024-08-17,,Ativa,Indicação
1969,1969,5,2024-09-18,2026-01-25,Cancelada,Indicação
1970,1970,5,2024-06-07,,Ativa,Passante
1971,1971,8,2024-11-09,,Ativa,Empresa
1972,1972,2,2025-01-07,,Ativa,Empresa
1973,1973,4,2024-07-12,,Ativa,Passante
1974,1974,7,2024-08-26,,Ativa,Passante
1975,1975,7,2024-05-20,,Ativa,Site
1976,1976,6,2024-08-28,,Ativa,Indicação
1977,1977,3,2025-06-16,2025-10-26,Cancelada,Site
1978,1978,6,2025-04-19,,Ativa,Site
1979,1979,7,2024-08-25,,Ativa,Passante
1980,1980,2,2024-06-22,2025-07-09,Cancelada,Empresa
1981,1981,4,2025-02-07,,Ativa,Site
1982,1982,1,2024-07-11,2025-07-01,Cancelada,Indicação
1983,1983,3,2025-03-04,,Ativa,Passante
1984,1984,2,2024-09-13,,Ativa,Empresa
1985,1985,8,2024-09-08,,Ativa,Passante
1986,1986,7,2024-07-11,,Ativa,Indicação
1987,1987,7,2025-05-22,,Ativa,Passante
1988,1988,4,2024-09-27,,Ativa,Indicação
1989,1989,7,2024-08-21,,Ativa,Site
1990,1990,8,2024-09-19,,Ativa,Empresa
1991,1991,6,2025-06-05,,Ativa,Indicação
1992,1992,1,2025-03-02,,Ativa,Empresa
1993,1993,5,2025-06-15,,Ativa,Site
1994,1994,6,2024-05-15,,Ativa,Passante
1995,1995,1,2024-05-22,,Ativa,Site
1996,1996,6,2024-08-07,,Ativa,Indicação
1997,1997,5,2025-05-06,,Ativa,Empresa
1998,1998,8,2024-10-29,,Ativa,Empresa
1999,1999,8,2024-10-25,,Ativa,Empresa
2000,2000,2,2025-06-12,,Ativa,Site
2001,2001,2,2024-07-12,2026-05-31,Cancelada,Passante
2002,2002,3,2025-04-04,,Ativa,Site
2003,2003,2,2025-05-04,,Ativa,Passante
2004,2004,7,2024-05-15,,Ativa,Passante
2005,2005,6,2024-05-01,,Ativa,Empresa
2006,2006,1,2025-01-11,,Ativa,Site
2007,2007,8,2025-05-16,,Ativa,Site
2008,2008,1,2025-01-24,,Ativa,Indicação
2009,2009,8,2024-07-06,,Ativa,Empresa
2010,2010,7,2024-09-04,2026-02-25,Cancelada,Indicação
2011,2011,2,2025-01-20,,Ativa,Passante
2012,2012,6,2024-12-17,2025-11-19,Cancelada,Empresa
2013,2013,3,2024-06-26,,Ativa,Site
2014,2014,4,2025-05-17,,Ativa,Indicação
2015,2015,5,2024-11-30,,Ativa,Indicação
2016,2016,4,2025-02-28,,Ativa,Empresa
2017,2017,4,2025-05-22,2025-07-19,Cancelada,Empresa
2018,2018,8,2024-09-17,,Ativa,Site
2019,2019,6,2024-11-19,2026-05-15,Cancelada,Indicação
2020,2020,5,2025-04-01,,Ativa,Site
2021,2021,6,2024-07-06,2025-07-25,Cancelada,Empresa
2022,2022,6,2024-04-27,,Ativa,Indicação
2023,2023,4,2024-08-28,,Ativa,Site
2024,2024,3,2024-05-29,,Ativa,Empresa
2025,2025,2,2024-06-24,,Ativa,Site
2026,2026,1,2025-04-30,2026-04-17,Cancelada,Empresa
2027,2027,1,2024-07-22,,Ativa,Empresa
2028,2028,4,2024-11-03,,Ativa,Indicação
2029,2029,5,2025-06-09,,Ativa,Indicação
2030,2030,1,2025-06-22,,Ativa,Empresa
2031,2031,3,2024-12-05,,Ativa,Site
2032,2032,8,2024-08-09,,Ativa,Empresa
2033,2033,2,2024-06-23,2026-01-25,Cancelada,Passante
2034,2034,8,2024-06-12,,Ativa,Passante
2035,2035,3,2024-07-15,,Ativa,Passante
2036,2036,1,2024-09-09,,Ativa,Site
2037,2037,7,2024-04-07,2025-12-29,Cancelada,Empresa
2038,2038,5,2025-03-27,,Ativa,Passante
2039,2039,3,2024-11-15,,Ativa,Indicação
2040,2040,6,2025-06-08,,Ativa,Site
2041,2041,7,2024-08-25,,Ativa,Passante
2042,2042,1,2025-05-14,,Ativa,Passante
2043,2043,4,2024-09-28,2025-09-25,Cancelada,Passante
2044,2044,1,2024-06-26,,Ativa,Passante
2045,2045,1,2024-07-18,,Ativa,Empresa
2046,2046,2,2024-03-02,,Ativa,Empresa
2047,2047,2,2024-12-22,,Ativa,Empresa
2048,2048,2,2024-09-02,,Ativa,Passante
2049,2049,4,2025-03-08,,Ativa,Indicação
2050,2050,6,2024-04-07,2025-10-15,Cancelada,Empresa
2051,2051,3,2024-08-21,,Ativa,Empresa
2052,2052,7,2025-02-05,,Ativa,Passante
2053,2053,7,2024-06-11,,Ativa,Indicação
2054,2054,8,2024-09-24,,Ativa,Passante
2055,2055,1,2024-10-12,,Ativa,Empresa
2056,2056,8,2024-07-23,,Ativa,Passante
2057,2057,5,2025-04-21,2025-10-23,Cancelada,Empresa
2058,2058,4,2025-05-07,,Ativa,Passante
2059,2059,1,2025-03-02,2026-02-24,Cancelada,Empresa
2060,2060,8,2024-07-09,,Ativa,Site
2061,2061,4,2024-10-31,,Ativa,Empresa
2062,2062,1,2025-04-01,,Ativa,Site
2063,2063,7,2024-03-04,,Ativa,Empresa
2064,2064,5,2024-09-20,,Ativa,Empresa
2065,2065,3,2025-04-09,,Ativa,Indicação
2066,2066,5,2024-11-01,,Ativa,Site
2067,2067,6,2025-04-19,,Ativa,Empresa
2068,2068,4,2025-03-23,,Ativa,Passante
2069,2069,8,2024-11-12,,Ativa,Indicação
2070,2070,4,2024-02-17,2026-04-16,Cancelada,Empresa
2071,2071,5,2024-05-27,,Ativa,Indicação
2072,2072,2,2024-07-14,,Ativa,Empresa
2073,2073,6,2024-04-15,2025-07-19,Cancelada,Indicação
2074,2074,2,2024-12-10,,Ativa,Empresa
2075,2075,5,2024-12-09,,Ativa,Passante
2076,2076,5,2025-06-03,2026-05-30,Cancelada,Indicação
2077,2077,1,2024-12-12,,Ativa,Indicação
2078,2078,7,2025-06-22,,Ativa,Indicação
2079,2079,1,2024-08-19,2025-08-01,Cancelada,Site
2080,2080,1,2024-11-09,2026-04-03,Cancelada,Site
2081,2081,4,2024-06-08,,Ativa,Site
2082,2082,2,2025-01-29,,Ativa,Passante
2083,2083,3,2024-11-02,,Ativa,Indicação
2084,2084,6,2025-06-25,,Ativa,Empresa
2085,2085,4,2024-09-13,,Ativa,Passante
2086,2086,4,2025-04-19,,Ativa,Passante
2087,2087,2,2025-03-10,,Ativa,Empresa
2088,2088,8,2025-05-23,2025-10-07,Cancelada,Indicação
2089,2089,5,2024-06-26,2025-07-16,Cancelada,Passante
2090,2090,5,2024-03-04,,Ativa,Passante
2091,2091,4,2024-07-30,,Ativa,Empresa
2092,2092,5,2024-12-16,,Ativa,Passante
2093,2093,4,2024-07-01,2025-11-08,Cancelada,Indicação
2094,2094,4,2024-12-06,,Ativa,Site
2095,2095,3,2024-09-10,,Ativa,Indicação
2096,2096,2,2024-08-10,2025-11-23,Cancelada,Indicação
2097,2097,4,2024-08-28,,Ativa,Passante
2098,2098,3,2025-03-21,,Ativa,Empresa
2099,2099,8,2024-08-22,,Ativa,Indicação
2100,2100,7,2024-07-15,,Ativa,Empresa
2101,2101,5,2025-04-28,,Ativa,Indicação
2102,2102,7,2024-06-14,,Ativa,Passante
2103,2103,5,2025-01-31,,Ativa,Indicação
2104,2104,2,2025-05-11,,Ativa,Indicação
2105,2105,4,2025-02-27,2025-10-09,Cancelada,Site
2106,2106,5,2025-01-09,,Ativa,Empresa
2107,2107,5,2025-05-24,,Ativa,Empresa
2108,2108,4,2025-04-16,,Ativa,Site
2109,2109,6,2024-06-10,,Ativa,Indicação
2110,2110,4,2024-07-26,,Ativa,Site
2111,2111,2,2024-06-03,,Ativa,Indicação
2112,2112,6,2024-06-02,2026-04-20,Cancelada,Indicação
2113,2113,6,2025-01-15,,Ativa,Empresa
2114,2114,2,2024-10-12,,Ativa,Passante
2115,2115,8,2025-06-22,,Ativa,Indicação
2116,2116,8,2024-06-26,,Ativa,Empresa
2117,2117,8,2024-06-20,,Ativa,Passante
2118,2118,8,2024-09-30,,Ativa,Site
2119,2119,3,2025-05-23,,Ativa,Passante
2120,2120,2,2024-04-16,,Ativa,Passante
2121,2121,1,2024-04-06,,Ativa,Indicação
2122,2122,7,2025-02-02,,Ativa,Site
2123,2123,7,2025-02-15,,Ativa,Passante
2124,2124,4,2024-10-01,,Ativa,Indicação
2125,2125,5,2024-09-25,,Ativa,Passante
2126,2126,3,2025-04-18,,Ativa,Empresa
2127,2127,1,2025-06-20,2026-04-18,Cancelada,Passante
2128,2128,6,2024-06-16,2026-02-22,Cancelada,Passante
2129,2129,3,2024-09-08,,Ativa,Indicação
2130,2130,3,2025-06-06,,Ativa,Site
2131,2131,3,2024-09-17,,Ativa,Indicação
2132,2132,2,2024-08-03,,Ativa,Empresa
2133,2133,2,2024-07-03,,Ativa,Empresa
2134,2134,4,2024-10-25,2025-10-02,Cancelada,Passante
2135,2135,1,2024-06-16,,Ativa,Empresa
2136,2136,5,2024-06-10,2025-12-20,Cancelada,Passante
2137,2137,3,2025-03-16,,Ativa,Indicação
2138,2138,7,2024-12-04,,Ativa,Empresa
2139,2139,7,2024-05-17,,Ativa,Site
2140,2140,7,2024-04-23,,Ativa,Site
2141,2141,1,2024-12-27,,Ativa,Site
2142,2142,2,2024-05-24,2026-04-28,Cancelada,Indicação
2143,2143,5,2024-11-29,,Ativa,Empresa
2144,2144,5,2024-10-11,,Ativa,Empresa
2145,2145,2,2025-03-26,,Ativa,Empresa
2146,2146,3,2024-06-18,,Ativa,Empresa
2147,2147,4,2024-02-18,,Ativa,Site
2148,2148,1,2024-08-16,,Ativa,Empresa
2149,2149,3,2024-03-17,,Ativa,Indicação
2150,2150,7,2025-01-28,,Ativa,Indicação
2151,2151,2,2024-05-19,,Ativa,Passante
2152,2152,7,2025-01-21,2025-10-24,Cancelada,Empresa
2153,2153,6,2025-02-27,,Ativa,Passante
2154,2154,8,2024-11-24,,Ativa,Site
2155,2155,1,2025-05-30,2025-07-22,Cancelada,Passante
2156,2156,3,2024-10-12,,Ativa,Site
2157,2157,4,2025-05-26,,Ativa,Site
2158,2158,2,2024-11-23,2026-04-19,Cancelada,Passante
2159,2159,2,2024-02-24,,Ativa,Indicação
2160,2160,8,2024-10-25,2025-10-23,Cancelada,Site
2161,2161,4,2025-06-02,,Ativa,Indicação
2162,2162,2,2025-04-01,,Ativa,Passante
2163,2163,6,2024-09-02,,Ativa,Site
2164,2164,7,2024-08-04,,Ativa,Indicação
2165,2165,7,2024-11-06,,Ativa,Site
2166,2166,3,2024-11-29,,Ativa,Empresa
2167,2167,3,2024-06-12,,Ativa,Empresa
2168,2168,5,2025-05-12,,Ativa,Site
2169,2169,4,2025-04-20,,Ativa,Empresa
2170,2170,2,2025-06-02,,Ativa,Empresa
2171,2171,7,2024-08-01,,Ativa,Site
2172,2172,3,2024-12-02,,Ativa,Passante
2173,2173,2,2025-04-18,,Ativa,Passante
2174,2174,7,2024-10-25,,Ativa,Indicação
2175,2175,3,2024-12-22,,Ativa,Indicação
2176,2176,7,2025-03-24,,Ativa,Empresa
2177,2177,4,2025-06-19,,Ativa,Indicação
2178,2178,4,2024-06-11,,Ativa,Empresa
2179,2179,5,2024-05-30,,Ativa,Indicação
2180,2180,6,2025-02-28,,Ativa,Passante
2181,2181,8,2024-11-20,,Ativa,Indicação
2182,2182,2,2024-08-13,,Ativa,Empresa
2183,2183,5,2025-06-10,,Ativa,Empresa
2184,2184,1,2024-03-17,,Ativa,Indicação
2185,2185,3,2024-06-16,,Ativa,Passante
2186,2186,3,2024-03-07,,Ativa,Empresa
2187,2187,2,2024-06-28,2026-03-04,Cancelada,Passante
2188,2188,5,2024-07-31,,Ativa,Empresa
2189,2189,3,2024-10-17,,Ativa,Passante
2190,2190,4,2025-05-16,2025-08-16,Cancelada,Empresa
2191,2191,3,2025-03-11,,Ativa,Passante
2192,2192,7,2025-03-15,,Ativa,Passante
2193,2193,3,2024-05-19,,Ativa,Indicação
2194,2194,3,2025-02-16,2025-07-28,Cancelada,Empresa
2195,2195,5,2025-03-21,,Ativa,Site
2196,2196,2,2024-05-13,,Ativa,Passante
2197,2197,8,2024-03-06,,Ativa,Indicação
2198,2198,4,2024-06-21,,Ativa,Passante
2199,2199,5,2025-03-10,2025-11-21,Cancelada,Empresa
2200,2200,6,2025-02-19,,Ativa,Empresa
