avaliacao_id,os_id,nota_atendimento,nota_servico,comentario_categoria,data_avaliacao
1,1,3,4,Atendimento,2025-09-04
2,4,4,5,Elogio,2025-08-05
3,5,5,3,Prazo,2025-10-12
4,8,3,3,Sem comentário,2025-08-29
5,9,3,5,Prazo,2026-04-26
6,10,2,1,Preço,2025-11-24
7,12,3,5,Sem comentário,2026-01-28
8,17,1,5,Elogio,2026-02-25
9,19,5,4,Prazo,2026-06-18
10,20,2,3,Preço,2026-06-29
11,22,2,4,Sem comentário,2025-09-01
12,23,1,1,Elogio,2026-06-05
13,24,3,1,Sem comentário,2026-02-23
14,27,2,4,Prazo,2025-12-16
15,30,3,4,Sem comentário,2025-11-14
16,31,4,1,Prazo,2026-02-20
17,37,5,2,Prazo,2026-04-20
18,39,2,3,Elogio,2026-01-22
19,40,1,5,Preço,2026-01-26
20,42,4,3,Preço,2025-12-16
21,45,1,4,Elogio,2026-03-24
22,48,5,1,Elogio,2026-05-04
23,49,3,1,Atendimento,2026-06-20
24,50,4,3,Prazo,2025-09-29
25,51,5,4,Elogio,2025-07-28
26,52,1,3,Atendimento,2026-05-02
27,53,1,1,Preço,2026-05-24
28,55,4,3,Preço,2026-02-02
29,58,5,5,Preço,2026-01-18
30,61,3,5,Elogio,2025-09-05
31,63,4,3,Prazo,2026-03-05
32,64,3,4,Prazo,2026-04-07
33,67,4,2,Prazo,2026-07-02
34,70,3,5,Prazo,2025-10-16
35,71,4,1,Preço,2026-05-31
36,72,2,5,Elogio,2026-05-11
37,74,5,1,Preço,2026-06-15
38,75,5,1,Prazo,2026-05-13
39,76,3,5,Atendimento,2025-09-24
40,80,5,4,Sem comentário,2025-11-11
41,82,4,4,Atendimento,2025-11-13
42,83,2,2,Sem comentário,2026-04-10
43,84,4,4,Preço,2025-08-19
44,86,4,5,Sem comentário,2025-12-11
45,87,3,3,Preço,2026-02-06
46,88,4,5,Sem comentário,2026-06-30
47,91,3,3,Prazo,2025-09-22
48,95,3,3,Atendimento,2026-02-24
49,96,4,3,Preço,2026-06-22
50,97,2,1,Atendimento,2025-10-30
51,100,4,3,Atendimento,2025-11-09
52,102,1,3,Elogio,2025-10-03
53,106,2,3,Elogio,2025-11-13
54,108,2,3,Preço,2026-03-17
55,110,1,5,Elogio,2025-10-07
56,112,3,1,Atendimento,2025-07-22
57,116,2,3,Prazo,2025-07-17
58,117,5,2,Preço,2026-06-30
59,118,3,4,Atendimento,2025-09-01
60,119,3,1,Sem comentário,2025-07-14
61,120,3,4,Elogio,2026-05-05
62,122,3,1,Sem comentário,2025-10-03
63,124,3,5,Atendimento,2026-06-05
64,126,2,3,Sem comentário,2025-09-26
65,127,1,1,Prazo,2026-01-09
66,130,4,5,Elogio,2026-03-05
67,132,2,4,Atendimento,2025-12-03
68,134,2,4,Sem comentário,2025-09-09
69,135,3,4,Sem comentário,2026-01-09
70,136,2,2,Sem comentário,2025-10-18
71,138,3,4,Prazo,2026-06-26
72,139,4,1,Elogio,2025-12-20
73,140,1,3,Preço,2025-09-29
74,141,1,1,Prazo,2026-05-31
75,142,3,5,Prazo,2025-11-14
76,143,5,1,Preço,2025-10-15
77,144,2,3,Sem comentário,2026-03-07
78,145,3,3,Atendimento,2026-04-08
79,146,4,4,Preço,2025-07-10
80,148,3,3,Atendimento,2025-07-25
81,151,2,1,Atendimento,2025-07-02
82,152,3,2,Preço,2025-11-09
83,154,3,5,Prazo,2025-11-09
84,155,2,5,Prazo,2026-04-18
85,158,2,4,Preço,2026-05-18
86,159,5,4,Atendimento,2025-12-30
87,160,2,3,Preço,2025-07-19
88,162,1,1,Elogio,2025-10-31
89,163,1,1,Atendimento,2025-11-26
90,164,5,5,Prazo,2025-10-17
91,171,1,2,Elogio,2026-05-27
92,176,2,1,Atendimento,2026-03-15
93,177,2,2,Sem comentário,2025-07-30
94,178,2,3,Prazo,2026-02-19
95,179,3,5,Sem comentário,2026-06-13
96,182,4,2,Elogio,2025-11-23
97,183,5,3,Atendimento,2026-04-15
98,185,3,5,Elogio,2026-04-24
99,186,5,2,Atendimento,2025-12-03
100,187,5,3,Sem comentário,2025-07-29
101,188,1,4,Preço,2026-07-05
102,190,1,2,Sem comentário,2026-05-29
103,193,3,3,Sem comentário,2025-12-17
104,194,5,2,Preço,2025-08-31
105,195,1,2,Preço,2025-10-23
106,196,1,4,Sem comentário,2026-04-20
107,199,1,5,Elogio,2026-03-29
108,200,3,2,Prazo,2026-02-24
109,201,4,1,Prazo,2026-01-03
110,202,5,5,Elogio,2026-01-22
111,203,1,5,Preço,2026-03-20
112,205,5,1,Prazo,2026-04-03
113,206,2,2,Atendimento,2026-01-20
114,207,3,3,Preço,2025-09-24
115,208,2,1,Atendimento,2026-04-15
116,211,2,1,Prazo,2025-12-23
117,212,5,5,Elogio,2026-01-12
118,213,2,3,Elogio,2025-09-05
119,214,4,5,Atendimento,2026-06-22
120,215,3,4,Prazo,2025-12-11
121,217,1,4,Preço,2026-04-04
122,219,2,3,Elogio,2025-10-26
123,220,2,2,Atendimento,2026-06-20
124,221,4,5,Sem comentário,2025-10-21
125,223,3,1,Sem comentário,2025-12-26
126,225,1,4,Prazo,2025-11-06
127,227,4,5,Elogio,2026-05-28
128,228,4,1,Elogio,2026-03-14
129,229,5,5,Sem comentário,2025-12-14
130,230,2,4,Sem comentário,2025-12-01
131,231,5,3,Sem comentário,2025-07-08
132,233,5,4,Prazo,2026-05-15
133,235,1,3,Sem comentário,2025-08-21
134,237,4,4,Elogio,2026-02-07
135,239,3,3,Sem comentário,2026-04-07
136,241,5,2,Preço,2025-09-03
137,244,3,5,Atendimento,2025-09-23
138,247,5,3,Atendimento,2025-10-23
139,248,1,4,Sem comentário,2025-09-17
140,250,2,3,Sem comentário,2026-05-08
141,251,2,5,Prazo,2025-08-21
142,253,2,1,Elogio,2026-01-05
143,255,5,2,Atendimento,2026-01-24
144,260,1,3,Atendimento,2026-04-18
145,262,1,5,Atendimento,2026-03-23
146,263,3,2,Elogio,2026-01-18
147,265,2,1,Atendimento,2026-01-07
148,267,4,2,Preço,2026-05-12
149,269,2,2,Sem comentário,2026-05-20
150,270,2,2,Atendimento,2025-10-06
151,271,3,5,Preço,2025-07-24
152,273,1,1,Prazo,2025-09-28
153,274,1,2,Sem comentário,2026-03-20
154,276,4,4,Elogio,2025-08-09
155,278,1,2,Sem comentário,2026-01-06
156,279,1,4,Prazo,2026-06-07
157,282,2,5,Sem comentário,2025-07-26
158,283,1,4,Preço,2026-01-23
159,284,5,1,Sem comentário,2025-11-11
160,288,4,5,Sem comentário,2025-09-14
161,290,4,4,Elogio,2025-07-21
162,293,2,3,Sem comentário,2025-11-27
163,294,2,5,Prazo,2025-07-25
164,295,5,4,Sem comentário,2026-06-16
165,296,1,3,Elogio,2026-05-22
166,298,5,4,Atendimento,2025-11-26
167,299,2,1,Preço,2025-07-23
168,300,4,4,Prazo,2025-12-07
169,301,2,5,Preço,2026-06-01
170,302,1,1,Atendimento,2025-09-30
171,303,1,1,Atendimento,2025-10-04
172,305,3,1,Preço,2025-10-10
173,306,3,5,Preço,2026-06-19
174,308,4,1,Elogio,2025-09-20
175,309,4,5,Sem comentário,2025-11-25
176,313,3,4,Prazo,2026-01-26
177,314,3,3,Prazo,2025-08-05
178,315,3,4,Sem comentário,2025-08-28
179,316,1,1,Prazo,2025-08-19
180,318,2,1,Preço,2025-07-29
181,320,4,3,Preço,2026-04-14
182,321,2,4,Atendimento,2026-03-14
183,322,5,4,Preço,2025-09-27
184,323,1,1,Sem comentário,2026-02-16
185,325,2,2,Elogio,2026-01-14
186,329,5,3,Prazo,2026-01-20
187,330,5,4,Atendimento,2026-03-11
188,332,4,5,Sem comentário,2026-02-12
189,333,5,2,Preço,2026-02-03
190,334,3,3,Elogio,2026-04-18
191,336,5,3,Atendimento,2026-01-30
192,337,3,4,Atendimento,2025-12-31
193,338,1,4,Sem comentário,2025-10-15
194,339,5,3,Prazo,2025-11-22
195,341,2,4,Preço,2025-12-08
196,342,3,1,Preço,2025-07-25
197,343,4,2,Elogio,2025-11-25
198,344,3,3,Atendimento,2025-12-09
199,345,2,1,Atendimento,2025-11-04
200,347,1,3,Prazo,2026-03-10
201,349,3,5,Prazo,2025-09-29
202,352,2,1,Sem comentário,2026-02-17
203,354,5,1,Elogio,2026-06-26
204,355,2,2,Preço,2025-08-04
205,356,3,4,Preço,2025-07-13
206,358,2,4,Preço,2025-09-14
207,359,2,3,Atendimento,2026-02-12
208,360,3,5,Sem comentário,2026-03-30
209,361,2,4,Sem comentário,2025-08-14
210,362,3,5,Elogio,2026-03-24
211,365,1,2,Sem comentário,2026-01-23
212,368,5,2,Atendimento,2026-04-30
213,369,4,4,Atendimento,2026-04-21
214,370,4,2,Prazo,2026-02-20
215,371,5,2,Preço,2025-08-26
216,372,1,1,Atendimento,2025-07-25
217,373,1,1,Prazo,2025-11-13
218,374,3,3,Atendimento,2025-07-22
219,376,4,2,Preço,2026-01-02
220,377,4,5,Sem comentário,2026-01-04
221,378,5,5,Elogio,2026-07-05
222,379,3,4,Preço,2025-09-13
223,381,5,3,Preço,2026-02-06
224,382,5,4,Atendimento,2025-09-25
225,384,2,2,Atendimento,2025-08-18
226,385,3,1,Preço,2026-05-14
227,386,4,1,Atendimento,2026-05-14
228,389,4,5,Sem comentário,2026-06-29
229,390,4,2,Elogio,2026-01-17
230,392,1,1,Atendimento,2026-06-07
231,398,2,3,Elogio,2026-02-16
232,399,5,5,Preço,2026-02-05
233,400,1,1,Atendimento,2025-10-15
234,401,2,3,Prazo,2026-06-19
235,404,5,2,Atendimento,2026-02-19
236,407,1,3,Elogio,2026-03-13
237,408,4,1,Preço,2025-09-26
238,409,3,2,Sem comentário,2026-02-17
239,412,2,4,Sem comentário,2026-04-22
240,414,5,2,Sem comentário,2026-01-14
241,418,1,2,Atendimento,2025-09-27
242,420,5,3,Preço,2025-08-09
243,421,3,1,Prazo,2026-05-23
244,423,4,5,Prazo,2025-11-01
245,426,1,3,Preço,2025-09-27
246,430,2,3,Atendimento,2026-03-29
247,431,1,5,Preço,2026-01-23
248,433,1,5,Elogio,2026-02-19
249,434,5,4,Prazo,2025-11-17
250,436,2,5,Elogio,2026-06-21
251,438,1,2,Elogio,2026-02-03
252,440,5,1,Preço,2026-02-17
253,442,2,2,Atendimento,2026-03-25
254,443,3,2,Prazo,2025-07-22
255,444,5,1,Sem comentário,2026-05-26
256,448,5,2,Sem comentário,2026-07-01
257,453,1,2,Atendimento,2026-07-04
258,454,4,1,Elogio,2026-05-07
259,455,3,4,Prazo,2025-10-11
260,456,5,1,Prazo,2025-10-07
261,457,5,1,Atendimento,2025-08-17
262,458,5,4,Elogio,2026-05-15
263,459,2,1,Elogio,2025-08-20
264,461,3,1,Elogio,2025-07-16
265,464,1,4,Preço,2026-06-29
266,466,1,2,Sem comentário,2026-06-01
267,467,5,4,Sem comentário,2026-02-25
268,470,1,4,Atendimento,2025-11-24
269,471,5,5,Atendimento,2026-02-02
270,474,4,3,Atendimento,2026-06-02
271,475,4,1,Prazo,2025-08-29
272,476,3,4,Atendimento,2025-08-05
273,477,1,5,Preço,2026-02-01
274,478,5,5,Prazo,2025-08-11
275,479,3,1,Elogio,2026-04-06
276,480,5,5,Atendimento,2026-04-15
277,482,5,3,Prazo,2025-11-30
278,483,5,2,Prazo,2026-03-10
279,484,4,3,Prazo,2025-11-06
280,485,1,2,Atendimento,2025-11-29
281,487,3,3,Sem comentário,2026-03-17
282,488,2,3,Elogio,2025-07-30
283,489,3,1,Sem comentário,2026-04-14
284,491,1,5,Atendimento,2026-07-01
285,492,1,4,Elogio,2025-11-16
286,493,1,2,Preço,2025-10-03
287,496,4,5,Atendimento,2025-11-18
288,498,5,3,Atendimento,2026-03-21
289,499,5,3,Elogio,2025-11-04
290,502,5,4,Sem comentário,2025-08-20
291,503,3,5,Atendimento,2025-12-16
292,504,2,1,Prazo,2025-12-27
293,505,2,4,Preço,2025-11-22
294,506,1,4,Prazo,2025-10-30
295,507,1,4,Sem comentário,2026-01-21
296,508,3,3,Atendimento,2026-02-24
297,510,3,2,Prazo,2026-01-25
298,511,4,2,Preço,2026-05-07
299,514,4,3,Sem comentário,2025-10-08
300,515,4,3,Atendimento,2026-03-28
301,516,2,5,Prazo,2026-01-06
302,517,1,4,Elogio,2025-10-30
303,518,5,1,Preço,2025-10-07
304,519,2,3,Elogio,2026-01-20
305,520,2,4,Preço,2026-01-29
306,526,5,3,Atendimento,2025-10-17
307,527,2,3,Preço,2025-10-15
308,528,2,5,Atendimento,2025-12-19
309,529,1,4,Atendimento,2026-03-31
310,530,2,2,Sem comentário,2026-03-30
311,533,4,4,Prazo,2025-10-03
312,535,5,3,Elogio,2026-05-23
313,536,2,3,Elogio,2026-03-02
314,537,2,1,Prazo,2026-03-24
315,538,1,3,Preço,2026-03-01
316,539,4,1,Sem comentário,2026-01-20
317,541,1,4,Preço,2026-05-24
318,542,3,4,Preço,2026-05-15
319,544,3,1,Preço,2026-02-05
320,545,1,3,Preço,2026-01-26
321,546,1,2,Prazo,2026-03-13
322,547,2,2,Atendimento,2026-01-08
323,548,2,5,Preço,2026-01-23
324,551,5,5,Atendimento,2025-07-08
325,552,5,1,Preço,2025-08-09
326,553,3,3,Preço,2026-06-28
327,555,4,2,Sem comentário,2026-02-08
328,557,4,2,Atendimento,2026-05-14
329,559,1,4,Atendimento,2026-06-12
330,560,1,4,Sem comentário,2026-06-25
331,561,5,4,Atendimento,2025-11-30
332,562,4,5,Prazo,2026-01-05
333,563,2,1,Preço,2026-02-14
334,564,5,3,Sem comentário,2025-10-23
335,565,3,3,Preço,2026-05-22
336,568,2,5,Atendimento,2026-05-19
337,570,5,1,Elogio,2025-12-30
338,572,5,4,Preço,2025-12-17
339,573,4,4,Atendimento,2026-03-01
340,574,4,5,Atendimento,2025-10-10
341,575,5,5,Elogio,2025-12-30
342,576,1,5,Atendimento,2025-07-14
343,577,5,5,Prazo,2026-02-07
344,578,1,5,Preço,2025-08-08
345,579,4,4,Preço,2025-08-04
346,581,1,5,Preço,2026-03-08
347,583,4,4,Preço,2026-02-17
348,584,3,4,Prazo,2025-12-08
349,586,2,1,Preço,2025-12-06
350,588,1,2,Prazo,2026-01-13
351,589,5,2,Atendimento,2025-07-08
352,590,4,5,Sem comentário,2025-10-04
353,592,2,4,Atendimento,2025-08-08
354,593,5,4,Elogio,2026-03-29
355,595,5,3,Elogio,2025-12-04
356,596,4,4,Atendimento,2025-11-08
357,597,3,1,Elogio,2025-12-07
358,599,4,2,Elogio,2026-04-30
359,601,3,1,Atendimento,2025-07-26
360,602,1,4,Preço,2026-06-14
361,603,4,1,Sem comentário,2025-10-06
362,604,2,4,Prazo,2025-10-04
363,606,4,3,Sem comentário,2025-11-07
364,608,2,4,Preço,2026-02-25
365,610,5,1,Elogio,2026-03-01
366,611,2,4,Sem comentário,2026-06-14
367,612,2,3,Elogio,2025-08-26
368,613,4,5,Preço,2025-08-19
369,617,5,3,Atendimento,2026-07-01
370,618,2,2,Elogio,2025-11-07
371,620,2,2,Sem comentário,2025-09-03
372,621,2,2,Elogio,2026-04-14
373,623,1,4,Preço,2026-01-18
374,624,4,5,Preço,2026-06-18
375,626,5,3,Sem comentário,2026-02-02
376,628,2,5,Atendimento,2025-10-12
377,629,4,5,Atendimento,2026-05-18
378,630,1,1,Elogio,2025-08-30
379,631,4,2,Sem comentário,2026-06-13
380,633,1,4,Preço,2026-02-10
381,634,5,4,Elogio,2026-05-23
382,636,5,5,Sem comentário,2025-07-16
383,638,2,2,Elogio,2025-11-19
384,646,2,1,Elogio,2025-10-26
385,648,2,5,Prazo,2025-12-18
386,651,4,1,Elogio,2026-03-07
387,654,4,1,Prazo,2026-05-05
388,655,3,1,Preço,2026-01-06
389,657,1,1,Atendimento,2026-03-10
390,658,3,1,Preço,2026-05-10
391,660,3,3,Elogio,2025-12-30
392,662,5,3,Sem comentário,2026-04-05
393,665,3,3,Preço,2026-04-27
394,666,4,3,Elogio,2025-07-31
395,667,5,4,Atendimento,2026-05-02
396,668,5,5,Preço,2025-08-21
397,670,2,5,Prazo,2025-11-26
398,671,1,4,Sem comentário,2026-01-17
399,672,1,4,Elogio,2026-04-08
400,673,2,2,Preço,2025-08-30
401,674,3,1,Prazo,2026-04-23
402,679,5,5,Preço,2025-10-12
403,680,3,2,Prazo,2026-06-06
404,682,5,4,Preço,2026-03-16
405,683,2,1,Preço,2026-04-09
406,686,5,4,Sem comentário,2026-04-17
407,689,5,1,Atendimento,2026-02-21
408,691,2,3,Atendimento,2025-10-23
409,693,2,3,Sem comentário,2026-01-05
410,695,4,3,Prazo,2025-09-06
411,697,5,1,Prazo,2025-09-02
412,698,2,2,Sem comentário,2025-09-28
413,699,4,2,Elogio,2025-10-16
414,700,3,1,Elogio,2026-01-16
415,702,3,5,Elogio,2026-02-21
416,703,4,1,Elogio,2025-09-06
417,706,1,5,Sem comentário,2026-06-20
418,707,2,3,Elogio,2026-04-20
419,711,4,4,Elogio,2025-09-03
420,713,2,2,Elogio,2026-01-23
421,717,2,1,Preço,2026-02-08
422,719,5,4,Elogio,2025-10-22
423,720,1,1,Elogio,2026-01-08
424,721,2,4,Prazo,2025-10-05
425,722,1,2,Elogio,2026-07-04
426,723,5,4,Sem comentário,2026-07-14
427,724,1,4,Atendimento,2026-02-12
428,726,5,3,Elogio,2025-10-17
429,727,1,4,Elogio,2025-10-31
430,728,2,4,Sem comentário,2025-11-27
431,729,5,1,Prazo,2026-03-19
432,730,1,3,Atendimento,2025-09-02
433,731,4,1,Sem comentário,2025-08-01
434,732,4,5,Prazo,2025-09-15
435,733,4,1,Atendimento,2025-07-20
436,734,2,4,Atendimento,2025-08-08
437,735,3,2,Elogio,2025-12-08
438,736,4,3,Elogio,2025-12-19
439,737,3,2,Prazo,2025-11-21
440,741,1,3,Preço,2025-11-25
441,742,3,1,Sem comentário,2025-08-14
442,744,1,2,Elogio,2025-09-19
443,745,2,4,Sem comentário,2025-10-19
444,746,3,4,Sem comentário,2025-09-21
445,747,5,1,Sem comentário,2026-03-22
446,748,3,2,Elogio,2025-10-03
447,749,2,3,Sem comentário,2026-03-12
448,751,2,2,Prazo,2026-03-11
449,752,5,5,Sem comentário,2025-10-21
450,753,1,2,Preço,2025-10-22
451,755,4,2,Preço,2025-10-22
452,756,3,2,Atendimento,2025-10-21
453,757,4,5,Atendimento,2026-01-18
454,758,5,5,Elogio,2026-05-29
455,761,1,3,Sem comentário,2026-06-16
456,762,5,3,Elogio,2026-02-21
457,763,2,5,Prazo,2026-03-11
458,766,3,1,Prazo,2025-11-18
459,768,4,4,Atendimento,2025-12-27
460,772,5,3,Elogio,2025-08-05
461,773,3,1,Atendimento,2026-06-12
462,774,2,4,Elogio,2026-01-19
463,775,3,1,Elogio,2025-11-24
464,776,3,3,Sem comentário,2025-12-16
465,777,1,2,Preço,2026-05-16
466,780,1,1,Atendimento,2026-06-20
467,781,2,3,Preço,2026-06-01
468,782,2,3,Sem comentário,2026-03-26
469,783,1,1,Atendimento,2025-12-13
470,784,4,4,Prazo,2026-01-24
471,785,5,1,Sem comentário,2025-12-07
472,786,3,3,Sem comentário,2025-10-19
473,787,1,2,Atendimento,2025-12-09
474,788,4,3,Sem comentário,2025-10-13
475,790,3,2,Preço,2026-06-21
476,793,2,3,Prazo,2026-06-27
477,794,5,5,Preço,2025-12-02
478,795,5,1,Sem comentário,2025-09-01
479,798,3,3,Atendimento,2026-03-24
480,801,1,3,Atendimento,2025-10-26
481,802,4,4,Elogio,2025-08-16
482,805,3,2,Sem comentário,2026-02-04
483,808,5,1,Atendimento,2025-07-26
484,811,5,3,Atendimento,2026-04-08
485,815,1,2,Prazo,2026-03-31
486,817,3,2,Elogio,2025-09-06
487,818,1,4,Atendimento,2026-03-06
488,819,5,3,Elogio,2026-03-14
489,820,1,2,Atendimento,2026-05-28
490,821,2,2,Preço,2026-05-16
491,822,2,5,Preço,2026-06-20
492,823,4,1,Sem comentário,2026-02-16
493,826,1,4,Preço,2026-04-09
494,828,3,5,Preço,2026-03-14
495,829,3,4,Sem comentário,2026-02-13
496,830,5,3,Sem comentário,2026-03-13
497,832,2,2,Preço,2025-08-15
498,833,2,1,Prazo,2025-10-31
499,835,5,2,Sem comentário,2026-04-02
500,837,3,1,Elogio,2025-08-18
501,840,5,2,Preço,2026-06-18
502,841,1,2,Prazo,2026-04-04
503,844,3,3,Elogio,2025-08-23
504,845,4,1,Preço,2026-06-17
505,846,5,3,Preço,2025-12-06
506,848,3,3,Preço,2026-07-06
507,850,4,5,Elogio,2025-12-08
508,851,3,2,Elogio,2025-10-22
509,852,2,4,Elogio,2026-03-25
510,853,2,4,Atendimento,2025-12-18
511,854,2,1,Preço,2026-02-19
512,856,5,2,Elogio,2026-04-24
513,857,5,2,Atendimento,2026-04-20
514,858,5,5,Preço,2025-10-29
515,859,3,2,Atendimento,2026-04-13
516,860,5,4,Elogio,2026-05-30
517,862,5,1,Atendimento,2025-07-17
518,863,1,2,Sem comentário,2026-05-11
519,866,1,4,Sem comentário,2026-01-04
520,867,3,4,Sem comentário,2026-04-14
521,870,4,2,Prazo,2026-01-06
522,871,4,3,Elogio,2025-09-10
523,874,2,5,Prazo,2025-12-01
524,875,3,4,Preço,2026-06-04
525,876,3,4,Elogio,2026-04-16
526,877,4,3,Atendimento,2026-03-26
527,878,4,4,Elogio,2025-07-11
528,880,3,3,Preço,2025-12-24
529,881,3,3,Prazo,2026-01-01
530,882,1,3,Prazo,2025-08-09
531,883,5,2,Atendimento,2025-12-14
532,885,1,4,Sem comentário,2025-11-25
533,887,3,1,Prazo,2025-09-23
534,890,3,3,Preço,2025-09-23
535,892,5,4,Elogio,2025-08-21
536,894,3,2,Sem comentário,2026-01-30
537,895,4,4,Prazo,2025-07-11
538,897,2,3,Sem comentário,2025-08-10
539,903,5,3,Prazo,2025-09-18
540,905,5,5,Atendimento,2025-08-10
541,906,2,4,Atendimento,2026-01-30
542,907,5,4,Sem comentário,2025-08-15
543,908,1,3,Atendimento,2026-05-03
544,909,5,4,Prazo,2026-04-24
545,910,3,5,Atendimento,2026-02-13
546,911,1,1,Elogio,2025-10-25
547,914,3,4,Prazo,2025-08-13
548,916,2,3,Sem comentário,2025-08-31
549,917,2,3,Atendimento,2025-09-19
550,918,2,2,Preço,2025-08-02
551,920,2,2,Atendimento,2025-08-02
552,922,5,2,Atendimento,2026-04-14
553,923,5,2,Sem comentário,2025-10-16
554,924,2,3,Preço,2026-01-30
555,926,3,1,Elogio,2026-06-21
556,927,3,3,Atendimento,2025-08-14
557,928,4,4,Sem comentário,2025-08-21
558,930,2,2,Preço,2026-03-31
559,931,1,5,Preço,2026-02-05
560,932,5,4,Preço,2025-11-22
561,934,2,3,Atendimento,2026-01-11
562,936,1,4,Atendimento,2025-09-07
563,937,4,3,Atendimento,2026-06-13
564,938,1,4,Prazo,2026-01-13
565,939,4,2,Atendimento,2025-12-11
566,940,4,5,Preço,2025-07-24
567,943,4,1,Preço,2025-10-14
568,944,5,1,Prazo,2026-02-21
569,945,5,1,Prazo,2025-10-26
570,946,2,4,Prazo,2026-04-07
571,947,1,1,Prazo,2026-04-16
572,948,2,5,Atendimento,2026-06-11
573,949,3,5,Preço,2026-06-10
574,950,4,2,Sem comentário,2025-08-13
575,951,3,5,Prazo,2026-04-06
576,953,2,2,Prazo,2026-03-13
577,954,3,3,Atendimento,2026-05-04
578,955,1,3,Prazo,2025-12-10
579,957,2,5,Preço,2025-12-03
580,958,4,2,Preço,2026-04-25
581,959,5,5,Sem comentário,2025-08-09
582,961,5,2,Atendimento,2025-11-29
583,963,3,5,Prazo,2025-10-26
584,965,3,2,Prazo,2026-04-28
585,966,4,1,Sem comentário,2026-06-06
586,967,4,3,Preço,2025-12-20
587,968,1,1,Elogio,2025-09-09
588,971,3,1,Sem comentário,2025-08-30
589,972,1,4,Prazo,2025-11-21
590,973,3,2,Preço,2026-02-23
591,974,4,1,Elogio,2025-12-24
592,975,1,4,Elogio,2026-06-14
593,976,3,5,Sem comentário,2025-10-05
594,978,2,5,Sem comentário,2026-01-24
595,980,2,5,Prazo,2026-02-15
596,982,5,2,Prazo,2026-03-06
597,983,3,5,Atendimento,2025-08-04
598,986,1,1,Atendimento,2026-06-25
599,987,2,3,Prazo,2025-11-23
600,988,5,4,Sem comentário,2026-06-28
601,989,4,4,Preço,2025-07-13
602,990,3,5,Atendimento,2025-12-21
603,992,2,1,Sem comentário,2026-04-01
604,994,5,5,Prazo,2026-02-28
605,995,3,5,Elogio,2026-05-04
606,996,4,5,Elogio,2025-12-31
607,998,4,5,Sem comentário,2025-07-17
608,1001,3,2,Elogio,2026-05-22
609,1002,2,2,Atendimento,2025-10-05
610,1003,4,2,Atendimento,2025-09-25
611,1004,4,1,Elogio,2025-11-15
612,1006,3,1,Elogio,2026-01-05
613,1007,2,3,Prazo,2026-02-24
614,1009,5,4,Prazo,2025-09-15
615,1011,3,5,Sem comentário,2026-04-26
616,1013,3,3,Sem comentário,2025-10-30
617,1016,3,5,Sem comentário,2025-11-26
618,1018,2,3,Sem comentário,2025-07-23
619,1022,1,3,Sem comentário,2025-10-28
620,1026,1,3,Preço,2026-03-18
621,1027,4,2,Atendimento,2026-03-15
622,1028,2,3,Atendimento,2026-01-12
623,1029,5,3,Atendimento,2026-06-22
624,1031,1,5,Prazo,2026-03-18
625,1034,2,4,Atendimento,2026-06-09
626,1035,2,5,Elogio,2026-06-05
627,1037,4,5,Sem comentário,2026-01-10
628,1038,2,5,Sem comentário,2025-10-20
629,1039,3,4,Preço,2026-06-22
630,1040,3,4,Preço,2025-08-01
631,1043,3,4,Sem comentário,2025-10-10
632,1045,2,3,Atendimento,2026-06-05
633,1046,5,3,Atendimento,2026-03-29
634,1049,2,3,Preço,2026-01-10
635,1052,2,1,Atendimento,2026-06-08
636,1057,5,2,Elogio,2026-02-02
637,1059,4,5,Sem comentário,2026-06-09
638,1060,3,2,Sem comentário,2025-09-15
639,1061,3,1,Atendimento,2026-04-04
640,1063,2,1,Prazo,2025-11-10
641,1065,2,1,Sem comentário,2026-04-08
642,1066,5,3,Sem comentário,2026-06-24
643,1067,4,5,Prazo,2026-03-12
644,1068,3,2,Prazo,2025-11-16
645,1070,4,2,Sem comentário,2025-08-14
646,1075,2,4,Sem comentário,2025-10-05
647,1076,1,4,Preço,2025-08-12
648,1077,4,1,Prazo,2025-07-18
649,1078,2,1,Sem comentário,2026-03-09
650,1079,4,1,Prazo,2025-10-04
651,1081,5,5,Elogio,2025-12-08
652,1082,5,5,Elogio,2025-08-14
653,1083,5,2,Prazo,2026-06-15
654,1084,2,4,Prazo,2026-03-16
655,1085,5,3,Elogio,2025-08-01
656,1086,3,1,Elogio,2026-03-03
657,1087,1,5,Prazo,2025-12-21
658,1088,1,5,Preço,2026-05-22
659,1090,3,2,Sem comentário,2025-07-21
660,1091,3,4,Elogio,2025-08-15
661,1092,3,3,Preço,2025-11-07
662,1093,3,5,Preço,2025-09-06
663,1095,2,3,Atendimento,2026-05-31
664,1099,3,1,Sem comentário,2025-09-11
665,1100,2,2,Sem comentário,2025-11-30
666,1101,5,1,Sem comentário,2026-06-18
667,1103,5,5,Elogio,2026-07-05
668,1104,4,2,Sem comentário,2025-08-07
669,1105,4,1,Prazo,2025-12-31
670,1106,5,1,Elogio,2025-08-15
671,1108,5,5,Atendimento,2025-11-06
672,1109,3,4,Prazo,2025-08-11
673,1110,1,1,Atendimento,2025-10-14
674,1114,5,4,Sem comentário,2026-06-01
675,1115,2,1,Prazo,2026-06-25
676,1116,1,4,Elogio,2026-03-19
677,1117,4,2,Sem comentário,2025-10-26
678,1118,3,1,Atendimento,2025-10-07
679,1119,3,4,Elogio,2026-05-03
680,1120,2,5,Sem comentário,2026-01-17
681,1123,2,4,Sem comentário,2025-07-09
682,1124,3,2,Preço,2026-05-25
683,1125,2,5,Atendimento,2025-12-27
684,1127,2,3,Sem comentário,2026-05-25
685,1129,5,1,Preço,2025-10-26
686,1130,4,1,Atendimento,2026-02-25
687,1131,4,5,Sem comentário,2025-11-15
688,1132,2,3,Prazo,2026-06-09
689,1140,3,3,Prazo,2026-02-27
690,1141,5,4,Elogio,2026-06-20
691,1142,3,2,Prazo,2026-01-03
692,1143,3,4,Elogio,2025-12-30
693,1147,3,1,Elogio,2025-09-06
694,1148,1,4,Atendimento,2025-07-20
695,1151,1,4,Preço,2026-04-10
696,1152,5,3,Prazo,2026-01-13
697,1154,2,5,Elogio,2026-01-08
698,1155,2,5,Sem comentário,2026-02-24
699,1159,2,1,Preço,2025-11-11
700,1160,5,3,Prazo,2026-05-16
701,1161,5,2,Prazo,2025-10-07
702,1164,2,4,Prazo,2026-04-17
703,1165,1,3,Elogio,2025-10-09
704,1166,5,1,Preço,2025-12-19
705,1167,4,4,Atendimento,2025-10-12
706,1168,3,4,Sem comentário,2026-03-14
707,1173,5,3,Prazo,2026-02-14
708,1176,1,5,Sem comentário,2025-12-25
709,1177,1,1,Atendimento,2025-09-09
710,1179,5,3,Prazo,2026-06-30
711,1181,3,5,Preço,2025-10-12
712,1184,5,5,Sem comentário,2026-07-03
713,1186,5,5,Sem comentário,2026-02-13
714,1187,5,1,Prazo,2025-11-03
715,1188,2,4,Atendimento,2026-01-24
716,1190,1,4,Sem comentário,2025-12-08
717,1191,5,3,Preço,2025-12-20
718,1192,5,5,Preço,2026-05-06
719,1196,4,2,Atendimento,2025-07-24
720,1199,1,2,Prazo,2026-06-29
721,1200,5,3,Prazo,2026-05-24
722,1201,3,4,Prazo,2025-11-27
723,1202,1,2,Atendimento,2026-04-13
724,1205,3,5,Atendimento,2026-04-15
725,1206,4,5,Preço,2025-12-26
726,1207,2,2,Sem comentário,2026-02-09
727,1208,4,1,Sem comentário,2026-05-03
728,1210,4,3,Sem comentário,2026-04-06
729,1211,4,5,Atendimento,2025-11-14
730,1214,2,1,Preço,2026-03-09
731,1215,5,1,Prazo,2025-09-25
732,1216,4,5,Prazo,2026-01-29
733,1217,5,2,Preço,2025-11-18
734,1218,2,2,Preço,2026-01-07
735,1220,2,2,Sem comentário,2026-01-07
736,1221,2,3,Elogio,2025-08-13
737,1222,4,5,Sem comentário,2025-08-27
738,1223,5,1,Sem comentário,2026-06-24
739,1224,3,2,Atendimento,2025-10-28
740,1225,3,3,Atendimento,2025-07-30
741,1226,3,3,Preço,2025-10-12
742,1227,3,3,Atendimento,2026-04-10
743,1228,4,3,Sem comentário,2025-08-12
744,1229,5,4,Sem comentário,2025-12-17
745,1230,4,4,Elogio,2025-07-30
746,1231,1,5,Elogio,2026-05-03
747,1232,4,3,Sem comentário,2025-11-14
748,1233,5,5,Atendimento,2026-04-03
749,1235,3,4,Preço,2026-03-21
750,1236,3,5,Elogio,2025-12-16
751,1237,3,3,Elogio,2026-04-02
752,1238,5,3,Preço,2026-05-13
753,1239,5,5,Prazo,2026-02-01
754,1241,2,1,Preço,2025-11-28
755,1242,4,3,Prazo,2026-07-02
756,1243,4,3,Atendimento,2026-01-15
757,1244,2,4,Preço,2025-09-30
758,1245,3,1,Sem comentário,2026-03-20
759,1246,1,5,Sem comentário,2026-02-19
760,1247,4,1,Elogio,2026-01-10
761,1249,5,5,Elogio,2025-08-12
762,1250,3,5,Atendimento,2025-10-21
763,1252,1,4,Preço,2025-08-16
764,1254,5,1,Elogio,2025-12-08
765,1257,5,5,Sem comentário,2026-01-27
766,1260,1,4,Preço,2025-12-05
767,1261,2,1,Atendimento,2026-01-14
768,1262,3,3,Atendimento,2026-04-26
769,1267,3,4,Atendimento,2025-08-08
770,1268,5,2,Prazo,2025-12-02
771,1269,1,3,Prazo,2026-02-14
772,1271,5,3,Sem comentário,2026-03-14
773,1273,5,3,Preço,2026-02-05
774,1275,4,3,Atendimento,2025-09-03
775,1276,1,2,Sem comentário,2025-12-12
776,1277,5,5,Atendimento,2025-12-26
777,1281,4,4,Atendimento,2026-06-22
778,1282,3,2,Preço,2025-09-08
779,1283,1,2,Prazo,2025-07-20
780,1284,4,5,Elogio,2025-07-18
781,1285,1,2,Prazo,2026-01-31
782,1286,4,4,Preço,2026-02-17
783,1287,2,2,Atendimento,2025-07-15
784,1288,2,2,Sem comentário,2026-03-31
785,1292,5,3,Preço,2026-07-06
786,1293,5,2,Preço,2025-07-08
787,1294,5,1,Sem comentário,2026-02-16
788,1295,4,2,Atendimento,2025-10-24
789,1297,3,4,Preço,2026-05-07
790,1298,2,5,Atendimento,2025-12-25
791,1300,2,3,Elogio,2026-05-07
792,1301,5,1,Prazo,2026-05-11
793,1302,4,4,Atendimento,2026-02-08
794,1303,2,3,Preço,2026-04-16
795,1304,2,2,Sem comentário,2026-06-15
796,1307,2,5,Atendimento,2025-08-18
797,1310,4,3,Sem comentário,2025-07-28
798,1311,4,4,Atendimento,2025-12-11
799,1312,5,1,Atendimento,2026-06-05
800,1313,2,2,Prazo,2026-06-09
801,1315,5,5,Sem comentário,2026-03-19
802,1318,4,3,Elogio,2026-03-27
803,1320,2,1,Atendimento,2026-05-10
804,1321,5,4,Sem comentário,2026-05-21
805,1324,3,2,Prazo,2025-11-08
806,1325,2,1,Preço,2026-06-27
807,1326,4,4,Atendimento,2025-09-29
808,1327,1,5,Prazo,2025-07-22
809,1329,3,3,Sem comentário,2026-03-31
810,1330,1,4,Sem comentário,2026-06-03
811,1332,4,5,Prazo,2025-12-26
812,1334,1,4,Atendimento,2025-08-12
813,1335,1,4,Sem comentário,2025-11-05
814,1337,1,3,Preço,2025-12-15
815,1338,4,4,Prazo,2026-02-01
816,1341,4,4,Atendimento,2025-10-26
817,1343,3,1,Atendimento,2026-06-18
818,1344,1,4,Prazo,2026-04-16
819,1347,3,1,Elogio,2025-09-11
820,1348,1,1,Sem comentário,2026-06-22
821,1350,2,3,Sem comentário,2026-01-01
822,1354,4,5,Atendimento,2026-07-11
823,1359,1,1,Prazo,2026-06-04
824,1360,5,2,Sem comentário,2025-07-18
825,1361,2,5,Prazo,2026-05-19
826,1364,2,2,Atendimento,2026-02-07
827,1365,2,2,Prazo,2026-05-10
828,1366,4,4,Atendimento,2025-09-02
829,1368,4,5,Atendimento,2025-12-07
830,1372,1,1,Preço,2025-10-17
831,1373,2,1,Elogio,2025-12-05
832,1376,3,4,Prazo,2026-05-20
833,1377,2,4,Atendimento,2026-07-02
834,1378,1,4,Preço,2026-05-23
835,1380,3,3,Preço,2025-08-03
836,1381,1,1,Sem comentário,2025-11-25
837,1382,2,5,Sem comentário,2026-06-19
838,1383,1,1,Sem comentário,2026-04-08
839,1384,5,4,Prazo,2025-09-29
840,1385,4,4,Sem comentário,2026-03-31
841,1386,5,5,Preço,2025-12-08
842,1389,4,4,Sem comentário,2026-03-24
843,1390,5,2,Sem comentário,2026-03-19
844,1392,4,5,Prazo,2025-07-25
845,1396,3,2,Sem comentário,2025-10-26
846,1398,2,3,Sem comentário,2026-06-26
847,1400,3,5,Elogio,2026-06-14
848,1402,1,5,Sem comentário,2026-05-26
849,1404,3,1,Elogio,2025-12-26
850,1405,1,3,Preço,2026-01-06
851,1406,3,2,Atendimento,2026-05-31
852,1409,4,2,Elogio,2025-07-26
853,1412,4,3,Elogio,2026-02-03
854,1413,4,3,Sem comentário,2025-09-20
855,1414,1,1,Atendimento,2025-09-21
856,1415,1,1,Preço,2026-05-12
857,1416,5,3,Sem comentário,2026-04-27
858,1418,2,5,Preço,2026-06-14
859,1420,3,3,Atendimento,2025-07-10
860,1422,2,3,Atendimento,2025-09-18
861,1425,3,1,Preço,2026-05-06
862,1427,4,3,Atendimento,2025-11-04
863,1430,5,3,Elogio,2025-09-21
864,1431,5,4,Prazo,2025-09-09
865,1433,4,2,Elogio,2025-12-30
866,1434,1,5,Sem comentário,2026-02-26
867,1435,1,1,Elogio,2026-06-11
868,1436,2,2,Atendimento,2026-02-23
869,1437,2,2,Elogio,2025-12-28
870,1439,4,5,Elogio,2025-08-13
871,1442,3,3,Sem comentário,2026-06-24
872,1443,5,3,Elogio,2026-05-06
873,1445,3,1,Sem comentário,2025-11-01
874,1448,3,1,Sem comentário,2025-12-21
875,1449,2,4,Sem comentário,2026-05-23
876,1450,1,3,Prazo,2025-09-18
877,1454,2,3,Sem comentário,2026-01-21
878,1455,1,3,Elogio,2025-12-05
879,1456,2,1,Prazo,2025-10-13
880,1458,5,4,Atendimento,2025-09-18
881,1459,5,5,Preço,2026-03-23
882,1465,1,3,Preço,2025-11-20
883,1467,4,3,Sem comentário,2026-03-28
884,1468,5,4,Elogio,2026-05-08
885,1469,3,1,Preço,2026-06-18
886,1470,5,3,Atendimento,2026-06-16
887,1472,2,3,Sem comentário,2025-10-11
888,1473,5,1,Sem comentário,2026-01-21
889,1474,4,5,Prazo,2025-12-01
890,1475,3,3,Preço,2026-01-07
891,1476,2,5,Atendimento,2026-04-01
892,1478,4,3,Elogio,2026-04-05
893,1479,4,5,Elogio,2026-04-21
894,1480,4,5,Prazo,2026-05-21
895,1482,4,5,Prazo,2026-02-15
896,1484,5,1,Preço,2025-12-16
897,1485,5,3,Preço,2026-03-19
898,1487,3,1,Atendimento,2025-08-01
899,1488,3,3,Preço,2025-11-02
900,1489,1,2,Atendimento,2026-03-18
901,1491,1,5,Atendimento,2026-06-15
902,1492,5,2,Atendimento,2025-10-15
903,1493,1,5,Preço,2026-05-01
904,1494,3,4,Preço,2026-02-04
905,1495,1,5,Elogio,2026-07-02
906,1496,5,1,Atendimento,2025-12-04
907,1498,1,2,Preço,2025-10-14
908,1499,4,1,Preço,2025-09-12
909,1500,5,5,Sem comentário,2026-05-29
910,1504,3,2,Elogio,2025-08-30
911,1505,1,4,Sem comentário,2025-10-12
912,1506,5,5,Sem comentário,2026-04-16
913,1507,3,4,Elogio,2026-01-08
914,1508,5,4,Elogio,2026-06-20
915,1510,1,2,Sem comentário,2025-11-18
916,1512,5,2,Prazo,2026-03-29
917,1514,4,2,Elogio,2026-03-04
918,1518,5,4,Preço,2025-08-03
919,1519,2,5,Atendimento,2025-11-17
920,1520,5,3,Prazo,2026-05-27
921,1521,5,5,Preço,2025-08-10
922,1522,3,4,Sem comentário,2025-08-18
923,1526,3,2,Preço,2025-09-13
924,1528,2,1,Sem comentário,2026-01-25
925,1531,1,3,Preço,2026-05-15
926,1532,3,2,Atendimento,2025-09-12
927,1536,3,3,Preço,2025-07-28
928,1537,3,2,Atendimento,2026-03-21
929,1538,3,4,Prazo,2026-04-25
930,1539,3,1,Sem comentário,2026-05-18
931,1541,1,1,Prazo,2025-10-31
932,1543,2,3,Sem comentário,2025-07-15
933,1545,4,1,Atendimento,2026-04-19
934,1546,2,1,Elogio,2025-10-12
935,1547,4,3,Elogio,2026-05-26
936,1549,3,5,Atendimento,2025-08-22
937,1551,1,3,Elogio,2025-08-30
938,1552,2,5,Preço,2025-11-01
939,1553,2,2,Elogio,2026-03-30
940,1555,1,3,Elogio,2025-07-19
941,1559,5,5,Elogio,2025-09-19
942,1562,3,4,Preço,2026-02-26
943,1565,1,2,Atendimento,2026-04-30
944,1566,5,1,Sem comentário,2026-05-15
945,1567,4,4,Atendimento,2026-06-29
946,1568,1,3,Atendimento,2026-07-04
947,1569,3,3,Sem comentário,2025-07-18
948,1570,3,5,Atendimento,2026-06-20
949,1571,3,4,Preço,2026-03-16
950,1572,3,1,Preço,2025-11-09
951,1573,1,2,Prazo,2026-04-03
952,1574,5,2,Elogio,2025-09-17
953,1575,1,3,Preço,2026-05-30
954,1576,2,5,Atendimento,2026-07-04
955,1577,4,2,Prazo,2026-01-22
956,1579,5,4,Preço,2025-11-03
957,1580,2,3,Preço,2026-01-31
958,1582,3,1,Sem comentário,2025-10-26
959,1583,4,3,Preço,2025-12-23
960,1584,1,5,Prazo,2026-01-05
961,1586,5,1,Elogio,2026-01-16
962,1588,4,2,Sem comentário,2026-02-01
963,1590,2,4,Elogio,2026-05-13
964,1591,1,1,Sem comentário,2026-06-22
965,1592,1,2,Prazo,2026-01-07
966,1596,4,4,Elogio,2026-02-27
967,1601,3,1,Sem comentário,2025-07-09
968,1602,1,4,Elogio,2025-09-17
969,1603,2,3,Preço,2026-05-18
970,1605,2,4,Atendimento,2025-11-21
971,1606,4,3,Elogio,2025-09-10
972,1609,3,1,Prazo,2026-06-08
973,1611,1,1,Sem comentário,2026-05-03
974,1612,2,5,Prazo,2026-05-11
975,1613,2,1,Elogio,2025-07-06
976,1617,2,1,Atendimento,2026-03-09
977,1618,4,5,Prazo,2026-02-08
978,1619,2,4,Atendimento,2026-03-20
979,1620,5,5,Elogio,2026-06-08
980,1621,3,3,Sem comentário,2026-05-10
981,1622,1,2,Prazo,2025-11-26
982,1623,4,1,Atendimento,2026-01-16
983,1624,1,2,Preço,2026-05-30
984,1625,5,1,Prazo,2025-12-08
985,1627,2,3,Preço,2025-12-26
986,1628,1,4,Preço,2025-12-25
987,1629,2,5,Elogio,2026-02-14
988,1630,1,1,Preço,2026-02-12
989,1632,1,5,Elogio,2026-02-09
990,1635,4,1,Sem comentário,2025-08-17
991,1636,5,4,Elogio,2026-04-02
992,1637,3,3,Sem comentário,2025-11-24
993,1639,5,4,Prazo,2025-07-11
994,1640,4,1,Elogio,2026-05-27
995,1641,5,2,Preço,2026-02-14
996,1642,1,3,Sem comentário,2025-11-04
997,1644,4,4,Sem comentário,2026-07-13
998,1647,2,5,Preço,2025-12-04
999,1648,1,5,Preço,2026-05-10
1000,1649,5,3,Preço,2026-01-24
1001,1650,1,1,Elogio,2025-07-06
1002,1652,2,3,Sem comentário,2025-11-16
1003,1654,1,1,Elogio,2025-11-01
1004,1655,2,1,Elogio,2026-04-22
1005,1658,3,3,Sem comentário,2026-04-26
1006,1659,1,4,Preço,2025-10-03
1007,1661,2,4,Atendimento,2026-06-16
1008,1662,3,5,Atendimento,2026-06-14
1009,1663,3,3,Atendimento,2025-07-23
1010,1664,2,1,Atendimento,2025-08-25
1011,1666,3,3,Elogio,2026-01-26
1012,1668,3,5,Sem comentário,2025-10-28
1013,1671,2,2,Elogio,2025-08-12
1014,1672,1,5,Preço,2025-08-01
1015,1673,2,1,Atendimento,2026-02-05
1016,1674,3,3,Sem comentário,2026-05-13
1017,1677,2,1,Sem comentário,2025-07-20
1018,1679,3,5,Preço,2026-05-03
1019,1681,2,1,Preço,2026-01-11
1020,1682,4,2,Preço,2026-02-26
1021,1683,2,1,Sem comentário,2025-09-11
1022,1684,1,1,Elogio,2025-07-29
1023,1685,4,2,Atendimento,2026-05-26
1024,1686,3,5,Sem comentário,2025-11-28
1025,1688,3,5,Elogio,2026-04-22
1026,1689,5,4,Elogio,2025-08-02
1027,1690,4,4,Elogio,2025-12-04
1028,1691,2,5,Elogio,2025-11-05
1029,1693,2,1,Elogio,2026-02-04
1030,1694,1,5,Sem comentário,2025-09-07
1031,1695,4,2,Sem comentário,2025-08-28
1032,1700,2,3,Prazo,2026-02-10
1033,1701,3,5,Sem comentário,2025-12-14
1034,1702,4,4,Prazo,2025-09-01
1035,1704,5,2,Atendimento,2026-01-28
1036,1705,2,5,Elogio,2026-06-05
1037,1707,3,4,Prazo,2025-12-11
1038,1709,4,3,Elogio,2026-05-11
1039,1711,4,4,Prazo,2025-10-15
1040,1712,3,3,Prazo,2026-01-16
1041,1713,2,2,Sem comentário,2026-04-16
1042,1715,1,2,Elogio,2025-12-03
1043,1716,4,4,Elogio,2026-04-24
1044,1717,4,2,Prazo,2026-05-25
1045,1719,5,3,Sem comentário,2025-12-22
1046,1722,3,3,Prazo,2025-08-21
1047,1723,4,2,Atendimento,2026-01-17
1048,1726,4,1,Preço,2026-06-20
1049,1727,4,5,Elogio,2026-04-27
1050,1728,1,5,Atendimento,2025-08-10
1051,1729,3,2,Elogio,2025-10-28
1052,1730,1,2,Atendimento,2025-10-31
1053,1731,5,1,Elogio,2026-06-17
1054,1732,2,2,Preço,2025-08-26
1055,1739,1,2,Elogio,2025-07-13
1056,1740,1,5,Prazo,2025-08-21
1057,1741,1,1,Preço,2026-02-10
1058,1743,2,4,Prazo,2026-02-19
1059,1745,1,4,Atendimento,2025-08-04
1060,1748,4,1,Prazo,2026-04-04
1061,1749,4,2,Prazo,2026-03-22
1062,1750,4,2,Prazo,2025-08-24
1063,1751,1,1,Elogio,2026-01-11
1064,1754,5,3,Preço,2025-11-29
1065,1756,1,1,Preço,2026-06-06
1066,1757,5,4,Elogio,2026-05-16
1067,1758,1,2,Atendimento,2026-06-29
1068,1760,5,5,Atendimento,2025-07-22
1069,1761,1,2,Elogio,2026-05-23
1070,1762,2,5,Atendimento,2026-01-13
1071,1764,1,3,Prazo,2025-08-20
1072,1768,5,4,Sem comentário,2026-01-18
1073,1770,1,3,Preço,2026-05-23
1074,1771,3,1,Prazo,2026-03-25
1075,1772,4,5,Prazo,2025-07-07
1076,1773,2,1,Prazo,2025-12-12
1077,1774,2,3,Prazo,2026-03-12
1078,1775,4,2,Elogio,2026-04-24
1079,1778,1,5,Preço,2025-12-27
1080,1779,3,4,Prazo,2026-02-02
1081,1780,2,4,Elogio,2025-12-29
1082,1782,1,5,Prazo,2026-04-06
1083,1785,1,5,Prazo,2026-04-16
1084,1786,4,4,Prazo,2026-06-19
1085,1787,3,1,Sem comentário,2026-01-01
1086,1788,2,3,Sem comentário,2026-05-01
1087,1789,1,3,Atendimento,2026-03-19
1088,1792,2,2,Preço,2025-09-21
1089,1793,5,4,Atendimento,2026-04-17
1090,1796,3,2,Preço,2025-09-25
1091,1797,4,3,Atendimento,2026-04-11
1092,1799,3,1,Sem comentário,2026-05-24
1093,1800,3,4,Elogio,2026-05-25
1094,1802,4,2,Atendimento,2026-04-04
1095,1804,2,4,Atendimento,2026-01-04
1096,1805,4,1,Sem comentário,2026-06-30
1097,1808,1,4,Preço,2025-09-23
1098,1809,3,4,Prazo,2025-11-08
1099,1810,4,2,Elogio,2026-05-13
1100,1812,4,1,Atendimento,2026-03-11
1101,1813,5,3,Elogio,2025-09-02
1102,1816,3,2,Prazo,2025-07-15
1103,1817,5,3,Elogio,2026-02-04
1104,1819,4,1,Preço,2026-05-05
1105,1822,5,3,Preço,2025-10-10
1106,1824,2,5,Preço,2026-05-08
1107,1826,3,4,Sem comentário,2025-10-12
1108,1827,5,5,Preço,2026-01-07
1109,1829,3,2,Sem comentário,2025-07-27
1110,1831,2,2,Elogio,2025-08-27
1111,1834,4,3,Elogio,2025-09-12
1112,1835,4,3,Sem comentário,2026-04-04
1113,1836,2,2,Elogio,2025-12-14
1114,1837,3,3,Atendimento,2026-02-20
1115,1838,4,1,Preço,2026-04-09
1116,1842,5,5,Atendimento,2025-07-26
1117,1844,5,4,Atendimento,2026-05-26
1118,1846,4,1,Preço,2025-10-20
1119,1847,1,5,Sem comentário,2026-03-27
1120,1848,2,5,Preço,2026-04-08
1121,1850,5,3,Atendimento,2026-04-23
1122,1851,4,5,Sem comentário,2025-10-08
1123,1853,3,2,Preço,2026-01-22
1124,1854,4,4,Atendimento,2026-01-25
1125,1856,5,2,Atendimento,2026-01-26
1126,1858,4,3,Elogio,2026-04-27
1127,1861,4,1,Preço,2026-03-07
1128,1862,5,2,Prazo,2025-08-06
1129,1863,1,1,Sem comentário,2026-02-07
1130,1864,4,4,Elogio,2025-11-05
1131,1865,4,3,Atendimento,2026-02-28
1132,1869,2,3,Sem comentário,2026-04-14
1133,1870,1,4,Sem comentário,2026-06-04
1134,1871,4,5,Preço,2026-02-05
1135,1875,3,2,Preço,2026-02-15
1136,1876,4,4,Prazo,2026-05-17
1137,1877,3,5,Atendimento,2026-04-30
1138,1878,5,2,Prazo,2026-05-23
1139,1879,3,5,Sem comentário,2026-04-28
1140,1880,4,2,Preço,2026-02-19
1141,1882,4,1,Elogio,2025-07-15
1142,1883,1,2,Prazo,2026-05-11
1143,1885,4,1,Preço,2026-01-17
1144,1888,3,1,Sem comentário,2026-03-16
1145,1890,1,5,Atendimento,2025-10-21
1146,1891,5,2,Atendimento,2026-01-24
1147,1894,4,4,Elogio,2026-06-27
1148,1896,5,3,Sem comentário,2026-01-12
1149,1897,5,3,Preço,2025-11-14
1150,1900,1,1,Sem comentário,2026-06-10
1151,1901,5,3,Preço,2026-06-02
1152,1904,5,3,Preço,2026-01-26
1153,1905,1,5,Elogio,2026-05-10
1154,1907,2,3,Elogio,2026-03-18
1155,1908,2,5,Elogio,2026-05-18
1156,1915,3,5,Atendimento,2025-09-05
1157,1916,2,2,Prazo,2026-05-02
1158,1919,1,2,Preço,2025-12-07
1159,1922,3,5,Atendimento,2025-12-30
1160,1924,1,3,Sem comentário,2026-05-09
1161,1925,5,5,Preço,2026-01-29
1162,1926,1,3,Sem comentário,2025-07-11
1163,1927,5,3,Sem comentário,2026-03-11
1164,1928,5,2,Preço,2026-03-29
1165,1930,1,4,Preço,2026-05-03
1166,1931,5,2,Preço,2025-08-07
1167,1933,4,3,Atendimento,2025-11-09
1168,1934,4,4,Atendimento,2026-04-27
1169,1935,2,1,Preço,2025-08-02
1170,1937,4,2,Atendimento,2025-09-04
1171,1939,5,1,Prazo,2025-09-06
1172,1943,2,2,Atendimento,2025-12-14
1173,1944,5,2,Prazo,2026-06-25
1174,1945,2,1,Elogio,2025-12-06
1175,1946,5,4,Atendimento,2025-10-20
1176,1947,3,3,Sem comentário,2025-07-12
1177,1950,5,4,Prazo,2025-07-24
1178,1951,2,5,Prazo,2026-04-22
1179,1952,5,5,Preço,2025-10-26
1180,1953,5,1,Prazo,2025-12-13
1181,1955,1,1,Preço,2026-05-31
1182,1956,1,1,Atendimento,2025-09-08
1183,1960,5,3,Sem comentário,2026-03-24
1184,1966,4,5,Sem comentário,2025-07-20
1185,1968,4,1,Prazo,2026-02-12
1186,1969,3,5,Elogio,2026-01-13
1187,1970,3,2,Sem comentário,2026-06-16
1188,1973,3,2,Sem comentário,2026-02-12
1189,1974,4,2,Sem comentário,2026-05-14
1190,1975,4,1,Elogio,2025-11-18
1191,1976,1,5,Preço,2026-03-07
1192,1984,5,1,Sem comentário,2025-10-07
1193,1987,1,4,Sem comentário,2025-12-26
1194,1990,3,2,Sem comentário,2025-12-31
1195,1991,4,3,Atendimento,2026-04-22
1196,1992,4,4,Prazo,2026-03-21
1197,1995,5,5,Prazo,2025-09-07
1198,1997,4,3,Atendimento,2026-02-07
1199,2000,5,3,Elogio,2025-09-21
1200,2003,3,3,Prazo,2025-10-14
1201,2004,4,4,Preço,2025-07-14
1202,2006,1,3,Sem comentário,2025-12-24
1203,2007,4,3,Preço,2025-12-27
1204,2008,3,3,Prazo,2025-11-03
1205,2011,1,2,Atendimento,2025-12-17
1206,2014,5,1,Elogio,2026-05-12
1207,2016,5,2,Preço,2026-02-03
1208,2018,4,1,Elogio,2026-04-16
1209,2020,1,4,Sem comentário,2025-09-26
1210,2023,5,5,Sem comentário,2025-11-22
1211,2024,5,1,Elogio,2026-06-02
1212,2025,2,4,Preço,2025-12-14
1213,2026,2,2,Elogio,2025-09-19
1214,2027,2,5,Prazo,2025-10-07
1215,2028,2,4,Prazo,2026-04-02
1216,2029,2,3,Preço,2025-09-16
1217,2030,3,4,Prazo,2025-11-16
1218,2031,2,2,Preço,2025-12-23
1219,2033,2,4,Preço,2026-06-29
1220,2034,4,4,Sem comentário,2026-01-01
1221,2036,4,3,Elogio,2026-05-06
1222,2039,1,1,Sem comentário,2025-09-25
1223,2040,4,3,Preço,2026-02-15
1224,2041,1,1,Prazo,2026-05-12
1225,2042,1,2,Sem comentário,2025-10-12
1226,2043,3,2,Elogio,2026-06-01
1227,2044,4,5,Elogio,2025-11-01
1228,2045,3,3,Preço,2025-12-15
1229,2047,2,3,Sem comentário,2026-07-09
1230,2049,4,2,Sem comentário,2026-06-19
1231,2050,2,4,Sem comentário,2025-09-12
1232,2051,5,5,Sem comentário,2026-03-29
1233,2052,4,4,Atendimento,2025-08-22
1234,2053,2,5,Prazo,2025-07-30
1235,2056,4,2,Prazo,2026-06-21
1236,2057,3,4,Prazo,2025-11-10
1237,2058,2,2,Preço,2025-12-04
1238,2059,2,3,Preço,2025-08-03
1239,2061,4,5,Prazo,2026-01-26
1240,2064,4,3,Atendimento,2026-01-20
1241,2066,5,3,Prazo,2025-07-04
1242,2067,1,3,Elogio,2026-05-26
1243,2068,1,5,Prazo,2025-12-15
1244,2076,3,3,Atendimento,2026-05-26
1245,2080,5,2,Elogio,2026-01-26
1246,2081,2,1,Elogio,2025-08-05
1247,2082,5,2,Elogio,2026-04-29
1248,2084,2,1,Prazo,2025-10-01
1249,2085,3,1,Atendimento,2026-04-27
1250,2086,3,1,Atendimento,2025-07-17
1251,2087,5,2,Preço,2025-10-22
1252,2089,1,1,Preço,2026-03-26
1253,2091,3,3,Sem comentário,2026-06-17
1254,2092,5,4,Atendimento,2026-04-26
1255,2093,3,3,Preço,2026-02-12
1256,2094,4,4,Atendimento,2026-03-27
1257,2096,4,4,Sem comentário,2026-06-02
1258,2100,3,4,Elogio,2026-06-21
1259,2101,2,5,Preço,2026-07-02
1260,2105,4,3,Elogio,2026-01-31
1261,2106,4,3,Elogio,2026-05-16
1262,2107,2,4,Prazo,2025-10-26
1263,2113,2,5,Elogio,2025-10-18
1264,2114,3,4,Elogio,2026-04-09
1265,2115,2,4,Sem comentário,2025-11-18
1266,2117,5,3,Sem comentário,2026-01-28
1267,2119,2,5,Sem comentário,2026-05-31
1268,2120,2,1,Sem comentário,2025-12-09
1269,2126,4,4,Prazo,2026-02-21
1270,2127,2,5,Elogio,2025-12-07
1271,2129,5,1,Prazo,2026-06-04
1272,2130,4,5,Sem comentário,2025-07-14
1273,2131,1,3,Preço,2026-03-02
1274,2132,3,1,Prazo,2026-04-14
1275,2133,1,3,Elogio,2026-06-28
1276,2134,4,2,Sem comentário,2025-10-07
1277,2135,4,5,Preço,2025-09-24
1278,2136,3,1,Prazo,2026-01-28
1279,2137,1,1,Sem comentário,2026-04-19
1280,2140,4,4,Sem comentário,2025-12-28
1281,2142,5,4,Sem comentário,2026-06-07
1282,2143,4,2,Prazo,2025-12-14
1283,2145,1,3,Sem comentário,2026-04-04
1284,2147,3,5,Elogio,2026-05-02
1285,2148,1,2,Prazo,2025-10-30
1286,2149,2,2,Sem comentário,2025-08-27
1287,2153,5,2,Prazo,2026-03-15
1288,2154,1,1,Sem comentário,2025-10-06
1289,2155,4,5,Elogio,2025-10-06
1290,2157,3,1,Prazo,2025-07-22
1291,2158,5,3,Atendimento,2025-09-14
1292,2159,3,2,Prazo,2025-09-20
1293,2160,5,2,Prazo,2025-10-13
1294,2162,4,4,Sem comentário,2025-08-24
1295,2163,3,1,Atendimento,2025-07-22
1296,2164,1,1,Atendimento,2026-02-23
1297,2166,3,4,Sem comentário,2025-11-10
1298,2167,4,1,Prazo,2026-05-04
1299,2168,3,4,Preço,2025-08-22
1300,2169,3,2,Prazo,2026-06-09
1301,2170,4,1,Elogio,2026-05-26
1302,2171,4,4,Elogio,2025-11-15
1303,2172,2,3,Atendimento,2026-05-31
1304,2174,1,4,Prazo,2025-09-14
1305,2175,1,2,Prazo,2026-06-10
1306,2176,5,5,Prazo,2026-01-01
1307,2177,4,1,Atendimento,2025-09-14
1308,2178,2,3,Atendimento,2025-12-29
1309,2180,1,2,Elogio,2025-07-26
1310,2182,1,3,Preço,2025-09-27
1311,2184,5,2,Prazo,2025-12-17
1312,2186,2,4,Atendimento,2026-01-11
1313,2188,4,1,Sem comentário,2026-06-07
1314,2190,3,1,Elogio,2025-10-24
1315,2193,3,5,Elogio,2025-09-09
1316,2194,3,2,Preço,2026-05-17
1317,2195,1,5,Elogio,2026-03-18
1318,2196,3,5,Preço,2025-10-08
1319,2199,3,2,Prazo,2026-02-14
1320,2200,2,5,Atendimento,2025-12-22
1321,2202,5,3,Elogio,2025-09-21
1322,2207,5,3,Preço,2025-09-28
1323,2208,4,1,Prazo,2025-07-08
1324,2211,5,2,Sem comentário,2026-05-17
1325,2213,3,1,Prazo,2026-06-09
1326,2214,4,5,Preço,2026-04-20
1327,2217,5,1,Elogio,2026-05-15
1328,2218,5,2,Prazo,2026-04-25
1329,2221,4,4,Prazo,2026-03-26
1330,2222,1,3,Preço,2026-03-05
1331,2223,2,4,Sem comentário,2025-12-29
1332,2224,2,5,Atendimento,2026-04-18
1333,2225,4,5,Preço,2025-08-19
1334,2226,5,4,Prazo,2025-12-22
1335,2228,2,3,Preço,2025-11-30
1336,2229,4,3,Atendimento,2025-10-03
1337,2233,2,4,Atendimento,2026-06-20
1338,2235,5,2,Elogio,2025-08-09
1339,2237,1,5,Atendimento,2025-09-23
1340,2239,5,4,Preço,2026-02-06
1341,2240,3,2,Sem comentário,2026-05-25
1342,2241,5,1,Atendimento,2026-05-13
1343,2244,1,3,Prazo,2025-10-02
1344,2245,3,3,Preço,2025-11-08
1345,2246,3,4,Sem comentário,2026-06-15
1346,2249,1,2,Sem comentário,2026-01-20
1347,2251,3,2,Sem comentário,2026-05-04
1348,2252,3,3,Atendimento,2026-05-20
1349,2253,1,1,Prazo,2026-05-04
1350,2256,3,3,Sem comentário,2025-09-25
1351,2257,1,3,Prazo,2025-12-27
1352,2258,2,4,Prazo,2026-01-17
1353,2259,5,1,Preço,2026-06-03
1354,2260,3,2,Elogio,2025-08-29
1355,2262,1,1,Sem comentário,2026-05-11
1356,2263,5,2,Elogio,2025-12-03
1357,2264,3,5,Elogio,2025-08-07
1358,2269,2,2,Sem comentário,2025-11-30
1359,2270,3,1,Sem comentário,2025-07-27
1360,2271,3,2,Preço,2025-11-04
1361,2272,3,1,Elogio,2025-08-21
1362,2273,5,5,Preço,2026-06-04
1363,2274,5,2,Atendimento,2025-10-10
1364,2275,2,2,Prazo,2026-02-16
1365,2276,4,1,Sem comentário,2026-01-25
1366,2277,4,4,Sem comentário,2025-11-13
1367,2279,5,2,Preço,2026-04-28
1368,2280,1,5,Atendimento,2026-02-15
1369,2284,5,2,Atendimento,2025-07-18
1370,2287,3,1,Preço,2026-04-01
1371,2289,5,4,Sem comentário,2026-02-15
1372,2291,2,4,Sem comentário,2026-01-24
1373,2293,3,5,Atendimento,2025-12-02
1374,2294,1,2,Sem comentário,2025-07-29
1375,2297,4,5,Prazo,2025-07-13
1376,2298,2,3,Atendimento,2026-07-09
1377,2299,5,4,Sem comentário,2026-03-21
1378,2300,3,5,Preço,2026-06-21
1379,2301,5,4,Elogio,2026-04-08
1380,2304,1,2,Prazo,2026-02-08
1381,2305,3,4,Preço,2025-12-08
1382,2307,3,1,Sem comentário,2025-07-24
1383,2308,3,3,Prazo,2026-01-18
1384,2309,2,2,Elogio,2025-12-20
1385,2310,2,4,Atendimento,2026-02-10
1386,2311,2,3,Elogio,2025-11-07
1387,2313,2,3,Elogio,2026-01-20
1388,2314,1,5,Atendimento,2025-08-01
1389,2315,3,4,Elogio,2026-02-04
1390,2316,2,5,Atendimento,2025-08-12
1391,2317,3,4,Elogio,2025-10-21
1392,2318,1,5,Preço,2025-07-17
1393,2320,1,3,Preço,2026-04-17
1394,2322,4,1,Atendimento,2025-07-23
1395,2323,2,5,Sem comentário,2025-11-25
1396,2324,3,4,Atendimento,2026-01-01
1397,2325,5,3,Atendimento,2025-11-09
1398,2326,1,3,Preço,2025-11-15
1399,2327,5,5,Sem comentário,2025-09-04
1400,2329,3,3,Atendimento,2026-03-27
1401,2330,4,4,Elogio,2025-10-30
1402,2333,4,2,Sem comentário,2025-07-18
1403,2334,1,1,Preço,2026-04-07
1404,2335,1,2,Prazo,2025-10-06
1405,2336,1,2,Elogio,2025-07-26
1406,2337,2,3,Sem comentário,2025-09-18
1407,2338,5,5,Preço,2026-03-01
1408,2341,1,1,Preço,2025-12-28
1409,2342,4,2,Prazo,2025-11-15
1410,2344,1,5,Prazo,2025-12-31
1411,2348,4,5,Preço,2025-12-17
1412,2353,3,5,Atendimento,2026-06-09
1413,2354,2,5,Prazo,2026-03-17
1414,2355,3,5,Elogio,2026-03-31
1415,2357,2,1,Preço,2025-09-19
1416,2358,2,2,Sem comentário,2026-02-16
1417,2360,1,4,Prazo,2026-02-04
1418,2361,2,3,Sem comentário,2026-04-05
1419,2362,5,3,Prazo,2026-06-26
1420,2363,3,3,Sem comentário,2026-04-13
1421,2366,5,2,Sem comentário,2026-05-08
1422,2367,1,3,Preço,2025-08-05
1423,2369,5,2,Elogio,2026-01-23
1424,2370,2,1,Elogio,2026-04-17
1425,2371,3,5,Prazo,2026-03-05
1426,2372,1,3,Prazo,2025-11-29
1427,2373,3,3,Preço,2026-06-17
1428,2375,5,5,Elogio,2025-10-02
1429,2376,2,2,Atendimento,2026-01-07
1430,2377,3,5,Sem comentário,2025-08-16
1431,2378,4,2,Sem comentário,2026-04-10
1432,2379,1,3,Sem comentário,2026-01-30
1433,2380,1,4,Elogio,2026-07-14
1434,2382,2,5,Elogio,2025-10-28
1435,2384,5,2,Sem comentário,2025-08-13
1436,2385,3,1,Atendimento,2026-06-30
1437,2387,2,3,Preço,2026-04-13
1438,2388,5,1,Prazo,2026-02-13
1439,2389,3,1,Prazo,2025-08-15
1440,2390,3,2,Preço,2026-05-26
1441,2392,2,4,Preço,2025-12-20
1442,2394,1,3,Elogio,2026-02-27
1443,2396,3,1,Elogio,2026-03-15
1444,2397,2,4,Elogio,2026-04-30
1445,2401,3,5,Preço,2026-01-23
1446,2404,3,2,Prazo,2025-12-28
1447,2406,5,2,Prazo,2026-02-03
1448,2407,1,3,Atendimento,2026-04-08
1449,2408,4,3,Atendimento,2026-06-02
1450,2410,5,2,Elogio,2025-09-25
1451,2414,4,2,Preço,2026-03-31
1452,2415,1,1,Elogio,2025-12-16
1453,2416,3,2,Prazo,2025-08-29
1454,2417,1,4,Atendimento,2026-05-29
1455,2418,3,5,Preço,2026-05-12
1456,2420,5,3,Atendimento,2025-12-14
1457,2423,1,4,Atendimento,2026-01-08
1458,2424,5,2,Atendimento,2026-04-15
1459,2427,3,5,Preço,2025-07-17
1460,2428,3,3,Prazo,2025-08-08
1461,2429,4,2,Prazo,2026-03-30
1462,2433,5,1,Atendimento,2026-05-06
1463,2434,4,4,Atendimento,2025-07-17
1464,2435,2,3,Sem comentário,2026-05-05
1465,2436,2,1,Preço,2026-01-28
1466,2439,2,1,Elogio,2025-10-17
1467,2440,2,2,Preço,2026-02-22
1468,2441,2,4,Atendimento,2025-08-16
1469,2443,5,5,Prazo,2025-12-30
1470,2444,1,5,Sem comentário,2026-04-24
1471,2446,3,2,Elogio,2026-03-31
1472,2448,3,5,Atendimento,2025-09-27
1473,2451,5,5,Sem comentário,2025-10-20
1474,2452,2,2,Preço,2026-06-28
1475,2453,5,1,Preço,2026-01-04
1476,2454,5,2,Elogio,2026-05-22
1477,2455,2,3,Elogio,2026-06-13
1478,2456,1,2,Sem comentário,2026-02-12
1479,2457,5,2,Prazo,2025-12-20
1480,2460,1,2,Atendimento,2026-01-04
1481,2461,4,4,Sem comentário,2026-02-12
1482,2462,3,4,Sem comentário,2025-09-22
1483,2465,2,1,Preço,2025-10-22
1484,2466,5,4,Preço,2026-01-08
1485,2467,3,3,Prazo,2026-05-22
1486,2468,5,3,Elogio,2025-10-23
1487,2471,3,1,Elogio,2026-05-10
1488,2472,2,4,Atendimento,2025-12-24
1489,2475,5,1,Prazo,2026-05-30
1490,2478,5,1,Elogio,2026-05-25
1491,2481,4,4,Preço,2026-06-08
1492,2483,2,5,Atendimento,2025-09-02
1493,2485,5,3,Elogio,2025-11-05
1494,2486,5,5,Preço,2026-05-26
1495,2487,4,5,Atendimento,2026-03-05
1496,2488,1,2,Elogio,2026-04-09
1497,2489,1,2,Elogio,2025-11-12
1498,2491,1,4,Prazo,2025-10-04
1499,2493,1,1,Preço,2025-08-18
1500,2495,4,4,Prazo,2025-11-08
1501,2496,4,4,Elogio,2026-07-11
1502,2497,4,4,Prazo,2026-06-12
1503,2498,2,3,Atendimento,2025-11-14
1504,2499,3,2,Atendimento,2026-05-30
1505,2500,1,3,Prazo,2026-04-25
1506,2502,2,4,Prazo,2026-02-02
1507,2503,3,3,Prazo,2026-03-22
1508,2505,2,2,Prazo,2025-10-31
1509,2508,5,1,Preço,2025-12-29
1510,2509,3,3,Elogio,2026-05-25
1511,2510,4,3,Atendimento,2026-05-20
1512,2512,3,5,Atendimento,2025-08-02
1513,2513,5,5,Prazo,2025-10-29
1514,2514,3,5,Elogio,2026-06-21
1515,2517,4,4,Prazo,2026-03-31
1516,2519,1,4,Sem comentário,2026-02-11
1517,2520,3,4,Preço,2025-12-14
1518,2521,5,3,Sem comentário,2026-01-26
1519,2522,2,4,Preço,2025-11-22
1520,2523,2,1,Preço,2026-02-02
1521,2526,1,4,Prazo,2025-12-18
1522,2527,5,1,Preço,2025-09-25
1523,2528,1,5,Atendimento,2025-08-06
1524,2530,4,3,Prazo,2025-10-12
1525,2532,5,2,Atendimento,2026-05-18
1526,2533,3,3,Prazo,2025-12-20
1527,2534,1,3,Sem comentário,2026-05-05
1528,2535,5,2,Sem comentário,2026-01-26
1529,2536,5,3,Atendimento,2025-07-25
1530,2538,3,5,Elogio,2026-03-25
1531,2539,1,2,Sem comentário,2025-12-30
1532,2542,4,5,Preço,2025-12-17
1533,2543,4,5,Elogio,2025-10-15
1534,2545,4,3,Preço,2026-01-07
1535,2546,4,4,Atendimento,2025-07-26
1536,2547,4,5,Elogio,2026-06-06
1537,2549,3,3,Elogio,2026-02-24
1538,2550,4,4,Elogio,2026-01-14
1539,2552,1,2,Prazo,2026-01-16
1540,2553,5,5,Elogio,2025-09-02
1541,2555,1,5,Sem comentário,2026-01-02
1542,2559,2,3,Prazo,2026-02-07
1543,2561,5,5,Elogio,2026-01-31
1544,2564,2,1,Sem comentário,2025-08-13
1545,2566,2,5,Atendimento,2025-10-28
1546,2567,3,4,Elogio,2026-05-05
1547,2568,4,1,Preço,2026-03-09
1548,2575,3,4,Elogio,2026-02-24
1549,2577,1,2,Prazo,2025-10-15
1550,2580,2,2,Elogio,2026-03-05
1551,2581,1,1,Prazo,2025-11-06
1552,2583,4,5,Elogio,2026-04-25
1553,2586,4,2,Elogio,2026-01-17
1554,2588,3,4,Elogio,2026-02-18
1555,2589,4,2,Preço,2026-04-29
1556,2591,1,2,Sem comentário,2025-12-11
1557,2592,4,4,Elogio,2025-08-16
1558,2593,2,5,Prazo,2026-06-05
1559,2594,4,4,Preço,2025-11-27
1560,2596,3,5,Elogio,2026-04-24
1561,2597,5,2,Atendimento,2026-04-10
1562,2598,2,2,Elogio,2025-10-11
1563,2602,3,4,Elogio,2026-04-21
1564,2604,3,2,Sem comentário,2026-02-13
1565,2608,1,5,Prazo,2025-09-14
1566,2610,1,4,Prazo,2026-05-03
1567,2611,1,2,Atendimento,2026-05-10
1568,2612,1,1,Elogio,2025-10-24
1569,2614,1,5,Sem comentário,2025-09-07
1570,2615,2,2,Sem comentário,2025-12-25
1571,2617,4,4,Prazo,2025-10-22
1572,2618,4,5,Preço,2025-07-19
1573,2619,3,4,Elogio,2025-07-28
1574,2621,3,2,Preço,2026-01-27
1575,2622,3,3,Prazo,2026-02-19
1576,2623,2,5,Elogio,2025-12-01
1577,2624,3,3,Prazo,2026-01-31
1578,2626,4,4,Prazo,2025-08-05
1579,2627,1,5,Preço,2025-09-14
1580,2628,2,1,Elogio,2025-11-23
1581,2629,1,5,Preço,2025-10-08
1582,2630,3,3,Elogio,2026-04-12
1583,2631,3,1,Elogio,2025-10-05
1584,2634,3,1,Preço,2026-05-24
1585,2635,3,3,Sem comentário,2025-08-13
1586,2637,5,2,Sem comentário,2026-03-21
1587,2638,1,2,Preço,2025-09-20
1588,2640,1,1,Prazo,2026-01-12
1589,2641,2,5,Preço,2026-06-19
1590,2643,4,2,Preço,2025-12-23
1591,2644,2,1,Elogio,2026-03-11
1592,2648,2,4,Sem comentário,2025-12-18
1593,2651,1,3,Prazo,2026-06-21
1594,2654,5,1,Sem comentário,2026-03-24
1595,2656,1,4,Preço,2025-12-13
1596,2657,2,1,Atendimento,2025-07-05
1597,2658,4,3,Sem comentário,2025-08-23
1598,2659,4,2,Elogio,2025-10-10
1599,2661,5,2,Elogio,2025-08-26
1600,2665,2,1,Sem comentário,2025-07-16
1601,2667,2,4,Prazo,2025-10-21
1602,2669,1,4,Sem comentário,2026-04-15
1603,2670,5,1,Elogio,2026-05-17
1604,2671,2,2,Atendimento,2026-06-26
1605,2673,2,4,Preço,2026-01-18
1606,2674,2,5,Preço,2025-09-01
1607,2676,5,4,Sem comentário,2026-02-24
1608,2679,5,4,Sem comentário,2026-01-19
1609,2681,2,4,Prazo,2026-02-28
1610,2682,4,1,Atendimento,2025-07-25
1611,2685,3,4,Sem comentário,2026-01-23
1612,2686,3,2,Preço,2025-08-16
1613,2688,4,2,Sem comentário,2026-03-28
1614,2691,4,5,Sem comentário,2026-05-09
1615,2694,3,3,Elogio,2026-06-19
1616,2695,4,1,Elogio,2026-03-03
1617,2697,3,5,Atendimento,2026-01-29
1618,2698,3,2,Sem comentário,2025-11-02
1619,2699,3,4,Prazo,2026-03-14
1620,2703,2,3,Sem comentário,2025-08-02
1621,2707,1,2,Prazo,2026-05-15
1622,2709,1,4,Elogio,2026-03-21
1623,2711,4,2,Prazo,2025-10-16
1624,2714,5,5,Atendimento,2026-07-07
1625,2716,5,1,Prazo,2025-11-23
1626,2717,1,3,Elogio,2026-03-27
1627,2718,3,1,Elogio,2025-12-07
1628,2719,2,3,Atendimento,2026-02-14
1629,2720,1,3,Sem comentário,2025-09-06
1630,2721,5,5,Preço,2026-01-19
1631,2722,1,3,Elogio,2026-06-04
1632,2725,5,3,Preço,2025-08-15
1633,2726,4,2,Elogio,2025-08-17
1634,2728,3,5,Elogio,2026-05-20
1635,2729,5,1,Atendimento,2026-06-14
1636,2731,2,1,Preço,2026-03-21
1637,2735,3,3,Atendimento,2025-08-11
1638,2736,3,1,Atendimento,2025-11-19
1639,2737,5,1,Atendimento,2025-12-09
1640,2741,3,2,Atendimento,2026-03-19
1641,2744,1,2,Preço,2025-09-10
1642,2745,5,2,Sem comentário,2026-04-26
1643,2748,3,4,Atendimento,2025-09-26
1644,2750,5,2,Atendimento,2026-01-24
1645,2751,1,1,Prazo,2026-01-30
1646,2753,3,4,Elogio,2025-10-21
1647,2754,1,3,Elogio,2026-01-10
1648,2755,3,3,Sem comentário,2025-11-05
1649,2757,3,4,Atendimento,2025-10-18
1650,2758,1,5,Atendimento,2026-04-29
1651,2759,2,1,Sem comentário,2026-04-13
1652,2761,3,5,Sem comentário,2025-12-12
1653,2764,2,3,Elogio,2026-04-29
1654,2765,4,2,Sem comentário,2026-04-14
1655,2768,3,3,Preço,2026-05-07
1656,2772,2,2,Preço,2026-04-07
1657,2774,5,3,Sem comentário,2025-08-24
1658,2775,1,4,Preço,2026-06-12
1659,2776,5,5,Prazo,2025-08-04
1660,2777,4,5,Sem comentário,2025-12-26
1661,2778,2,4,Prazo,2025-10-04
1662,2779,2,5,Preço,2026-06-05
1663,2780,4,1,Sem comentário,2026-05-15
1664,2781,2,2,Sem comentário,2025-08-07
1665,2782,5,2,Elogio,2026-05-20
1666,2783,2,1,Atendimento,2025-07-17
1667,2787,1,3,Atendimento,2025-11-10
1668,2789,5,1,Elogio,2026-04-27
1669,2790,5,1,Preço,2026-01-08
1670,2791,5,3,Elogio,2025-10-25
1671,2792,1,5,Atendimento,2025-12-07
1672,2796,1,2,Sem comentário,2025-07-20
1673,2799,3,4,Sem comentário,2026-03-01
1674,2800,4,1,Sem comentário,2025-10-18
1675,2802,1,3,Preço,2026-06-02
1676,2803,5,5,Preço,2026-03-07
1677,2805,1,5,Elogio,2025-12-25
1678,2806,2,2,Elogio,2025-11-20
1679,2807,1,4,Preço,2025-10-29
1680,2810,1,4,Elogio,2026-01-13
1681,2812,3,1,Prazo,2025-12-10
1682,2813,2,2,Atendimento,2025-09-02
1683,2814,2,5,Sem comentário,2026-04-20
1684,2815,2,4,Preço,2026-02-24
1685,2816,5,2,Preço,2025-11-08
1686,2819,3,4,Atendimento,2026-01-08
1687,2822,1,4,Atendimento,2025-11-28
1688,2823,3,1,Sem comentário,2026-04-05
1689,2826,3,3,Prazo,2026-03-03
1690,2827,1,5,Atendimento,2026-06-29
1691,2830,1,4,Preço,2026-07-01
1692,2831,1,4,Preço,2026-07-02
1693,2839,1,4,Prazo,2025-10-23
1694,2840,3,5,Sem comentário,2025-07-23
1695,2841,2,3,Prazo,2026-07-12
1696,2845,5,4,Atendimento,2026-05-23
1697,2846,2,1,Prazo,2025-08-02
1698,2847,4,3,Prazo,2025-09-16
1699,2848,2,4,Atendimento,2025-12-04
1700,2849,3,3,Sem comentário,2026-04-11
1701,2850,4,3,Elogio,2025-09-28
1702,2856,2,3,Prazo,2025-09-19
1703,2859,2,5,Preço,2026-05-18
1704,2860,4,4,Atendimento,2026-01-25
1705,2862,2,3,Preço,2026-07-03
1706,2863,5,2,Sem comentário,2025-11-11
1707,2865,4,5,Preço,2026-06-09
1708,2867,2,2,Sem comentário,2026-04-28
1709,2868,4,2,Sem comentário,2025-07-27
1710,2869,5,5,Atendimento,2025-08-26
1711,2871,5,2,Atendimento,2025-11-24
1712,2872,3,1,Prazo,2025-11-18
1713,2873,5,4,Sem comentário,2026-06-17
1714,2877,5,2,Elogio,2026-02-22
1715,2879,5,3,Atendimento,2026-05-21
1716,2880,2,2,Sem comentário,2026-03-06
1717,2881,4,3,Elogio,2025-08-12
1718,2882,2,3,Prazo,2026-02-02
1719,2883,4,1,Atendimento,2025-10-11
1720,2884,1,2,Sem comentário,2026-06-18
1721,2885,5,3,Prazo,2026-01-19
1722,2886,4,3,Elogio,2025-11-28
1723,2887,4,2,Sem comentário,2025-12-01
1724,2888,3,3,Preço,2025-12-10
1725,2889,5,1,Elogio,2025-11-26
1726,2894,5,4,Preço,2025-12-20
1727,2896,1,1,Atendimento,2026-02-01
1728,2899,4,2,Atendimento,2025-09-22
1729,2900,5,4,Prazo,2026-03-09
1730,2902,1,3,Prazo,2025-10-29
1731,2906,5,4,Atendimento,2025-08-18
1732,2907,5,2,Elogio,2025-10-06
1733,2908,3,1,Prazo,2026-05-24
1734,2909,4,1,Elogio,2026-04-30
1735,2912,1,1,Sem comentário,2026-04-30
1736,2914,3,2,Atendimento,2025-11-28
1737,2916,2,1,Atendimento,2025-08-22
1738,2917,5,1,Atendimento,2026-02-11
1739,2918,4,1,Elogio,2025-08-25
1740,2919,4,2,Atendimento,2025-09-12
1741,2920,2,2,Preço,2026-04-13
1742,2921,5,4,Prazo,2025-09-18
1743,2922,4,4,Prazo,2026-06-16
1744,2923,4,5,Prazo,2025-09-17
1745,2929,1,1,Preço,2026-01-08
1746,2930,3,4,Prazo,2025-08-28
1747,2933,1,4,Elogio,2026-01-06
1748,2934,1,4,Prazo,2026-05-17
1749,2936,2,2,Sem comentário,2025-09-15
1750,2938,1,4,Preço,2026-04-15
1751,2940,1,2,Atendimento,2025-09-25
1752,2941,5,5,Elogio,2025-11-20
1753,2942,5,4,Sem comentário,2025-11-28
1754,2946,1,5,Elogio,2025-12-16
1755,2949,2,1,Sem comentário,2026-06-23
1756,2950,4,3,Elogio,2026-01-29
1757,2952,2,5,Prazo,2026-03-10
1758,2953,5,5,Atendimento,2026-04-17
1759,2955,5,3,Elogio,2026-01-29
1760,2956,4,2,Elogio,2026-01-08
1761,2957,4,1,Preço,2026-07-02
1762,2958,3,4,Prazo,2025-10-27
1763,2959,1,1,Sem comentário,2026-02-09
1764,2960,5,2,Prazo,2026-03-24
1765,2962,2,3,Sem comentário,2025-09-03
1766,2966,5,2,Preço,2025-12-25
1767,2968,4,3,Prazo,2025-07-25
1768,2969,3,3,Atendimento,2026-05-12
1769,2971,5,4,Prazo,2026-06-29
1770,2972,3,2,Preço,2025-10-11
1771,2973,5,5,Elogio,2025-07-10
1772,2974,1,3,Prazo,2026-03-13
1773,2977,3,2,Preço,2025-11-10
1774,2978,1,4,Preço,2025-11-13
1775,2982,1,3,Elogio,2026-01-21
1776,2983,1,2,Sem comentário,2026-04-26
1777,2984,5,3,Sem comentário,2025-09-18
1778,2985,1,3,Elogio,2026-02-25
1779,2987,5,3,Preço,2025-10-21
1780,2990,3,5,Atendimento,2025-09-10
1781,2991,5,5,Preço,2026-06-26
1782,2992,3,2,Prazo,2026-01-19
1783,2994,4,3,Sem comentário,2026-05-24
1784,2996,4,5,Sem comentário,2026-03-15
1785,2999,5,1,Sem comentário,2025-09-03
1786,3000,4,1,Preço,2025-08-10
1787,3001,4,2,Elogio,2026-03-11
1788,3003,2,1,Atendimento,2026-01-17
1789,3004,1,2,Sem comentário,2025-08-20
1790,3005,3,1,Preço,2026-01-07
1791,3007,1,2,Elogio,2025-07-11
1792,3009,1,3,Prazo,2026-02-22
1793,3011,1,1,Atendimento,2026-03-03
1794,3013,4,2,Sem comentário,2025-12-25
1795,3014,5,1,Sem comentário,2026-01-22
1796,3015,4,2,Preço,2026-04-27
1797,3016,1,5,Preço,2026-01-01
1798,3018,1,5,Prazo,2025-11-19
1799,3023,4,5,Prazo,2026-06-09
1800,3025,2,4,Preço,2025-11-14
1801,3026,2,5,Sem comentário,2025-07-22
1802,3027,1,1,Prazo,2026-04-10
1803,3028,4,4,Preço,2025-12-15
1804,3030,5,1,Elogio,2026-01-12
1805,3031,3,4,Elogio,2025-11-18
1806,3032,3,1,Atendimento,2025-11-23
1807,3033,5,3,Preço,2025-10-12
1808,3034,2,1,Atendimento,2026-01-04
1809,3036,4,4,Atendimento,2026-05-06
1810,3037,3,4,Atendimento,2026-02-27
1811,3040,5,2,Atendimento,2025-08-19
1812,3042,5,3,Preço,2025-07-19
1813,3048,5,5,Atendimento,2026-03-28
1814,3049,2,4,Preço,2025-12-16
1815,3050,2,5,Preço,2025-08-30
1816,3051,2,5,Atendimento,2026-03-31
1817,3052,5,1,Preço,2025-09-05
1818,3053,1,2,Atendimento,2026-03-08
1819,3054,4,2,Sem comentário,2025-12-31
1820,3056,2,1,Elogio,2026-01-14
1821,3057,1,4,Atendimento,2025-11-15
1822,3059,3,1,Prazo,2026-01-19
1823,3060,1,1,Sem comentário,2025-11-17
1824,3061,2,1,Preço,2026-04-28
1825,3062,2,4,Sem comentário,2025-12-15
1826,3063,1,3,Elogio,2026-04-26
1827,3064,5,3,Preço,2026-05-11
1828,3070,2,3,Prazo,2025-07-28
1829,3071,3,3,Atendimento,2025-11-19
1830,3072,4,1,Prazo,2026-01-08
1831,3073,3,5,Prazo,2025-11-16
1832,3074,4,1,Elogio,2025-09-21
1833,3075,2,2,Atendimento,2026-02-23
1834,3078,2,3,Preço,2026-03-09
1835,3079,3,2,Atendimento,2025-10-22
1836,3080,4,5,Atendimento,2026-04-14
1837,3081,1,5,Sem comentário,2026-04-12
1838,3083,2,1,Prazo,2026-07-02
1839,3084,1,1,Sem comentário,2026-07-05
1840,3086,4,5,Prazo,2025-11-19
1841,3087,4,5,Prazo,2025-11-03
1842,3088,2,5,Preço,2026-01-09
1843,3091,5,4,Atendimento,2025-07-21
1844,3092,3,1,Sem comentário,2025-10-19
1845,3094,4,3,Atendimento,2026-06-23
1846,3095,4,2,Atendimento,2026-05-21
1847,3097,4,5,Sem comentário,2025-08-26
1848,3098,5,5,Elogio,2025-07-14
1849,3099,4,2,Prazo,2025-09-25
1850,3101,1,2,Elogio,2026-03-01
1851,3102,3,5,Sem comentário,2025-10-01
1852,3105,1,2,Sem comentário,2025-08-19
1853,3106,1,5,Preço,2026-01-24
1854,3107,5,3,Preço,2026-07-02
1855,3109,1,3,Elogio,2026-04-11
1856,3111,4,3,Preço,2025-11-21
1857,3112,2,2,Prazo,2025-11-28
1858,3113,4,4,Prazo,2025-09-29
1859,3115,3,3,Elogio,2026-01-16
1860,3116,1,3,Preço,2025-09-22
1861,3117,4,2,Prazo,2025-12-23
1862,3118,4,4,Preço,2026-05-19
1863,3121,5,3,Sem comentário,2026-02-03
1864,3122,3,2,Elogio,2026-02-05
1865,3123,4,3,Prazo,2025-11-12
1866,3124,4,5,Sem comentário,2025-10-18
1867,3125,3,3,Atendimento,2025-07-28
1868,3127,1,2,Prazo,2026-04-01
1869,3128,5,4,Atendimento,2025-10-19
1870,3130,3,2,Atendimento,2026-05-21
1871,3131,2,4,Prazo,2026-05-15
1872,3134,2,1,Prazo,2025-10-12
1873,3136,3,4,Elogio,2025-09-22
1874,3137,5,4,Prazo,2025-07-18
1875,3138,5,1,Atendimento,2025-08-13
1876,3140,5,1,Preço,2025-11-12
1877,3141,2,3,Elogio,2025-10-31
1878,3144,1,5,Preço,2025-09-10
1879,3145,2,3,Elogio,2026-05-23
1880,3146,1,4,Preço,2025-08-28
1881,3147,4,2,Atendimento,2025-07-14
1882,3149,1,5,Atendimento,2026-04-13
1883,3151,3,3,Preço,2026-06-20
1884,3152,4,4,Prazo,2026-06-14
1885,3153,4,5,Elogio,2025-12-08
1886,3154,5,3,Preço,2026-01-14
1887,3156,5,1,Preço,2025-08-16
1888,3158,3,5,Elogio,2025-12-22
1889,3160,3,5,Sem comentário,2026-02-04
1890,3162,5,2,Preço,2025-11-04
1891,3164,5,5,Sem comentário,2025-09-18
1892,3166,2,3,Sem comentário,2026-03-30
1893,3168,1,5,Sem comentário,2025-11-28
1894,3169,3,2,Sem comentário,2026-03-04
1895,3170,4,2,Atendimento,2026-02-18
1896,3171,4,3,Prazo,2026-06-09
1897,3172,5,4,Sem comentário,2026-05-30
1898,3173,5,5,Prazo,2025-08-09
1899,3174,1,5,Atendimento,2026-01-19
1900,3176,3,1,Elogio,2026-02-23
1901,3177,4,3,Atendimento,2025-07-10
1902,3178,1,2,Elogio,2026-01-16
1903,3182,5,2,Sem comentário,2026-04-22
1904,3184,4,3,Atendimento,2025-10-13
1905,3189,5,1,Elogio,2025-12-07
1906,3191,3,2,Elogio,2025-07-14
1907,3192,3,2,Atendimento,2026-04-01
1908,3193,3,5,Elogio,2025-12-14
1909,3194,2,3,Preço,2026-03-10
1910,3195,2,5,Atendimento,2025-08-28
1911,3197,4,5,Preço,2025-09-08
1912,3198,1,1,Sem comentário,2025-09-09
1913,3200,1,1,Atendimento,2026-05-03
1914,3202,3,5,Elogio,2026-02-22
1915,3203,4,2,Atendimento,2025-12-18
1916,3204,1,5,Atendimento,2025-07-05
1917,3205,2,4,Elogio,2026-04-24
1918,3209,2,1,Prazo,2026-05-25
1919,3210,4,4,Sem comentário,2025-08-09
1920,3211,3,4,Atendimento,2025-09-08
1921,3213,5,2,Preço,2025-10-27
1922,3214,2,1,Sem comentário,2026-05-04
1923,3215,3,4,Sem comentário,2026-03-03
1924,3220,2,4,Preço,2025-12-11
1925,3222,2,2,Sem comentário,2026-04-18
1926,3223,5,5,Elogio,2026-04-25
1927,3225,3,3,Atendimento,2026-05-05
1928,3226,1,5,Atendimento,2025-12-02
1929,3228,1,1,Sem comentário,2025-10-01
1930,3229,3,5,Prazo,2026-02-19
1931,3233,5,5,Prazo,2025-10-23
1932,3236,4,2,Prazo,2026-01-01
1933,3237,1,1,Prazo,2026-04-15
1934,3239,5,2,Atendimento,2026-05-17
1935,3240,5,4,Preço,2026-01-21
1936,3241,3,5,Prazo,2026-04-30
1937,3244,3,1,Prazo,2026-05-04
1938,3245,1,4,Preço,2026-03-26
1939,3247,2,2,Sem comentário,2025-08-17
1940,3248,2,5,Prazo,2026-04-03
1941,3251,4,2,Preço,2025-12-16
1942,3254,1,2,Atendimento,2025-10-10
1943,3257,5,3,Elogio,2025-11-24
1944,3260,4,5,Sem comentário,2025-10-04
1945,3262,2,2,Preço,2025-07-15
1946,3264,1,3,Preço,2025-08-02
1947,3266,3,5,Prazo,2026-02-03
1948,3267,3,2,Preço,2025-11-29
1949,3269,3,4,Prazo,2026-03-18
1950,3271,1,1,Sem comentário,2025-07-15
1951,3278,3,3,Sem comentário,2025-12-12
1952,3279,5,2,Atendimento,2025-08-22
1953,3281,5,5,Elogio,2026-05-25
1954,3282,2,1,Preço,2025-09-15
1955,3283,3,4,Atendimento,2026-03-29
1956,3291,5,1,Atendimento,2025-11-09
1957,3293,1,5,Sem comentário,2025-07-13
1958,3300,5,1,Sem comentário,2025-10-07
1959,3301,2,3,Atendimento,2025-07-16
1960,3302,1,5,Sem comentário,2026-04-22
1961,3303,3,1,Preço,2025-10-02
1962,3304,1,5,Prazo,2025-10-15
1963,3306,2,3,Atendimento,2026-03-24
1964,3307,1,1,Sem comentário,2025-10-26
1965,3308,2,3,Prazo,2025-08-16
1966,3310,3,3,Atendimento,2026-02-18
1967,3311,1,4,Sem comentário,2026-05-22
1968,3314,5,4,Elogio,2026-02-17
1969,3317,4,3,Elogio,2025-09-19
1970,3319,4,2,Elogio,2025-09-09
1971,3320,1,3,Sem comentário,2026-03-11
1972,3321,3,3,Sem comentário,2026-01-07
1973,3323,4,4,Atendimento,2026-05-07
1974,3324,1,1,Elogio,2026-06-15
1975,3327,1,2,Atendimento,2026-02-02
1976,3329,1,5,Sem comentário,2025-08-01
1977,3330,3,1,Sem comentário,2025-10-07
1978,3332,3,4,Preço,2025-12-19
1979,3333,2,5,Prazo,2026-06-14
1980,3336,2,1,Elogio,2025-07-30
1981,3337,3,1,Atendimento,2025-08-02
1982,3338,3,3,Elogio,2026-02-06
1983,3339,3,2,Preço,2026-05-24
1984,3340,1,4,Sem comentário,2025-11-23
1985,3341,3,2,Prazo,2025-07-10
1986,3343,3,4,Prazo,2025-11-26
1987,3346,2,5,Prazo,2026-05-12
1988,3347,3,3,Atendimento,2026-03-08
1989,3348,3,4,Prazo,2026-03-29
1990,3351,4,5,Preço,2025-07-29
1991,3354,1,3,Atendimento,2025-12-16
1992,3355,3,4,Elogio,2025-08-05
1993,3359,3,2,Elogio,2025-10-30
1994,3360,2,3,Preço,2026-02-25
1995,3362,1,4,Sem comentário,2025-11-11
1996,3363,5,2,Elogio,2026-01-05
1997,3364,4,4,Preço,2026-01-17
1998,3365,4,5,Prazo,2025-08-25
1999,3367,3,2,Prazo,2026-04-26
2000,3368,3,5,Atendimento,2026-01-13
2001,3369,5,3,Sem comentário,2025-10-13
2002,3370,5,3,Prazo,2026-04-04
2003,3371,1,3,Sem comentário,2025-07-17
2004,3372,2,3,Prazo,2026-05-27
2005,3373,4,5,Preço,2025-11-30
2006,3377,1,3,Elogio,2026-06-20
2007,3380,1,3,Preço,2025-09-02
2008,3381,5,4,Prazo,2026-02-07
2009,3382,5,5,Sem comentário,2026-01-12
2010,3383,5,2,Preço,2026-02-21
2011,3385,5,4,Prazo,2025-07-12
2012,3387,5,2,Elogio,2026-01-15
2013,3390,3,5,Prazo,2026-02-01
2014,3391,3,3,Prazo,2025-07-11
2015,3392,5,5,Atendimento,2025-09-21
2016,3393,5,2,Sem comentário,2026-05-09
2017,3394,2,3,Preço,2026-01-05
2018,3396,4,5,Preço,2025-12-23
2019,3397,4,1,Atendimento,2025-12-23
2020,3398,5,4,Atendimento,2025-09-13
2021,3400,1,3,Preço,2025-12-05
2022,3402,5,5,Prazo,2025-12-05
2023,3403,5,2,Sem comentário,2026-01-27
2024,3404,1,2,Atendimento,2026-01-17
2025,3407,3,3,Prazo,2026-03-06
2026,3409,4,3,Atendimento,2026-01-15
2027,3410,4,3,Preço,2026-02-07
2028,3411,1,2,Atendimento,2026-03-20
2029,3413,1,4,Prazo,2026-04-25
2030,3415,2,2,Elogio,2026-04-29
2031,3416,5,2,Preço,2025-08-18
2032,3417,3,4,Prazo,2026-05-17
2033,3420,2,4,Atendimento,2026-03-04
2034,3421,5,2,Elogio,2025-09-17
2035,3422,1,1,Sem comentário,2025-11-12
2036,3423,5,5,Preço,2026-01-10
2037,3425,3,1,Sem comentário,2026-03-13
2038,3426,2,2,Prazo,2025-09-24
2039,3427,2,3,Atendimento,2026-07-06
2040,3431,5,4,Preço,2026-05-26
2041,3433,4,3,Sem comentário,2026-04-17
2042,3434,2,5,Elogio,2025-09-23
2043,3438,3,3,Elogio,2026-04-01
2044,3440,5,4,Prazo,2026-01-18
2045,3441,5,2,Atendimento,2026-05-13
2046,3442,1,3,Elogio,2025-10-01
2047,3443,2,5,Preço,2025-09-17
2048,3444,4,3,Sem comentário,2026-07-11
2049,3445,5,2,Sem comentário,2025-11-12
2050,3446,1,1,Elogio,2025-07-22
2051,3448,1,5,Atendimento,2026-01-12
2052,3451,1,3,Prazo,2026-04-13
2053,3452,2,3,Prazo,2025-09-02
2054,3455,4,2,Preço,2026-01-13
2055,3456,2,4,Elogio,2026-04-17
2056,3458,1,4,Preço,2025-10-08
2057,3459,5,4,Elogio,2025-12-12
2058,3460,5,3,Sem comentário,2025-09-05
2059,3461,4,1,Prazo,2026-04-04
2060,3462,4,1,Prazo,2026-03-28
2061,3464,3,5,Elogio,2026-03-30
2062,3466,4,5,Atendimento,2026-05-06
2063,3469,3,5,Preço,2026-07-10
2064,3470,4,3,Atendimento,2026-05-27
2065,3471,4,1,Prazo,2025-12-19
2066,3472,3,3,Atendimento,2025-12-28
2067,3474,5,2,Preço,2025-07-25
2068,3475,5,4,Prazo,2025-09-17
2069,3477,3,5,Elogio,2026-06-18
2070,3478,3,5,Sem comentário,2025-08-08
2071,3479,3,3,Sem comentário,2025-10-12
2072,3480,2,2,Preço,2025-09-04
2073,3483,3,2,Sem comentário,2025-07-19
2074,3484,2,5,Elogio,2025-10-29
2075,3488,5,4,Prazo,2025-12-09
2076,3490,5,4,Prazo,2025-07-20
2077,3492,3,2,Sem comentário,2025-09-11
2078,3494,5,1,Atendimento,2025-08-17
2079,3495,4,5,Atendimento,2026-03-23
2080,3496,4,3,Elogio,2026-01-27
2081,3497,2,3,Elogio,2026-03-19
2082,3498,4,4,Sem comentário,2025-12-15
2083,3499,5,4,Elogio,2026-01-02
2084,3500,1,4,Preço,2026-01-15
2085,3501,1,4,Atendimento,2026-05-16
2086,3502,2,1,Atendimento,2025-07-26
2087,3503,3,1,Preço,2025-11-22
2088,3504,2,4,Preço,2025-12-01
2089,3505,4,3,Preço,2026-02-22
2090,3507,2,2,Atendimento,2025-12-31
2091,3509,5,3,Sem comentário,2025-12-14
2092,3510,2,4,Sem comentário,2026-03-19
2093,3511,1,5,Atendimento,2026-03-05
2094,3513,2,2,Elogio,2026-04-22
2095,3516,2,4,Atendimento,2026-06-22
2096,3518,5,5,Preço,2025-09-30
2097,3520,3,5,Atendimento,2026-01-20
2098,3521,2,2,Sem comentário,2025-11-10
2099,3524,3,5,Atendimento,2026-02-13
2100,3525,2,4,Elogio,2026-03-17
2101,3526,1,3,Atendimento,2025-08-11
2102,3530,5,4,Preço,2026-05-26
2103,3533,5,1,Preço,2026-03-25
2104,3534,2,4,Atendimento,2026-02-03
2105,3535,1,4,Prazo,2026-01-21
2106,3541,4,3,Atendimento,2026-01-26
2107,3542,2,4,Sem comentário,2026-04-24
2108,3546,3,4,Elogio,2026-03-21
2109,3547,1,5,Preço,2025-10-20
2110,3549,4,1,Elogio,2026-04-25
2111,3550,2,5,Preço,2025-07-20
2112,3551,4,5,Preço,2026-05-24
2113,3552,5,3,Sem comentário,2026-06-06
2114,3554,2,5,Sem comentário,2026-01-01
2115,3555,2,3,Prazo,2025-09-05
2116,3557,3,2,Prazo,2025-09-06
2117,3558,4,5,Sem comentário,2026-07-09
2118,3559,4,2,Atendimento,2025-12-27
2119,3560,3,1,Elogio,2025-11-07
2120,3564,3,5,Preço,2026-06-07
2121,3566,5,5,Elogio,2026-03-17
2122,3568,2,3,Preço,2026-03-25
2123,3569,1,5,Preço,2026-05-21
2124,3570,5,3,Elogio,2025-10-22
2125,3571,4,3,Prazo,2025-09-30
2126,3573,2,2,Sem comentário,2025-12-09
2127,3574,1,1,Elogio,2025-09-24
2128,3575,1,5,Sem comentário,2025-09-15
2129,3577,4,4,Elogio,2026-03-03
2130,3578,4,5,Elogio,2026-05-20
2131,3579,3,2,Prazo,2026-04-07
2132,3581,3,3,Preço,2025-11-18
2133,3582,2,3,Preço,2026-01-14
2134,3583,2,4,Preço,2025-08-24
2135,3584,3,4,Atendimento,2026-02-07
2136,3586,3,1,Atendimento,2025-10-10
2137,3588,4,5,Preço,2025-10-13
2138,3589,3,5,Sem comentário,2026-02-18
2139,3591,2,3,Preço,2025-09-07
2140,3594,4,5,Prazo,2025-09-03
2141,3595,2,4,Atendimento,2026-03-29
2142,3596,4,1,Prazo,2025-12-19
2143,3598,5,2,Prazo,2025-12-14
2144,3599,3,1,Prazo,2026-06-12
2145,3601,4,1,Elogio,2025-09-02
2146,3602,4,4,Atendimento,2025-12-11
2147,3603,3,4,Sem comentário,2026-05-20
2148,3604,3,1,Preço,2026-04-22
2149,3605,5,4,Preço,2025-07-15
2150,3608,3,2,Elogio,2026-04-12
2151,3609,1,3,Elogio,2025-12-27
2152,3610,1,2,Preço,2025-11-11
2153,3611,3,5,Prazo,2026-03-03
2154,3612,5,2,Sem comentário,2026-02-09
2155,3613,1,3,Sem comentário,2026-01-23
2156,3614,3,3,Sem comentário,2025-09-01
2157,3615,5,3,Prazo,2026-01-11
2158,3617,5,2,Prazo,2025-10-30
2159,3618,2,1,Preço,2026-05-15
2160,3619,2,4,Preço,2026-01-11
2161,3621,4,1,Atendimento,2026-04-07
2162,3622,1,4,Prazo,2026-05-11
2163,3623,2,4,Preço,2026-02-22
2164,3624,5,1,Elogio,2026-04-22
2165,3625,2,2,Prazo,2026-03-20
2166,3627,5,3,Preço,2025-09-15
2167,3628,4,5,Sem comentário,2026-01-16
2168,3629,1,5,Prazo,2026-05-10
2169,3631,2,4,Preço,2025-08-15
2170,3632,2,4,Atendimento,2026-05-25
2171,3634,4,4,Sem comentário,2026-01-13
2172,3635,3,3,Elogio,2025-09-15
2173,3637,5,1,Atendimento,2025-10-08
2174,3639,5,3,Preço,2026-06-06
2175,3642,3,4,Elogio,2025-10-13
2176,3643,5,1,Sem comentário,2025-10-09
2177,3645,1,1,Sem comentário,2026-02-07
2178,3646,5,3,Prazo,2026-07-12
2179,3647,1,2,Preço,2026-05-16
2180,3648,4,2,Prazo,2025-12-07
2181,3650,2,2,Sem comentário,2026-04-26
2182,3651,4,5,Sem comentário,2026-02-27
2183,3656,5,5,Sem comentário,2026-04-14
2184,3657,4,3,Prazo,2025-11-19
2185,3658,3,3,Atendimento,2026-01-06
2186,3659,4,5,Sem comentário,2026-04-04
2187,3660,2,1,Preço,2026-03-06
2188,3661,4,1,Sem comentário,2026-03-05
2189,3662,4,1,Atendimento,2025-08-14
2190,3665,3,1,Elogio,2025-12-23
2191,3666,4,1,Sem comentário,2025-10-09
2192,3667,2,4,Sem comentário,2026-06-23
2193,3668,3,5,Atendimento,2026-02-16
2194,3672,3,1,Prazo,2025-10-10
2195,3673,1,4,Elogio,2025-11-26
2196,3675,1,4,Atendimento,2025-12-07
2197,3676,1,4,Atendimento,2026-03-06
2198,3677,1,3,Atendimento,2025-11-19
2199,3678,5,3,Sem comentário,2026-04-28
2200,3681,5,5,Preço,2026-06-28
2201,3684,5,1,Preço,2025-12-15
2202,3686,2,5,Preço,2025-08-21
2203,3687,2,1,Elogio,2026-04-03
2204,3690,5,3,Elogio,2026-01-27
2205,3693,5,3,Preço,2025-07-22
2206,3696,4,4,Sem comentário,2026-03-17
2207,3698,1,5,Atendimento,2025-11-28
2208,3699,5,5,Sem comentário,2025-08-02
2209,3701,2,5,Prazo,2026-03-01
2210,3702,5,2,Prazo,2026-06-03
2211,3705,5,5,Prazo,2026-02-17
2212,3706,2,1,Preço,2025-09-04
2213,3707,2,3,Elogio,2026-02-21
2214,3708,4,4,Prazo,2026-01-13
2215,3711,3,1,Prazo,2025-09-11
2216,3712,4,3,Sem comentário,2025-09-26
2217,3713,1,4,Elogio,2025-12-14
2218,3714,4,3,Sem comentário,2026-04-20
2219,3715,1,4,Atendimento,2026-02-04
2220,3716,1,1,Elogio,2025-11-27
2221,3718,4,3,Sem comentário,2026-01-02
2222,3719,4,1,Elogio,2025-08-31
2223,3721,5,4,Prazo,2025-10-25
2224,3723,3,4,Prazo,2026-05-07
2225,3724,1,4,Sem comentário,2026-01-07
2226,3725,5,4,Preço,2026-05-12
2227,3726,3,1,Elogio,2026-05-23
2228,3727,1,5,Atendimento,2026-06-21
2229,3728,1,3,Elogio,2025-12-12
2230,3731,1,2,Prazo,2025-08-27
2231,3733,5,5,Preço,2025-08-08
2232,3734,3,3,Preço,2026-05-03
2233,3737,5,3,Sem comentário,2025-07-22
2234,3739,2,1,Elogio,2025-12-17
2235,3742,4,3,Elogio,2025-12-23
2236,3743,5,5,Atendimento,2025-12-31
2237,3744,1,3,Prazo,2026-05-28
2238,3745,3,5,Sem comentário,2026-06-23
2239,3749,4,1,Preço,2025-10-22
2240,3751,5,2,Sem comentário,2026-03-02
2241,3752,3,5,Prazo,2025-11-04
2242,3753,5,3,Atendimento,2026-01-02
2243,3754,4,2,Atendimento,2025-11-11
2244,3756,4,1,Preço,2026-02-10
2245,3758,2,1,Elogio,2026-05-10
2246,3759,4,1,Sem comentário,2026-07-05
2247,3765,1,4,Preço,2025-07-12
2248,3766,2,5,Preço,2026-05-13
2249,3769,3,3,Prazo,2025-10-25
2250,3770,5,1,Elogio,2026-03-13
2251,3771,4,4,Preço,2026-01-30
2252,3772,2,3,Sem comentário,2025-10-21
2253,3773,5,3,Atendimento,2026-06-27
2254,3775,1,1,Preço,2025-09-07
2255,3776,5,1,Sem comentário,2026-05-11
2256,3777,1,5,Prazo,2026-06-18
2257,3779,1,2,Prazo,2026-04-27
2258,3780,3,4,Preço,2025-08-16
2259,3781,5,5,Prazo,2026-06-14
2260,3782,4,3,Prazo,2026-03-07
2261,3784,4,4,Sem comentário,2026-06-29
2262,3785,4,2,Elogio,2026-03-31
2263,3786,2,1,Preço,2026-05-09
2264,3787,1,2,Preço,2025-07-13
2265,3788,2,5,Elogio,2026-01-27
2266,3790,5,1,Atendimento,2026-03-29
2267,3792,4,4,Preço,2025-12-24
2268,3793,4,1,Atendimento,2025-12-19
2269,3796,1,3,Atendimento,2026-01-28
2270,3797,1,4,Atendimento,2026-01-16
2271,3798,5,3,Sem comentário,2026-03-08
2272,3799,3,1,Elogio,2025-10-24
2273,3800,3,5,Atendimento,2026-06-12
2274,3801,3,2,Sem comentário,2026-07-12
2275,3802,4,3,Prazo,2025-09-20
2276,3803,1,1,Atendimento,2026-03-23
2277,3804,2,1,Atendimento,2025-08-25
2278,3807,5,2,Preço,2026-02-03
2279,3808,1,3,Preço,2026-04-03
2280,3810,3,4,Atendimento,2025-12-07
2281,3811,5,5,Elogio,2026-01-01
2282,3814,2,2,Sem comentário,2025-07-14
2283,3815,4,1,Atendimento,2025-10-19
2284,3816,2,4,Prazo,2026-05-09
2285,3819,4,4,Elogio,2026-06-17
2286,3821,5,2,Prazo,2026-05-28
2287,3822,3,5,Preço,2025-08-11
2288,3823,2,4,Sem comentário,2025-09-20
2289,3824,5,3,Atendimento,2025-08-18
2290,3828,2,5,Elogio,2025-12-11
2291,3829,5,5,Prazo,2025-12-03
2292,3831,2,5,Sem comentário,2026-02-03
2293,3832,3,4,Prazo,2026-01-15
2294,3833,4,3,Atendimento,2026-04-12
2295,3834,1,5,Atendimento,2026-05-14
2296,3835,4,4,Prazo,2026-01-13
2297,3836,2,4,Sem comentário,2026-03-12
2298,3837,4,1,Sem comentário,2026-01-09
2299,3838,5,2,Preço,2026-02-09
2300,3839,2,5,Elogio,2025-09-15
2301,3840,1,1,Prazo,2026-04-10
2302,3841,2,1,Atendimento,2026-01-28
2303,3842,5,1,Preço,2025-11-01
2304,3843,1,2,Elogio,2026-03-02
2305,3844,5,2,Preço,2025-07-03
2306,3847,5,3,Preço,2026-07-05
2307,3848,3,3,Preço,2026-03-28
2308,3849,5,1,Elogio,2026-04-18
2309,3850,2,4,Sem comentário,2025-09-26
2310,3851,3,4,Sem comentário,2025-08-25
2311,3853,3,4,Preço,2026-06-19
2312,3854,1,3,Preço,2026-06-14
2313,3856,3,4,Preço,2025-11-10
2314,3857,4,2,Prazo,2026-03-13
2315,3858,2,2,Prazo,2026-06-16
2316,3859,3,4,Prazo,2026-03-25
2317,3862,5,3,Elogio,2026-06-22
2318,3863,4,4,Atendimento,2025-08-19
2319,3865,4,2,Prazo,2026-06-27
2320,3866,5,1,Sem comentário,2025-07-20
2321,3868,4,1,Prazo,2025-07-20
2322,3869,2,1,Preço,2026-01-04
2323,3870,5,4,Atendimento,2026-02-12
2324,3871,1,5,Preço,2026-06-18
2325,3873,5,5,Atendimento,2025-08-12
2326,3875,1,3,Elogio,2026-05-30
2327,3876,2,1,Elogio,2026-06-01
2328,3877,2,3,Atendimento,2025-09-29
2329,3880,5,2,Preço,2026-02-25
2330,3881,1,4,Prazo,2025-10-23
2331,3882,3,1,Sem comentário,2025-12-08
2332,3883,1,4,Prazo,2025-09-15
2333,3888,2,3,Atendimento,2025-12-05
2334,3889,3,5,Atendimento,2025-10-09
2335,3891,4,4,Prazo,2026-01-30
2336,3893,4,5,Elogio,2025-07-31
2337,3894,3,5,Elogio,2025-12-27
2338,3895,4,4,Prazo,2025-12-09
2339,3897,5,3,Preço,2026-01-22
2340,3898,4,3,Sem comentário,2025-11-02
2341,3899,3,5,Atendimento,2026-03-11
2342,3902,5,1,Sem comentário,2026-01-31
2343,3903,5,4,Sem comentário,2026-03-29
2344,3906,3,1,Atendimento,2025-07-28
2345,3907,5,4,Elogio,2025-12-14
2346,3909,4,1,Elogio,2026-02-25
2347,3910,1,5,Prazo,2025-11-25
2348,3911,2,2,Sem comentário,2026-01-02
2349,3912,2,2,Preço,2025-08-23
2350,3915,2,1,Sem comentário,2026-01-25
2351,3916,2,5,Sem comentário,2025-09-24
2352,3917,1,3,Atendimento,2026-02-23
2353,3919,1,3,Sem comentário,2025-08-28
2354,3920,2,2,Elogio,2025-11-10
2355,3921,3,5,Elogio,2025-10-15
2356,3923,1,1,Atendimento,2025-10-12
2357,3924,3,3,Sem comentário,2025-09-18
2358,3928,3,5,Atendimento,2025-10-09
2359,3929,3,3,Sem comentário,2026-06-28
2360,3930,1,2,Atendimento,2025-12-20
2361,3931,2,1,Elogio,2025-12-10
2362,3932,3,4,Preço,2025-09-19
2363,3934,4,2,Elogio,2025-10-25
2364,3935,1,4,Prazo,2026-02-18
2365,3936,2,1,Sem comentário,2026-03-15
2366,3937,3,2,Sem comentário,2025-11-15
2367,3939,4,5,Preço,2026-06-21
2368,3940,5,1,Atendimento,2026-04-25
2369,3941,3,2,Preço,2026-06-12
2370,3944,5,4,Prazo,2026-06-04
2371,3945,3,5,Atendimento,2026-03-30
2372,3946,4,2,Sem comentário,2026-03-17
2373,3948,5,2,Preço,2025-12-22
2374,3950,2,2,Sem comentário,2026-06-11
2375,3951,1,1,Prazo,2025-10-18
2376,3952,4,5,Atendimento,2025-10-10
2377,3953,1,1,Prazo,2025-08-28
2378,3954,2,1,Elogio,2026-04-28
2379,3955,5,4,Preço,2026-04-13
2380,3957,4,5,Elogio,2026-01-15
2381,3959,4,2,Prazo,2026-05-13
2382,3960,4,3,Sem comentário,2025-10-30
2383,3961,4,2,Prazo,2026-03-17
2384,3962,4,4,Sem comentário,2026-06-29
2385,3964,1,3,Preço,2026-02-26
2386,3966,3,5,Preço,2026-05-27
2387,3967,1,3,Atendimento,2025-09-30
2388,3968,5,4,Elogio,2025-08-20
2389,3971,4,4,Prazo,2025-09-03
2390,3975,3,4,Sem comentário,2025-07-23
2391,3976,4,4,Preço,2025-12-07
2392,3977,3,5,Prazo,2026-04-02
2393,3979,5,4,Sem comentário,2025-07-22
2394,3981,1,1,Prazo,2026-01-26
2395,3982,5,2,Elogio,2026-03-12
2396,3985,1,5,Prazo,2025-08-13
2397,3986,4,2,Preço,2025-11-08
2398,3987,1,5,Sem comentário,2025-09-02
2399,3989,2,4,Preço,2025-11-07
2400,3990,5,5,Elogio,2026-01-06
2401,3992,2,5,Preço,2025-07-14
2402,3993,2,4,Sem comentário,2025-10-05
2403,3994,1,1,Preço,2026-01-11
2404,3996,4,3,Prazo,2025-09-28
2405,3998,3,4,Sem comentário,2025-08-09
2406,3999,4,3,Prazo,2026-06-10
2407,4000,4,5,Prazo,2025-11-12
