aluno_id;codigo_aluno;idade;genero;regiao;data_cadastro
1;  ALU-00001  ;42;Masculino;Oeste;2023-04-17
2;  ALU-00002  ;26;Não informado;Oeste;2023-09-05
3;  ALU-00003  ;44;Não informado;Norte;2022-11-11
4;  ALU-00004  ;52;Masculino;Oeste;2023-04-20
5;ALU-00005;54;Feminino;Sul;2024-01-23
6;ALU-00006;28;Feminino;Norte;2025-06-30
7;ALU-00007;72;Não informado;Oeste;2023-09-18
8;ALU-00008;17;Feminino;Leste;2024-06-22
9;ALU-00009;52;Masculino;Leste;2025-05-14
10;ALU-00010;54;Feminino;Oeste;2022-10-27
11;ALU-00011;38;Masculino;Sul;2023-01-23
12;ALU-00012;31;Não informado;Oeste;2023-10-20
13;ALU-00013;20;Masculino;Norte;2024-03-20
14;ALU-00014;42;Feminino;Oeste;2024-07-27
15;ALU-00015;66;Feminino;Sul;2024-02-25
16;ALU-00016;21;Feminino;Leste;2022-12-09
17;ALU-00017;49;Masculino;Sul;2024-12-11
18;ALU-00018;77;Não informado;Centro;2025-01-04
19;ALU-00019;60;Não informado;Leste;2022-12-08
20;ALU-00020;23;Masculino;Sul;2025-05-24
21;ALU-00021;43;Masculino;Oeste;2022-12-09
22;ALU-00022;78;Feminino;Centro;2023-03-11
23;ALU-00023;38;Masculino;Sul;2023-12-30
24;ALU-00024;41;Não informado;Oeste;2023-05-23
25;ALU-00025;50;Masculino;Norte;2023-03-22
26;ALU-00026;18;Feminino;Oeste;2023-04-23
27;ALU-00027;45;Masculino;Norte;2025-03-12
28;ALU-00028;46;Masculino;Oeste;2022-12-08
29;ALU-00029;64;Masculino;Norte;2024-06-08
30;ALU-00030;32;Não informado;Centro;2024-12-16
31;ALU-00031;49;Feminino;Centro;2024-02-15
32;ALU-00032;40;Feminino;Leste;2024-01-14
33;ALU-00033;77;Não informado;Oeste;2022-11-19
34;ALU-00034;70;Masculino;Oeste;2024-01-15
35;ALU-00035;56;Não informado;Leste;2025-05-22
36;ALU-00036;68;Feminino;Norte;2024-09-11
37;ALU-00037;74;Masculino;Norte;2023-10-19
38;ALU-00038;73;Feminino;Sul;2024-02-05
39;ALU-00039;42;Feminino;Centro;2024-01-21
40;ALU-00040;20;Feminino;Centro;2023-12-30
41;ALU-00041;37;Não informado;Centro;2023-12-26
42;ALU-00042;18;Masculino;Leste;2025-01-20
43;ALU-00043;45;Masculino;Centro;2023-12-22
44;ALU-00044;72;Feminino;Oeste;2025-01-23
45;ALU-00045;42;Masculino;Centro;2022-12-22
46;ALU-00046;32;Masculino;Sul;2023-03-25
47;ALU-00047;55;Masculino;Leste;2023-11-23
48;ALU-00048;53;Feminino;Norte;2023-12-29
49;ALU-00049;58;Feminino;Leste;2025-02-02
50;ALU-00050;66;Não informado;Oeste;2024-03-12
51;ALU-00051;77;Masculino;Centro;2025-05-08
52;ALU-00052;76;Feminino;Sul;2023-10-04
53;ALU-00053;53;Feminino;Sul;2024-05-29
54;ALU-00054;33;Feminino;Norte;2023-11-04
55;ALU-00055;60;Não informado;Oeste;2025-01-09
56;ALU-00056;19;Não informado;Oeste;2024-09-23
57;ALU-00057;70;Feminino;Leste;2025-04-21
58;ALU-00058;26;Feminino;Norte;2023-11-07
59;ALU-00059;22;Não informado;Leste;2024-09-01
60;ALU-00060;24;Feminino;Oeste;2024-03-06
61;ALU-00061;64;Feminino;Centro;2023-03-17
62;ALU-00062;57;Masculino;Centro;2024-05-11
63;ALU-00063;30;Não informado;Centro;2023-09-14
64;ALU-00064;49;Masculino;Oeste;2025-06-03
65;ALU-00065;16;Feminino;Norte;2025-05-13
66;ALU-00066;53;Masculino;Norte;2023-04-25
67;ALU-00067;63;Feminino;Norte;2023-04-02
68;ALU-00068;70;Não informado;Norte;2024-05-18
69;ALU-00069;15;Não informado;Oeste;2025-04-06
70;ALU-00070;59;Feminino;Centro;2024-12-19
71;ALU-00071;48;Não informado;Sul;2025-04-19
72;ALU-00072;32;Feminino;Oeste;2024-10-14
73;ALU-00073;73;Feminino;Sul;2024-06-26
74;ALU-00074;28;Não informado;Centro;2024-01-22
75;ALU-00075;56;Não informado;Leste;2023-02-02
76;ALU-00076;77;Não informado;Sul;2025-01-31
77;ALU-00077;62;Feminino;Centro;2024-04-28
78;ALU-00078;60;Feminino;Sul;2024-03-25
79;ALU-00079;50;Não informado;Leste;2025-06-26
80;ALU-00080;15;Não informado;Oeste;2023-08-05
81;ALU-00081;20;Feminino;Oeste;2024-06-17
82;ALU-00082;61;Feminino;Norte;2024-05-24
83;ALU-00083;15;Não informado;Leste;2023-11-27
84;ALU-00084;77;Não informado;Sul;2023-01-02
85;ALU-00085;78;Masculino;Centro;2024-05-02
86;ALU-00086;35;Não informado;Norte;2023-04-30
87;ALU-00087;75;Masculino;Leste;2023-03-30
88;ALU-00088;39;Masculino;Sul;2024-08-19
89;ALU-00089;15;Masculino;Leste;2025-06-21
90;ALU-00090;25;Não informado;Centro;2023-07-10
91;ALU-00091;66;Não informado;Oeste;2024-07-11
92;ALU-00092;69;Não informado;Centro;2025-03-09
93;ALU-00093;42;Feminino;Centro;2023-12-29
94;ALU-00094;23;Masculino;Centro;2022-12-09
95;ALU-00095;62;Masculino;Norte;2023-07-10
96;ALU-00096;48;Feminino;Leste;2023-11-05
97;ALU-00097;18;Não informado;Centro;2022-12-13
98;ALU-00098;31;Masculino;Norte;2023-09-11
99;ALU-00099;31;Masculino;Leste;2024-04-19
100;ALU-00100;63;Masculino;Sul;2025-04-20
101;ALU-00101;67;Masculino;Norte;2022-10-28
102;ALU-00102;50;Feminino;Oeste;2023-04-08
103;ALU-00103;44;Não informado;Norte;2024-07-21
104;ALU-00104;59;Feminino;Sul;2023-11-20
105;ALU-00105;32;Não informado;Sul;2022-12-14
106;ALU-00106;45;Masculino;Oeste;2024-07-09
107;ALU-00107;72;Não informado;Norte;2023-11-12
108;ALU-00108;41;Masculino;Leste;2025-01-24
109;ALU-00109;49;Feminino;Centro;2023-06-22
110;ALU-00110;62;Não informado;Sul;2023-11-20
111;ALU-00111;59;Masculino;Norte;2023-02-27
112;ALU-00112;63;Feminino;Centro;2023-04-03
113;ALU-00113;18;Masculino;Sul;2025-06-24
114;ALU-00114;67;Feminino;Centro;2025-04-24
115;ALU-00115;65;Feminino;Centro;2024-08-21
116;ALU-00116;28;Não informado;Norte;2025-06-08
117;ALU-00117;58;Masculino;Centro;2024-01-26
118;ALU-00118;71;Masculino;Norte;2023-06-02
119;ALU-00119;25;Masculino;Leste;2024-09-27
120;ALU-00120;22;Masculino;Sul;2024-04-22
121;ALU-00121;71;Masculino;Sul;2024-07-31
122;ALU-00122;71;Masculino;Oeste;2023-11-22
123;ALU-00123;54;Não informado;Leste;2025-01-28
124;ALU-00124;41;Masculino;Leste;2024-02-04
125;ALU-00125;50;Não informado;Norte;2024-03-01
126;ALU-00126;43;Não informado;Oeste;2022-10-26
127;ALU-00127;63;Não informado;Norte;2024-08-06
128;ALU-00128;42;Feminino;Norte;2023-09-26
129;ALU-00129;28;Masculino;Oeste;2023-10-15
130;ALU-00130;29;Feminino;Centro;2025-06-18
131;ALU-00131;73;Feminino;Sul;2025-06-09
132;ALU-00132;43;Masculino;Leste;2023-05-15
133;ALU-00133;54;Feminino;Sul;2023-10-08
134;ALU-00134;52;Feminino;Oeste;2024-03-15
135;ALU-00135;36;Não informado;Sul;2024-09-16
136;ALU-00136;68;Não informado;Leste;2024-03-18
137;ALU-00137;70;Masculino;Norte;2024-08-03
138;ALU-00138;75;Não informado;Oeste;2022-10-07
139;ALU-00139;74;Não informado;Norte;2024-10-06
140;ALU-00140;62;Feminino;Leste;2023-11-26
141;ALU-00141;17;Feminino;Norte;2023-09-17
142;ALU-00142;18;Feminino;Sul;2024-06-11
143;ALU-00143;23;Não informado;Oeste;2024-05-20
144;ALU-00144;48;Masculino;Oeste;2023-06-02
145;ALU-00145;41;Feminino;Leste;2025-02-16
146;ALU-00146;16;Não informado;Norte;2024-06-13
147;ALU-00147;15;Feminino;Norte;2023-11-16
148;ALU-00148;26;Masculino;Leste;2024-02-23
149;ALU-00149;61;Masculino;Oeste;2025-02-14
150;ALU-00150;77;Feminino;Norte;2023-08-23
151;ALU-00151;65;Masculino;Leste;2024-03-08
152;ALU-00152;28;Feminino;Centro;2023-07-31
153;ALU-00153;43;Masculino;Sul;2023-02-15
154;ALU-00154;15;Não informado;Norte;2024-11-24
155;ALU-00155;59;Não informado;Norte;2023-06-26
156;ALU-00156;45;Feminino;Oeste;2025-03-24
157;ALU-00157;29;Não informado;Oeste;2023-09-02
158;ALU-00158;51;Masculino;Leste;2024-01-27
159;ALU-00159;33;Feminino;Sul;2025-06-07
160;ALU-00160;49;Masculino;Oeste;2024-04-06
161;ALU-00161;69;Masculino;Oeste;2023-01-30
162;ALU-00162;53;Masculino;Sul;2024-09-11
163;ALU-00163;62;Não informado;Leste;2025-05-26
164;ALU-00164;71;Feminino;Oeste;2022-12-05
165;ALU-00165;72;Feminino;Norte;2022-12-27
166;ALU-00166;15;Não informado;Leste;2025-06-18
167;ALU-00167;68;Não informado;Oeste;2024-09-13
168;ALU-00168;69;Feminino;Norte;2024-10-01
169;ALU-00169;33;Masculino;Norte;2023-05-12
170;ALU-00170;41;Não informado;Oeste;2023-10-25
171;ALU-00171;77;Feminino;Sul;2025-04-05
172;ALU-00172;24;Masculino;Leste;2025-03-04
173;ALU-00173;52;Masculino;Norte;2024-11-08
174;ALU-00174;40;Não informado;Oeste;2023-12-23
175;ALU-00175;65;Masculino;Oeste;2023-10-25
176;ALU-00176;73;Feminino;Sul;2025-06-18
177;ALU-00177;46;Feminino;Leste;2023-06-14
178;ALU-00178;26;Não informado;Leste;2024-01-03
179;ALU-00179;44;Masculino;Leste;2025-01-12
180;ALU-00180;46;Não informado;Norte;2024-11-15
181;ALU-00181;29;Não informado;Oeste;2023-12-30
182;ALU-00182;43;Não informado;Sul;2023-02-05
183;ALU-00183;29;Masculino;Leste;2024-12-10
184;ALU-00184;28;Não informado;Norte;2023-12-11
185;ALU-00185;53;Não informado;Sul;2023-07-09
186;ALU-00186;27;Não informado;Sul;2024-03-28
187;ALU-00187;31;Feminino;Sul;2023-08-21
188;ALU-00188;15;Feminino;Leste;2024-06-12
189;ALU-00189;37;Não informado;Oeste;2024-05-07
190;ALU-00190;55;Masculino;Centro;2023-12-24
191;ALU-00191;37;Masculino;Centro;2023-06-28
192;ALU-00192;67;Não informado;Oeste;2022-10-22
193;ALU-00193;26;Feminino;Leste;2024-06-13
194;ALU-00194;63;Não informado;Sul;2022-10-05
195;ALU-00195;75;Não informado;Oeste;2023-12-18
196;ALU-00196;42;Masculino;Norte;2025-05-17
197;ALU-00197;60;Não informado;Centro;2023-02-17
198;ALU-00198;20;Feminino;Oeste;2023-07-12
199;ALU-00199;47;Feminino;Oeste;2024-02-19
200;ALU-00200;28;Não informado;Oeste;2024-01-06
201;ALU-00201;25;Não informado;Leste;2023-06-23
202;ALU-00202;66;Feminino;Norte;2024-06-22
203;ALU-00203;75;Não informado;Sul;2023-02-03
204;ALU-00204;72;Não informado;Leste;2024-06-26
205;ALU-00205;70;Masculino;Sul;2025-03-12
206;ALU-00206;36;Feminino;Oeste;2024-09-30
207;ALU-00207;75;Feminino;Centro;2023-12-07
208;ALU-00208;69;Feminino;Norte;2023-01-15
209;ALU-00209;77;Feminino;Norte;2025-01-11
210;ALU-00210;28;Feminino;Norte;2024-04-17
211;ALU-00211;22;Não informado;Centro;2023-06-21
212;ALU-00212;64;Não informado;Sul;2023-07-02
213;ALU-00213;32;Masculino;Norte;2024-10-24
214;ALU-00214;36;Masculino;Norte;2024-09-15
215;ALU-00215;75;Feminino;Norte;2024-04-08
216;ALU-00216;41;Masculino;Leste;2023-05-03
217;ALU-00217;71;Feminino;Sul;2023-11-14
218;ALU-00218;19;Não informado;Oeste;2025-02-04
219;ALU-00219;15;Feminino;Centro;2025-05-04
220;ALU-00220;68;Masculino;Oeste;2025-06-12
221;ALU-00221;18;Feminino;Oeste;2025-02-12
222;ALU-00222;44;Masculino;Sul;2025-02-11
223;ALU-00223;62;Masculino;Leste;2022-11-22
224;ALU-00224;45;Feminino;Leste;2024-10-25
225;ALU-00225;37;Feminino;Norte;2023-10-10
226;ALU-00226;24;Feminino;Sul;2023-08-07
227;ALU-00227;72;Masculino;Centro;2023-02-19
228;ALU-00228;49;Feminino;Norte;2023-03-10
229;ALU-00229;20;Não informado;Sul;2023-09-23
230;ALU-00230;28;Feminino;Centro;2025-02-15
231;ALU-00231;28;Feminino;Leste;2024-06-17
232;ALU-00232;70;Masculino;Centro;2024-01-09
233;ALU-00233;24;Feminino;Oeste;2025-02-27
234;ALU-00234;40;Masculino;Sul;2024-06-23
235;ALU-00235;71;Feminino;Centro;2023-01-09
236;ALU-00236;21;Feminino;Leste;2023-03-19
237;ALU-00237;59;Masculino;Norte;2025-01-12
238;ALU-00238;46;Não informado;Centro;2023-08-20
239;ALU-00239;19;Masculino;Norte;2023-06-29
240;ALU-00240;56;Masculino;Sul;2023-04-06
241;ALU-00241;40;Feminino;Leste;2024-12-20
242;ALU-00242;24;Feminino;Centro;2023-01-12
243;ALU-00243;76;Não informado;Norte;2025-04-20
244;ALU-00244;30;Não informado;Centro;2023-07-05
245;ALU-00245;21;Feminino;Centro;2023-08-08
246;ALU-00246;37;Não informado;Oeste;2025-01-24
247;ALU-00247;58;Masculino;Norte;2025-05-05
248;ALU-00248;25;Masculino;Centro;2023-07-06
249;ALU-00249;36;Masculino;Sul;2024-06-27
250;ALU-00250;69;Masculino;Leste;2024-03-04
251;ALU-00251;19;Masculino;Sul;2024-05-26
252;ALU-00252;52;Não informado;Sul;2023-11-23
253;ALU-00253;37;Não informado;Norte;2024-10-16
254;ALU-00254;61;Não informado;Leste;2023-04-18
255;ALU-00255;72;Não informado;Centro;2023-11-17
256;ALU-00256;75;Não informado;Centro;2025-05-21
257;ALU-00257;26;Feminino;Centro;2024-05-14
258;ALU-00258;49;Não informado;Oeste;2023-05-12
259;ALU-00259;27;Masculino;Oeste;2024-12-02
260;ALU-00260;39;Feminino;Centro;2025-03-26
261;ALU-00261;64;Não informado;Sul;2022-11-05
262;ALU-00262;62;Não informado;Norte;2023-02-11
263;ALU-00263;48;Não informado;Norte;2025-04-25
264;ALU-00264;71;Feminino;Centro;2024-01-20
265;ALU-00265;26;Masculino;Norte;2024-12-03
266;ALU-00266;59;Masculino;Sul;2022-12-25
267;ALU-00267;60;Feminino;Leste;2024-07-15
268;ALU-00268;39;Feminino;Sul;2025-04-24
269;ALU-00269;31;Não informado;Norte;2023-09-05
270;ALU-00270;49;Feminino;Centro;2024-07-06
271;ALU-00271;37;Masculino;Sul;2025-04-30
272;ALU-00272;34;Não informado;Sul;2024-10-09
273;ALU-00273;36;Masculino;Leste;2024-02-25
274;ALU-00274;43;Masculino;Sul;2025-04-25
275;ALU-00275;44;Masculino;Sul;2023-06-04
276;ALU-00276;23;Não informado;Norte;2023-09-22
277;ALU-00277;20;Masculino;Sul;2025-05-20
278;ALU-00278;50;Não informado;Oeste;2023-08-16
279;ALU-00279;76;Não informado;Sul;2024-04-12
280;ALU-00280;44;Não informado;Centro;2024-07-19
281;ALU-00281;52;Não informado;Norte;2024-09-14
282;ALU-00282;78;Não informado;Oeste;2025-04-03
283;ALU-00283;76;Masculino;Norte;2023-12-12
284;ALU-00284;77;Feminino;Sul;2025-05-01
285;ALU-00285;71;Não informado;Centro;2025-04-21
286;ALU-00286;34;Masculino;Leste;2023-05-24
287;ALU-00287;22;Masculino;Oeste;2024-07-29
288;ALU-00288;27;Feminino;Centro;2024-08-23
289;ALU-00289;46;Não informado;Sul;2023-09-18
290;ALU-00290;73;Não informado;Centro;2023-01-01
291;ALU-00291;38;Feminino;Oeste;2023-05-15
292;ALU-00292;25;Feminino;Leste;2025-04-28
293;ALU-00293;34;Feminino;Sul;2024-12-21
294;ALU-00294;48;Masculino;Oeste;2023-06-17
295;ALU-00295;23;Masculino;Oeste;2023-07-23
296;ALU-00296;41;Masculino;Sul;2024-08-24
297;ALU-00297;49;Feminino;Centro;2024-06-17
298;ALU-00298;72;Masculino;Centro;2024-03-02
299;ALU-00299;55;Feminino;Oeste;2023-07-18
300;ALU-00300;74;Feminino;Norte;2024-03-12
301;ALU-00301;60;Feminino;Leste;2023-04-27
302;ALU-00302;47;Feminino;Leste;2024-12-12
303;ALU-00303;44;Masculino;Oeste;2023-06-22
304;ALU-00304;59;Não informado;Oeste;2024-11-14
305;ALU-00305;27;Feminino;Sul;2023-04-13
306;ALU-00306;24;Não informado;Norte;2025-03-25
307;ALU-00307;48;Não informado;Leste;2022-12-27
308;ALU-00308;40;Feminino;Sul;2023-08-04
309;ALU-00309;58;Não informado;Centro;2025-05-29
310;ALU-00310;78;Não informado;Leste;2024-03-25
311;ALU-00311;29;Feminino;Norte;2024-08-09
312;ALU-00312;67;Feminino;Sul;2024-12-11
313;ALU-00313;17;Feminino;Leste;2022-10-06
314;ALU-00314;74;Masculino;Oeste;2023-10-14
315;ALU-00315;73;Não informado;Oeste;2023-10-22
316;ALU-00316;34;Feminino;Sul;2025-05-07
317;ALU-00317;47;Masculino;Norte;2024-09-24
318;ALU-00318;38;Não informado;Leste;2023-01-04
319;ALU-00319;72;Feminino;Oeste;2023-01-07
320;ALU-00320;62;Não informado;Leste;2025-01-07
321;ALU-00321;19;Feminino;Leste;2022-11-01
322;ALU-00322;42;Feminino;Oeste;2025-06-23
323;ALU-00323;23;Feminino;Norte;2025-02-26
324;ALU-00324;62;Não informado;Centro;2022-12-27
325;ALU-00325;78;Feminino;Norte;2024-03-26
326;ALU-00326;17;Feminino;Centro;2024-11-06
327;ALU-00327;34;Masculino;Centro;2024-05-07
328;ALU-00328;47;Feminino;Centro;2022-12-07
329;ALU-00329;32;Feminino;Norte;2023-11-26
330;ALU-00330;22;Não informado;Leste;2025-05-31
331;ALU-00331;32;Não informado;Norte;2023-03-12
332;ALU-00332;75;Não informado;Centro;2024-02-18
333;ALU-00333;77;Não informado;Sul;2024-01-21
334;ALU-00334;51;Não informado;Norte;2023-11-23
335;ALU-00335;19;Masculino;Norte;2024-04-18
336;ALU-00336;63;Masculino;Sul;2024-05-12
337;ALU-00337;78;Masculino;Leste;2023-03-08
338;ALU-00338;65;Não informado;Sul;2023-07-16
339;ALU-00339;59;Feminino;Norte;2024-03-18
340;ALU-00340;62;Masculino;Sul;2024-09-08
341;ALU-00341;37;Feminino;Leste;2022-11-03
342;ALU-00342;56;Masculino;Leste;2024-05-11
343;ALU-00343;38;Feminino;Centro;2023-12-09
344;ALU-00344;73;Masculino;Norte;2024-06-29
345;ALU-00345;30;Masculino;Sul;2022-11-29
346;ALU-00346;25;Feminino;Leste;2023-07-28
347;ALU-00347;60;Não informado;Leste;2024-01-06
348;ALU-00348;20;Masculino;Norte;2024-06-13
349;ALU-00349;57;Feminino;Sul;2024-03-27
350;ALU-00350;44;Masculino;Oeste;2024-10-24
351;ALU-00351;24;Não informado;Norte;2022-11-13
352;ALU-00352;68;Feminino;Centro;2023-01-24
353;ALU-00353;63;Feminino;Oeste;2024-03-17
354;ALU-00354;60;Não informado;Oeste;2024-05-28
355;ALU-00355;63;Masculino;Oeste;2025-01-26
356;ALU-00356;31;Masculino;Norte;2025-03-25
357;ALU-00357;70;Masculino;Norte;2023-04-19
358;ALU-00358;65;Não informado;Leste;2024-06-12
359;ALU-00359;41;Não informado;Leste;2023-03-08
360;ALU-00360;60;Não informado;Norte;2023-07-16
361;ALU-00361;52;Feminino;Leste;2024-05-17
362;ALU-00362;61;Feminino;Oeste;2023-04-19
363;ALU-00363;22;Não informado;Norte;2024-07-06
364;ALU-00364;66;Não informado;Leste;2024-05-15
365;ALU-00365;43;Masculino;Centro;2022-10-11
366;ALU-00366;54;Feminino;Centro;2023-10-19
367;ALU-00367;31;Feminino;Oeste;2024-02-09
368;ALU-00368;78;Feminino;Sul;2022-10-19
369;ALU-00369;40;Masculino;Leste;2023-01-02
370;ALU-00370;35;Masculino;Leste;2023-05-07
371;ALU-00371;40;Masculino;Sul;2024-11-04
372;ALU-00372;54;Não informado;Norte;2023-06-20
373;ALU-00373;76;Masculino;Oeste;2023-04-30
374;ALU-00374;77;Masculino;Leste;2024-02-10
375;ALU-00375;46;Não informado;Norte;2025-02-19
376;ALU-00376;28;Feminino;Oeste;2025-07-01
377;ALU-00377;43;Masculino;Oeste;2024-09-27
378;ALU-00378;35;Masculino;Norte;2023-11-12
379;ALU-00379;35;Não informado;Oeste;2024-11-06
380;ALU-00380;35;Feminino;Oeste;2023-05-18
381;ALU-00381;51;Não informado;Leste;2024-06-08
382;ALU-00382;24;Masculino;Oeste;2024-10-10
383;ALU-00383;28;Não informado;Norte;2023-04-09
384;ALU-00384;75;Masculino;Sul;2023-12-08
385;ALU-00385;66;Não informado;Leste;2022-10-20
386;ALU-00386;62;Não informado;Leste;2024-01-09
387;ALU-00387;56;Feminino;Leste;2024-03-08
388;ALU-00388;26;Feminino;Centro;2024-11-01
389;ALU-00389;42;Não informado;Sul;2025-02-01
390;ALU-00390;60;Não informado;Leste;2024-10-13
391;ALU-00391;39;Não informado;Sul;2024-01-07
392;ALU-00392;50;Feminino;Sul;2023-08-12
393;ALU-00393;51;Feminino;Sul;2024-02-23
394;ALU-00394;48;Não informado;Oeste;2024-09-14
395;ALU-00395;27;Não informado;Leste;2024-07-20
396;ALU-00396;41;Masculino;Leste;2024-09-30
397;ALU-00397;62;Feminino;Leste;2024-09-30
398;ALU-00398;63;Masculino;Norte;2023-03-16
399;ALU-00399;52;Masculino;Oeste;2022-12-11
400;ALU-00400;24;Masculino;Leste;2024-03-23
401;ALU-00401;17;Feminino;Oeste;2024-06-19
402;ALU-00402;65;Não informado;Norte;2024-04-10
403;ALU-00403;32;Feminino;Sul;2024-06-26
404;ALU-00404;50;Não informado;Centro;2024-03-04
405;ALU-00405;57;Masculino;Centro;2024-03-08
406;ALU-00406;20;Não informado;Centro;2022-11-15
407;ALU-00407;40;Feminino;Norte;2025-04-13
408;ALU-00408;39;Masculino;Norte;2023-08-08
409;ALU-00409;39;Masculino;Oeste;2025-01-03
410;ALU-00410;15;Feminino;Centro;2023-06-12
411;ALU-00411;19;Feminino;Centro;2023-06-02
412;ALU-00412;30;Masculino;Oeste;2022-11-07
413;ALU-00413;47;Masculino;Norte;2023-10-29
414;ALU-00414;26;Feminino;Norte;2023-08-27
415;ALU-00415;60;Não informado;Norte;2024-01-27
416;ALU-00416;51;Não informado;Sul;2024-08-27
417;ALU-00417;28;Feminino;Centro;2024-11-03
418;ALU-00418;19;Feminino;Norte;2024-09-13
419;ALU-00419;74;Não informado;Oeste;2024-07-27
420;ALU-00420;37;Feminino;Centro;2024-11-14
421;ALU-00421;41;Masculino;Sul;2023-10-07
422;ALU-00422;51;Feminino;Centro;2024-02-22
423;ALU-00423;65;Feminino;Oeste;2025-06-28
424;ALU-00424;27;Masculino;Centro;2025-03-06
425;ALU-00425;48;Masculino;Sul;2024-04-02
426;ALU-00426;31;Feminino;Sul;2025-01-07
427;ALU-00427;49;Feminino;Leste;2024-06-09
428;ALU-00428;34;Não informado;Centro;2025-04-13
429;ALU-00429;40;Masculino;Norte;2025-02-16
430;ALU-00430;65;Masculino;Norte;2023-07-23
431;ALU-00431;28;Feminino;Norte;2024-10-19
432;ALU-00432;54;Feminino;Norte;2023-06-29
433;ALU-00433;27;Não informado;Centro;2023-12-29
434;ALU-00434;56;Não informado;Oeste;2024-06-03
435;ALU-00435;36;Feminino;Leste;2024-04-04
436;ALU-00436;71;Masculino;Norte;2024-01-12
437;ALU-00437;72;Masculino;Oeste;2023-04-28
438;ALU-00438;46;Não informado;Oeste;2023-06-17
439;ALU-00439;37;Feminino;Centro;2024-04-30
440;ALU-00440;22;Feminino;Leste;2023-10-16
441;ALU-00441;36;Não informado;Oeste;2023-06-03
442;ALU-00442;45;Não informado;Centro;2023-04-17
443;ALU-00443;60;Masculino;Norte;2023-05-12
444;ALU-00444;41;Feminino;Norte;2023-08-01
445;ALU-00445;28;Não informado;Norte;2023-05-24
446;ALU-00446;69;Feminino;Centro;2024-02-10
447;ALU-00447;31;Masculino;Leste;2024-09-04
448;ALU-00448;60;Não informado;Norte;2024-07-03
449;ALU-00449;19;Masculino;Centro;2023-04-21
450;ALU-00450;35;Não informado;Norte;2024-08-15
451;ALU-00451;44;Feminino;Oeste;2024-07-15
452;ALU-00452;27;Não informado;Leste;2023-06-17
453;ALU-00453;47;Masculino;Norte;2025-04-15
454;ALU-00454;45;Masculino;Centro;2023-07-12
455;ALU-00455;24;Masculino;Oeste;2024-04-06
456;ALU-00456;51;Feminino;Norte;2023-04-26
457;ALU-00457;20;Feminino;Norte;2025-01-06
458;ALU-00458;50;Masculino;Centro;2022-10-05
459;ALU-00459;22;Feminino;Sul;2024-08-04
460;ALU-00460;39;Masculino;Leste;2023-12-23
461;ALU-00461;25;Feminino;Oeste;2023-01-05
462;ALU-00462;35;Masculino;Leste;2024-06-20
463;ALU-00463;63;Masculino;Centro;2024-06-26
464;ALU-00464;69;Masculino;Leste;2023-05-20
465;ALU-00465;21;Feminino;Norte;2023-02-20
466;ALU-00466;27;Masculino;Norte;2024-04-25
467;ALU-00467;69;Não informado;Leste;2025-01-11
468;ALU-00468;41;Masculino;Norte;2025-02-18
469;ALU-00469;41;Não informado;Norte;2024-02-17
470;ALU-00470;33;Feminino;Oeste;2023-03-18
471;ALU-00471;19;Masculino;Oeste;2024-07-29
472;ALU-00472;56;Feminino;Sul;2023-11-17
473;ALU-00473;18;Masculino;Oeste;2023-10-26
474;ALU-00474;19;Masculino;Leste;2024-01-04
475;ALU-00475;22;Feminino;Leste;2024-01-17
476;ALU-00476;51;Não informado;Norte;2025-04-20
477;ALU-00477;38;Não informado;Oeste;2022-10-30
478;ALU-00478;42;Não informado;Leste;2024-10-22
479;ALU-00479;53;Masculino;Leste;2023-11-05
480;ALU-00480;61;Não informado;Norte;2024-10-04
481;ALU-00481;34;Não informado;Centro;2024-07-20
482;ALU-00482;41;Feminino;Sul;2024-03-31
483;ALU-00483;54;Masculino;Sul;2024-04-19
484;ALU-00484;36;Não informado;Norte;2024-01-04
485;ALU-00485;19;Feminino;Centro;2023-02-25
486;ALU-00486;74;Masculino;Centro;2023-03-02
487;ALU-00487;55;Não informado;Sul;2023-03-29
488;ALU-00488;32;Masculino;Leste;2023-08-05
489;ALU-00489;54;Não informado;Oeste;2024-06-15
490;ALU-00490;28;Não informado;Leste;2025-06-25
491;ALU-00491;77;Feminino;Norte;2023-11-14
492;ALU-00492;35;Feminino;Leste;2022-12-03
493;ALU-00493;25;Feminino;Leste;2023-02-17
494;ALU-00494;65;Não informado;Sul;2023-04-02
495;ALU-00495;62;Masculino;Norte;2023-07-17
496;ALU-00496;78;Não informado;Centro;2025-01-06
497;ALU-00497;48;Feminino;Sul;2024-05-04
498;ALU-00498;55;Masculino;Leste;2024-07-15
499;ALU-00499;29;Feminino;Leste;2024-11-04
500;ALU-00500;21;Não informado;Centro;2024-10-28
501;ALU-00501;45;Masculino;Sul;2024-10-21
502;ALU-00502;58;Feminino;Leste;2023-01-06
503;ALU-00503;20;Não informado;Sul;2023-10-15
504;ALU-00504;18;Feminino;Centro;2025-05-04
505;ALU-00505;33;Não informado;Centro;2024-01-02
506;ALU-00506;17;Masculino;Sul;2024-03-23
507;ALU-00507;60;Não informado;Centro;2022-11-30
508;ALU-00508;53;Feminino;Sul;2025-03-23
509;ALU-00509;59;Feminino;Centro;2023-07-09
510;ALU-00510;26;Masculino;Centro;2022-10-15
511;ALU-00511;43;Masculino;Leste;2025-07-01
512;ALU-00512;46;Não informado;Sul;2025-04-25
513;ALU-00513;42;Não informado;Sul;2023-11-09
514;ALU-00514;24;Não informado;Oeste;2023-04-02
515;ALU-00515;53;Masculino;Norte;2023-09-20
516;ALU-00516;43;Feminino;Centro;2023-12-27
517;ALU-00517;61;Não informado;Norte;2025-02-01
518;ALU-00518;21;Não informado;Centro;2025-04-29
519;ALU-00519;46;Masculino;Centro;2023-03-22
520;ALU-00520;50;Não informado;Centro;2023-02-18
521;ALU-00521;46;Feminino;Oeste;2024-11-22
522;ALU-00522;41;Feminino;Sul;2022-10-11
523;ALU-00523;64;Masculino;Oeste;2024-10-23
524;ALU-00524;34;Feminino;Norte;2023-11-13
525;ALU-00525;23;Masculino;Oeste;2025-03-14
526;ALU-00526;18;Masculino;Centro;2023-12-04
527;ALU-00527;25;Feminino;Norte;2023-08-17
528;ALU-00528;74;Masculino;Sul;2025-03-20
529;ALU-00529;31;Não informado;Leste;2022-12-11
530;ALU-00530;58;Não informado;Centro;2023-06-07
531;ALU-00531;69;Masculino;Centro;2023-09-20
532;ALU-00532;59;Não informado;Norte;2023-04-19
533;ALU-00533;20;Feminino;Oeste;2024-02-21
534;ALU-00534;63;Não informado;Norte;2025-04-30
535;ALU-00535;19;Não informado;Leste;2024-03-17
536;ALU-00536;73;Masculino;Leste;2022-11-22
537;ALU-00537;50;Masculino;Leste;2024-03-05
538;ALU-00538;25;Feminino;Norte;2023-10-18
539;ALU-00539;68;Não informado;Centro;2023-02-14
540;ALU-00540;49;Masculino;Norte;2025-04-14
541;ALU-00541;41;Masculino;Norte;2025-05-12
542;ALU-00542;40;Feminino;Sul;2023-04-26
543;ALU-00543;55;Não informado;Centro;2025-06-02
544;ALU-00544;28;Masculino;Sul;2025-01-24
545;ALU-00545;59;Masculino;Leste;2022-12-19
546;ALU-00546;76;Feminino;Leste;2022-11-07
547;ALU-00547;31;Feminino;Centro;2025-05-22
548;ALU-00548;28;Não informado;Norte;2023-04-14
549;ALU-00549;22;Feminino;Norte;2024-01-30
550;ALU-00550;69;Masculino;Norte;2023-06-26
551;ALU-00551;49;Não informado;Oeste;2023-08-11
552;ALU-00552;64;Não informado;Centro;2023-05-24
553;ALU-00553;77;Masculino;Oeste;2022-10-15
554;ALU-00554;31;Não informado;Oeste;2025-06-20
555;ALU-00555;15;Não informado;Norte;2023-11-13
556;ALU-00556;43;Não informado;Sul;2023-06-14
557;ALU-00557;28;Não informado;Centro;2023-02-27
558;ALU-00558;77;Não informado;Leste;2025-06-03
559;ALU-00559;35;Feminino;Leste;2023-10-09
560;ALU-00560;32;Feminino;Leste;2023-05-22
561;ALU-00561;18;Masculino;Leste;2024-02-29
562;ALU-00562;58;Masculino;Leste;2024-07-22
563;ALU-00563;34;Masculino;Norte;2023-07-25
564;ALU-00564;69;Não informado;Sul;2024-02-25
565;ALU-00565;74;Não informado;Centro;2025-01-15
566;ALU-00566;24;Feminino;Norte;2023-03-02
567;ALU-00567;25;Feminino;Leste;2024-12-27
568;ALU-00568;68;Masculino;Centro;2022-11-26
569;ALU-00569;30;Feminino;Leste;2022-11-20
570;ALU-00570;24;Masculino;Norte;2023-11-05
571;ALU-00571;15;Feminino;Sul;2024-07-16
572;ALU-00572;54;Feminino;Leste;2024-10-18
573;ALU-00573;25;Masculino;Sul;2024-02-16
574;ALU-00574;65;Masculino;Oeste;2022-10-25
575;ALU-00575;72;Masculino;Centro;2022-12-31
576;ALU-00576;27;Feminino;Oeste;2024-02-08
577;ALU-00577;51;Masculino;Oeste;2024-07-16
578;ALU-00578;62;Não informado;Sul;2022-10-05
579;ALU-00579;26;Não informado;Sul;2023-11-10
580;ALU-00580;64;Feminino;Oeste;2022-11-18
581;ALU-00581;45;Não informado;Oeste;2023-12-08
582;ALU-00582;76;Masculino;Norte;2024-06-25
583;ALU-00583;66;Não informado;Centro;2024-04-30
584;ALU-00584;78;Não informado;Sul;2024-07-29
585;ALU-00585;43;Feminino;Norte;2023-03-31
586;ALU-00586;37;Feminino;Oeste;2024-03-20
587;ALU-00587;36;Feminino;Oeste;2024-08-29
588;ALU-00588;63;Feminino;Sul;2025-04-19
589;ALU-00589;31;Feminino;Sul;2024-07-17
590;ALU-00590;34;Masculino;Norte;2025-05-30
591;ALU-00591;28;Feminino;Sul;2024-08-02
592;ALU-00592;58;Masculino;Oeste;2023-04-18
593;ALU-00593;35;Masculino;Centro;2023-01-25
594;ALU-00594;77;Masculino;Leste;2025-03-12
595;ALU-00595;55;Masculino;Sul;2024-02-02
596;ALU-00596;54;Masculino;Leste;2024-03-08
597;ALU-00597;50;Feminino;Leste;2025-01-04
598;ALU-00598;24;Masculino;Centro;2025-03-30
599;ALU-00599;74;Feminino;Oeste;2024-04-26
600;ALU-00600;53;Masculino;Sul;2023-06-25
601;ALU-00601;70;Não informado;Norte;2024-02-27
602;ALU-00602;56;Feminino;Oeste;2025-02-03
603;ALU-00603;70;Não informado;Sul;2025-02-22
604;ALU-00604;33;Feminino;Norte;2025-04-27
605;ALU-00605;63;Masculino;Oeste;2025-01-23
606;ALU-00606;56;Feminino;Oeste;2023-04-03
607;ALU-00607;18;Não informado;Oeste;2024-12-16
608;ALU-00608;57;Feminino;Sul;2023-05-03
609;ALU-00609;50;Masculino;Centro;2024-07-25
610;ALU-00610;24;Masculino;Leste;2023-12-22
611;ALU-00611;60;Não informado;Norte;2024-03-24
612;ALU-00612;76;Masculino;Sul;2024-12-27
613;ALU-00613;60;Masculino;Oeste;2022-11-21
614;ALU-00614;26;Não informado;Sul;2023-03-21
615;ALU-00615;39;Não informado;Leste;2023-07-13
616;ALU-00616;55;Masculino;Norte;2023-08-03
617;ALU-00617;58;Feminino;Centro;2024-02-11
618;ALU-00618;15;Não informado;Centro;2024-11-26
619;ALU-00619;23;Não informado;Centro;2022-12-05
620;ALU-00620;19;Masculino;Norte;2023-04-08
621;ALU-00621;67;Não informado;Leste;2024-04-26
622;ALU-00622;78;Masculino;Sul;2023-08-04
623;ALU-00623;65;Não informado;Norte;2023-02-26
624;ALU-00624;70;Masculino;Centro;2023-02-22
625;ALU-00625;66;Masculino;Centro;2023-04-27
626;ALU-00626;75;Masculino;Leste;2023-01-02
627;ALU-00627;25;Não informado;Oeste;2025-05-04
628;ALU-00628;76;Masculino;Centro;2024-06-13
629;ALU-00629;68;Não informado;Leste;2023-02-09
630;ALU-00630;48;Feminino;Centro;2024-11-26
631;ALU-00631;38;Feminino;Leste;2023-10-17
632;ALU-00632;25;Masculino;Norte;2024-12-17
633;ALU-00633;36;Masculino;Centro;2023-10-22
634;ALU-00634;33;Feminino;Leste;2023-02-22
635;ALU-00635;78;Feminino;Oeste;2023-10-10
636;ALU-00636;36;Não informado;Centro;2023-09-25
637;ALU-00637;57;Masculino;Norte;2025-05-24
638;ALU-00638;37;Feminino;Centro;2023-09-12
639;ALU-00639;38;Não informado;Sul;2024-11-23
640;ALU-00640;60;Masculino;Centro;2025-01-08
641;ALU-00641;25;Masculino;Sul;2023-11-03
642;ALU-00642;18;Masculino;Oeste;2022-11-05
643;ALU-00643;33;Não informado;Oeste;2024-06-06
644;ALU-00644;42;Não informado;Norte;2025-03-17
645;ALU-00645;59;Feminino;Norte;2023-08-16
646;ALU-00646;21;Não informado;Sul;2023-03-30
647;ALU-00647;62;Masculino;Leste;2024-05-07
648;ALU-00648;18;Feminino;Leste;2023-01-24
649;ALU-00649;71;Feminino;Sul;2024-01-08
650;ALU-00650;31;Não informado;Oeste;2023-07-16
651;ALU-00651;16;Feminino;Norte;2022-12-27
652;ALU-00652;27;Feminino;Centro;2023-11-27
653;ALU-00653;33;Feminino;Leste;2023-03-28
654;ALU-00654;57;Masculino;Norte;2023-08-19
655;ALU-00655;74;Não informado;Centro;2024-12-30
656;ALU-00656;26;Feminino;Leste;2025-01-24
657;ALU-00657;66;Feminino;Leste;2023-08-27
658;ALU-00658;54;Não informado;Centro;2024-10-12
659;ALU-00659;52;Masculino;Norte;2025-05-23
660;ALU-00660;56;Feminino;Centro;2024-06-01
661;ALU-00661;39;Feminino;Centro;2024-02-01
662;ALU-00662;71;Não informado;Centro;2024-11-19
663;ALU-00663;64;Não informado;Sul;2025-05-23
664;ALU-00664;68;Masculino;Norte;2023-05-28
665;ALU-00665;46;Masculino;Leste;2025-03-24
666;ALU-00666;73;Masculino;Oeste;2023-08-14
667;ALU-00667;63;Feminino;Sul;2023-08-23
668;ALU-00668;39;Feminino;Centro;2022-12-12
669;ALU-00669;63;Feminino;Sul;2024-03-17
670;ALU-00670;37;Feminino;Leste;2022-12-25
671;ALU-00671;73;Não informado;Norte;2024-04-14
672;ALU-00672;50;Feminino;Leste;2025-03-07
673;ALU-00673;77;Feminino;Oeste;2024-10-01
674;ALU-00674;41;Feminino;Centro;2024-02-28
675;ALU-00675;78;Masculino;Norte;2023-02-03
676;ALU-00676;23;Masculino;Centro;2023-05-08
677;ALU-00677;29;Feminino;Norte;2023-06-02
678;ALU-00678;30;Masculino;Centro;2023-09-17
679;ALU-00679;74;Não informado;Oeste;2024-11-05
680;ALU-00680;31;Não informado;Centro;2022-11-12
681;ALU-00681;40;Feminino;Centro;2025-02-14
682;ALU-00682;44;Feminino;Oeste;2022-10-14
683;ALU-00683;36;Não informado;Norte;2023-12-02
684;ALU-00684;37;Masculino;Norte;2023-12-05
685;ALU-00685;54;Não informado;Centro;2023-03-26
686;ALU-00686;75;Masculino;Leste;2025-06-19
687;ALU-00687;70;Masculino;Leste;2023-09-08
688;ALU-00688;22;Masculino;Norte;2024-10-29
689;ALU-00689;75;Masculino;Leste;2025-01-28
690;ALU-00690;75;Masculino;Leste;2023-10-28
691;ALU-00691;74;Masculino;Leste;2025-01-20
692;ALU-00692;64;Masculino;Sul;2023-01-17
693;ALU-00693;71;Masculino;Centro;2024-08-07
694;ALU-00694;16;Feminino;Leste;2023-06-13
695;ALU-00695;35;Feminino;Sul;2023-04-22
696;ALU-00696;74;Feminino;Leste;2023-05-02
697;ALU-00697;17;Não informado;Oeste;2024-09-30
698;ALU-00698;44;Não informado;Sul;2023-11-03
699;ALU-00699;40;Feminino;Sul;2023-06-22
700;ALU-00700;24;Feminino;Oeste;2023-02-10
701;ALU-00701;75;Não informado;Sul;2023-11-15
702;ALU-00702;67;Masculino;Norte;2024-01-06
703;ALU-00703;67;Feminino;Norte;2023-03-27
704;ALU-00704;77;Masculino;Leste;2023-02-08
705;ALU-00705;25;Feminino;Centro;2025-01-02
706;ALU-00706;52;Masculino;Oeste;2023-01-22
707;ALU-00707;45;Masculino;Norte;2023-08-23
708;ALU-00708;58;Feminino;Oeste;2024-08-31
709;ALU-00709;23;Masculino;Norte;2025-01-07
710;ALU-00710;31;Não informado;Leste;2024-01-20
711;ALU-00711;75;Masculino;Sul;2023-01-24
712;ALU-00712;71;Feminino;Oeste;2022-12-15
713;ALU-00713;71;Feminino;Oeste;2023-09-04
714;ALU-00714;70;Não informado;Oeste;2023-10-26
715;ALU-00715;32;Não informado;Leste;2025-01-17
716;ALU-00716;28;Não informado;Norte;2023-10-27
717;ALU-00717;25;Não informado;Centro;2024-12-12
718;ALU-00718;52;Masculino;Norte;2023-06-25
719;ALU-00719;66;Não informado;Sul;2023-03-06
720;ALU-00720;49;Feminino;Centro;2025-01-10
721;ALU-00721;75;Não informado;Centro;2024-01-14
722;ALU-00722;54;Masculino;Leste;2024-02-26
723;ALU-00723;33;Não informado;Oeste;2025-03-16
724;ALU-00724;60;Feminino;Leste;2023-04-04
725;ALU-00725;38;Não informado;Leste;2025-04-18
726;ALU-00726;16;Masculino;Norte;2024-04-17
727;ALU-00727;48;Feminino;Centro;2024-03-17
728;ALU-00728;58;Masculino;Norte;2024-02-12
729;ALU-00729;48;Não informado;Sul;2024-07-26
730;ALU-00730;15;Masculino;Centro;2025-01-10
731;ALU-00731;52;Feminino;Sul;2023-05-19
732;ALU-00732;68;Não informado;Centro;2023-06-06
733;ALU-00733;53;Não informado;Oeste;2025-05-03
734;ALU-00734;50;Feminino;Oeste;2025-04-01
735;ALU-00735;75;Não informado;Leste;2022-10-29
736;ALU-00736;44;Não informado;Leste;2025-05-13
737;ALU-00737;60;Não informado;Oeste;2023-12-23
738;ALU-00738;72;Feminino;Oeste;2024-08-05
739;ALU-00739;27;Não informado;Oeste;2025-02-18
740;ALU-00740;77;Masculino;Sul;2024-07-19
741;ALU-00741;68;Masculino;Leste;2024-05-04
742;ALU-00742;55;Masculino;Leste;2024-11-04
743;ALU-00743;77;Masculino;Leste;2023-05-10
744;ALU-00744;19;Feminino;Sul;2025-06-06
745;ALU-00745;72;Não informado;Norte;2024-01-01
746;ALU-00746;15;Masculino;Leste;2025-05-11
747;ALU-00747;24;Não informado;Centro;2024-04-20
748;ALU-00748;77;Feminino;Sul;2024-06-05
749;ALU-00749;70;Não informado;Sul;2022-10-15
750;ALU-00750;39;Não informado;Norte;2025-06-09
751;ALU-00751;15;Feminino;Oeste;2023-11-19
752;ALU-00752;22;Masculino;Centro;2022-12-21
753;ALU-00753;75;Não informado;Leste;2025-05-12
754;ALU-00754;67;Masculino;Norte;2025-03-03
755;ALU-00755;42;Não informado;Centro;2025-03-06
756;ALU-00756;35;Masculino;Norte;2023-05-03
757;ALU-00757;37;Não informado;Oeste;2025-05-14
758;ALU-00758;45;Masculino;Centro;2022-12-15
759;ALU-00759;29;Feminino;Norte;2025-06-04
760;ALU-00760;50;Feminino;Norte;2023-09-22
761;ALU-00761;49;Masculino;Sul;2025-05-30
762;ALU-00762;18;Feminino;Norte;2023-05-17
763;ALU-00763;43;Feminino;Oeste;2023-08-23
764;ALU-00764;48;Feminino;Norte;2024-08-24
765;ALU-00765;46;Feminino;Sul;2023-02-13
766;ALU-00766;76;Masculino;Oeste;2024-02-02
767;ALU-00767;71;Masculino;Sul;2023-03-09
768;ALU-00768;55;Feminino;Norte;2023-09-11
769;ALU-00769;32;Não informado;Leste;2024-05-25
770;ALU-00770;45;Masculino;Oeste;2025-02-15
771;ALU-00771;31;Feminino;Sul;2025-05-24
772;ALU-00772;24;Não informado;Oeste;2025-05-28
773;ALU-00773;25;Feminino;Sul;2024-10-21
774;ALU-00774;18;Masculino;Oeste;2023-09-12
775;ALU-00775;53;Feminino;Norte;2025-01-21
776;ALU-00776;30;Feminino;Norte;2024-09-18
777;ALU-00777;24;Não informado;Centro;2024-11-30
778;ALU-00778;29;Não informado;Sul;2023-10-17
779;ALU-00779;73;Masculino;Leste;2025-05-21
780;ALU-00780;48;Não informado;Centro;2023-10-20
781;ALU-00781;77;Não informado;Oeste;2022-12-27
782;ALU-00782;59;Feminino;Leste;2024-07-18
783;ALU-00783;32;Masculino;Oeste;2025-02-27
784;ALU-00784;35;Masculino;Oeste;2024-12-27
785;ALU-00785;49;Masculino;Oeste;2025-03-14
786;ALU-00786;40;Masculino;Oeste;2023-05-04
787;ALU-00787;42;Masculino;Sul;2023-12-10
788;ALU-00788;63;Não informado;Centro;2025-03-13
789;ALU-00789;36;Masculino;Sul;2025-06-07
790;ALU-00790;17;Não informado;Norte;2023-04-20
791;ALU-00791;56;Não informado;Norte;2025-04-25
792;ALU-00792;33;Não informado;Norte;2025-03-30
793;ALU-00793;25;Não informado;Norte;2023-10-16
794;ALU-00794;34;Masculino;Sul;2023-04-24
795;ALU-00795;51;Masculino;Oeste;2025-04-26
796;ALU-00796;25;Masculino;Leste;2024-11-21
797;ALU-00797;67;Feminino;Leste;2023-05-18
798;ALU-00798;53;Feminino;Sul;2025-02-17
799;ALU-00799;69;Feminino;Leste;2025-04-22
800;ALU-00800;49;Masculino;Oeste;2024-08-09
801;ALU-00801;50;Masculino;Norte;2025-06-24
802;ALU-00802;45;Masculino;Sul;2025-05-16
803;ALU-00803;48;Feminino;Leste;2025-01-10
804;ALU-00804;34;Feminino;Sul;2024-08-18
805;ALU-00805;26;Masculino;Leste;2023-07-23
806;ALU-00806;76;Masculino;Norte;2024-06-10
807;ALU-00807;65;Não informado;Norte;2024-01-21
808;ALU-00808;60;Feminino;Sul;2022-12-10
809;ALU-00809;66;Masculino;Leste;2025-06-13
810;ALU-00810;28;Não informado;Norte;2024-04-21
811;ALU-00811;48;Masculino;Leste;2023-04-14
812;ALU-00812;78;Masculino;Leste;2023-09-20
813;ALU-00813;50;Masculino;Leste;2024-02-04
814;ALU-00814;43;Feminino;Sul;2023-05-28
815;ALU-00815;59;Não informado;Centro;2025-06-18
816;ALU-00816;34;Feminino;Leste;2022-11-17
817;ALU-00817;41;Feminino;Oeste;2023-08-11
818;ALU-00818;40;Masculino;Norte;2024-10-10
819;ALU-00819;62;Feminino;Leste;2025-04-02
820;ALU-00820;23;Não informado;Oeste;2023-03-24
821;ALU-00821;65;Masculino;Centro;2024-03-26
822;ALU-00822;16;Não informado;Oeste;2024-10-13
823;ALU-00823;29;Masculino;Norte;2025-01-04
824;ALU-00824;77;Masculino;Oeste;2023-07-24
825;ALU-00825;35;Não informado;Sul;2024-12-11
826;ALU-00826;76;Feminino;Norte;2023-07-22
827;ALU-00827;69;Não informado;Sul;2024-08-13
828;ALU-00828;25;Feminino;Oeste;2024-09-28
829;ALU-00829;35;Não informado;Leste;2024-09-12
830;ALU-00830;21;Masculino;Centro;2025-05-31
831;ALU-00831;44;Masculino;Norte;2023-02-10
832;ALU-00832;71;Feminino;Leste;2025-01-11
833;ALU-00833;27;Não informado;Oeste;2025-03-29
834;ALU-00834;17;Masculino;Leste;2025-06-11
835;ALU-00835;51;Não informado;Sul;2023-04-11
836;ALU-00836;68;Não informado;Norte;2024-04-27
837;ALU-00837;35;Não informado;Leste;2023-05-15
838;ALU-00838;41;Feminino;Sul;2024-12-19
839;ALU-00839;61;Não informado;Oeste;2025-04-13
840;ALU-00840;39;Não informado;Centro;2025-01-09
841;ALU-00841;63;Masculino;Leste;2022-11-07
842;ALU-00842;57;Não informado;Centro;2024-08-19
843;ALU-00843;69;Masculino;Centro;2024-04-07
844;ALU-00844;71;Não informado;Sul;2023-12-03
845;ALU-00845;49;Masculino;Centro;2024-10-18
846;ALU-00846;46;Masculino;Oeste;2024-05-12
847;ALU-00847;72;Feminino;Sul;2023-03-09
848;ALU-00848;20;Não informado;Norte;2024-04-25
849;ALU-00849;22;Masculino;Oeste;2023-09-09
850;ALU-00850;34;Masculino;Centro;2023-02-17
851;ALU-00851;16;Masculino;Leste;2023-06-26
852;ALU-00852;51;Não informado;Norte;2024-04-27
853;ALU-00853;72;Masculino;Norte;2025-05-08
854;ALU-00854;57;Masculino;Leste;2024-03-05
855;ALU-00855;60;Feminino;Centro;2024-07-14
856;ALU-00856;17;Feminino;Centro;2023-11-11
857;ALU-00857;32;Não informado;Sul;2024-07-29
858;ALU-00858;44;Feminino;Norte;2023-05-15
859;ALU-00859;59;Não informado;Oeste;2023-07-17
860;ALU-00860;49;Não informado;Leste;2023-04-13
861;ALU-00861;50;Não informado;Norte;2025-03-26
862;ALU-00862;40;Feminino;Oeste;2023-09-07
863;ALU-00863;47;Masculino;Centro;2023-02-27
864;ALU-00864;19;Feminino;Centro;2024-04-17
865;ALU-00865;22;Feminino;Oeste;2025-03-09
866;ALU-00866;32;Masculino;Oeste;2025-02-13
867;ALU-00867;31;Masculino;Centro;2024-10-09
868;ALU-00868;39;Não informado;Leste;2023-04-04
869;ALU-00869;66;Feminino;Norte;2024-12-30
870;ALU-00870;39;Não informado;Sul;2024-03-12
871;ALU-00871;57;Não informado;Centro;2024-10-12
872;ALU-00872;55;Feminino;Sul;2023-05-24
873;ALU-00873;39;Masculino;Norte;2024-04-13
874;ALU-00874;34;Não informado;Norte;2025-01-12
875;ALU-00875;19;Feminino;Sul;2023-07-21
876;ALU-00876;22;Não informado;Oeste;2024-03-26
877;ALU-00877;71;Masculino;Sul;2024-11-23
878;ALU-00878;49;Feminino;Norte;2023-08-10
879;ALU-00879;28;Feminino;Leste;2023-06-18
880;ALU-00880;33;Masculino;Centro;2022-11-10
881;ALU-00881;61;Masculino;Norte;2023-11-13
882;ALU-00882;75;Não informado;Centro;2023-07-17
883;ALU-00883;40;Masculino;Norte;2023-09-24
884;ALU-00884;64;Feminino;Oeste;2023-06-15
885;ALU-00885;61;Masculino;Centro;2025-05-31
886;ALU-00886;50;Não informado;Norte;2024-09-13
887;ALU-00887;72;Masculino;Centro;2024-10-22
888;ALU-00888;18;Feminino;Sul;2022-12-24
889;ALU-00889;38;Feminino;Centro;2022-12-14
890;ALU-00890;70;Masculino;Sul;2022-10-12
891;ALU-00891;40;Feminino;Oeste;2023-01-25
892;ALU-00892;28;Feminino;Leste;2023-07-08
893;ALU-00893;23;Não informado;Norte;2025-04-23
894;ALU-00894;61;Não informado;Centro;2022-10-09
895;ALU-00895;42;Feminino;Centro;2024-03-22
896;ALU-00896;63;Masculino;Norte;2023-10-20
897;ALU-00897;24;Masculino;Centro;2023-10-14
898;ALU-00898;57;Não informado;Centro;2025-05-17
899;ALU-00899;48;Feminino;Oeste;2024-08-08
900;ALU-00900;74;Feminino;Oeste;2023-03-23
901;ALU-00901;36;Masculino;Leste;2023-04-09
902;ALU-00902;17;Não informado;Centro;2024-04-12
903;ALU-00903;77;Não informado;Centro;2023-10-05
904;ALU-00904;38;Não informado;Sul;2024-03-29
905;ALU-00905;55;Feminino;Sul;2025-05-03
906;ALU-00906;19;Feminino;Oeste;2023-09-03
907;ALU-00907;49;Feminino;Leste;2025-01-11
908;ALU-00908;32;Feminino;Oeste;2024-09-30
909;ALU-00909;23;Não informado;Sul;2023-05-29
910;ALU-00910;36;Masculino;Sul;2025-05-26
911;ALU-00911;23;Masculino;Sul;2024-10-07
912;ALU-00912;60;Masculino;Oeste;2023-09-18
913;ALU-00913;27;Masculino;Oeste;2024-01-03
914;ALU-00914;53;Masculino;Leste;2024-12-15
915;ALU-00915;61;Não informado;Centro;2022-12-26
916;ALU-00916;78;Não informado;Norte;2024-04-30
917;ALU-00917;25;Masculino;Oeste;2024-04-26
918;ALU-00918;17;Não informado;Norte;2023-12-03
919;ALU-00919;47;Masculino;Oeste;2022-10-22
920;ALU-00920;37;Masculino;Norte;2024-12-14
921;ALU-00921;50;Masculino;Centro;2024-09-21
922;ALU-00922;21;Masculino;Oeste;2023-07-04
923;ALU-00923;18;Não informado;Sul;2024-06-28
924;ALU-00924;26;Não informado;Norte;2023-08-29
925;ALU-00925;20;Não informado;Leste;2022-12-20
926;ALU-00926;29;Não informado;Norte;2022-10-05
927;ALU-00927;28;Feminino;Centro;2024-05-08
928;ALU-00928;63;Masculino;Sul;2024-05-29
929;ALU-00929;19;Feminino;Norte;2025-04-26
930;ALU-00930;28;Feminino;Oeste;2025-03-23
931;ALU-00931;59;Não informado;Centro;2023-08-23
932;ALU-00932;17;Não informado;Norte;2023-10-22
933;ALU-00933;50;Feminino;Norte;2023-12-31
934;ALU-00934;55;Não informado;Oeste;2023-03-08
935;ALU-00935;23;Masculino;Sul;2023-03-24
936;ALU-00936;61;Feminino;Sul;2023-12-14
937;ALU-00937;72;Não informado;Norte;2024-10-12
938;ALU-00938;16;Não informado;Oeste;2023-11-11
939;ALU-00939;21;Masculino;Centro;2024-09-27
940;ALU-00940;35;Masculino;Centro;2024-08-27
941;ALU-00941;22;Masculino;Sul;2023-07-03
942;ALU-00942;63;Não informado;Leste;2023-11-09
943;ALU-00943;39;Masculino;Norte;2024-09-12
944;ALU-00944;26;Não informado;Centro;2024-10-15
945;ALU-00945;65;Não informado;Sul;2022-10-17
946;ALU-00946;34;Masculino;Norte;2024-06-11
947;ALU-00947;21;Feminino;Centro;2025-06-21
948;ALU-00948;70;Feminino;Oeste;2022-11-05
949;ALU-00949;31;Feminino;Norte;2022-11-15
950;ALU-00950;63;Não informado;Sul;2025-04-09
951;ALU-00951;61;Feminino;Oeste;2023-03-03
952;ALU-00952;54;Não informado;Norte;2025-03-07
953;ALU-00953;74;Masculino;Sul;2024-10-08
954;ALU-00954;22;Masculino;Leste;2025-03-23
955;ALU-00955;61;Não informado;Leste;2024-04-12
956;ALU-00956;56;Masculino;Sul;2024-07-19
957;ALU-00957;75;Não informado;Sul;2024-07-31
958;ALU-00958;50;Masculino;Leste;2023-10-13
959;ALU-00959;51;Masculino;Leste;2023-06-25
960;ALU-00960;43;Não informado;Oeste;2023-07-10
961;ALU-00961;30;Feminino;Norte;2023-07-20
962;ALU-00962;20;Não informado;Oeste;2024-11-04
963;ALU-00963;57;Masculino;Norte;2024-04-07
964;ALU-00964;51;Masculino;Sul;2024-04-13
965;ALU-00965;65;Feminino;Sul;2025-03-04
966;ALU-00966;62;Masculino;Sul;2023-08-23
967;ALU-00967;42;Masculino;Norte;2024-07-06
968;ALU-00968;27;Feminino;Leste;2023-12-06
969;ALU-00969;63;Masculino;Oeste;2024-12-01
970;ALU-00970;28;Não informado;Norte;2024-08-19
971;ALU-00971;50;Masculino;Centro;2025-02-04
972;ALU-00972;39;Feminino;Sul;2023-05-18
973;ALU-00973;58;Masculino;Sul;2023-04-11
974;ALU-00974;73;Feminino;Oeste;2023-06-27
975;ALU-00975;42;Feminino;Centro;2022-10-13
976;ALU-00976;24;Feminino;Centro;2024-01-06
977;ALU-00977;22;Masculino;Sul;2023-09-14
978;ALU-00978;33;Masculino;Sul;2023-02-03
979;ALU-00979;43;Feminino;Oeste;2023-05-18
980;ALU-00980;27;Não informado;Centro;2024-05-06
981;ALU-00981;20;Feminino;Oeste;2024-11-16
982;ALU-00982;45;Masculino;Leste;2024-01-18
983;ALU-00983;73;Não informado;Centro;2025-02-25
984;ALU-00984;72;Feminino;Centro;2023-02-08
985;ALU-00985;43;Não informado;Centro;2023-06-21
986;ALU-00986;37;Feminino;Centro;2023-12-15
987;ALU-00987;33;Não informado;Sul;2023-04-29
988;ALU-00988;49;Masculino;Centro;2023-02-03
989;ALU-00989;35;Feminino;Sul;2024-08-12
990;ALU-00990;37;Masculino;Oeste;2023-06-29
991;ALU-00991;40;Não informado;Norte;2023-05-31
992;ALU-00992;53;Masculino;Centro;2025-05-11
993;ALU-00993;62;Masculino;Oeste;2023-04-30
994;ALU-00994;31;Não informado;Oeste;2024-10-22
995;ALU-00995;39;Feminino;Leste;2024-05-24
996;ALU-00996;28;Masculino;Centro;2025-03-06
997;ALU-00997;26;Masculino;Centro;2024-12-10
998;ALU-00998;55;Não informado;Oeste;2024-06-25
999;ALU-00999;70;Feminino;Norte;2024-08-20
1000;ALU-01000;46;Não informado;Norte;2023-06-12
1001;ALU-01001;65;Não informado;Leste;2024-09-20
1002;ALU-01002;46;Masculino;Oeste;2025-03-14
1003;ALU-01003;71;Masculino;Norte;2023-03-30
1004;ALU-01004;36;Masculino;Sul;2024-10-02
1005;ALU-01005;57;Não informado;Centro;2025-02-26
1006;ALU-01006;57;Feminino;Oeste;2023-04-21
1007;ALU-01007;75;Masculino;Centro;2024-08-29
1008;ALU-01008;73;Não informado;Oeste;2024-02-29
1009;ALU-01009;56;Não informado;Oeste;2024-12-03
1010;ALU-01010;31;Feminino;Centro;2023-12-16
1011;ALU-01011;20;Feminino;Norte;2023-03-26
1012;ALU-01012;28;Feminino;Centro;2022-11-16
1013;ALU-01013;65;Feminino;Sul;2025-02-06
1014;ALU-01014;49;Não informado;Norte;2025-04-28
1015;ALU-01015;59;Feminino;Leste;2023-05-03
1016;ALU-01016;17;Masculino;Centro;2023-11-21
1017;ALU-01017;15;Feminino;Leste;2024-07-20
1018;ALU-01018;78;Masculino;Leste;2025-02-12
1019;ALU-01019;61;Feminino;Centro;2024-02-09
1020;ALU-01020;27;Feminino;Norte;2023-04-08
1021;ALU-01021;15;Masculino;Sul;2025-06-15
1022;ALU-01022;51;Feminino;Sul;2024-10-13
1023;ALU-01023;47;Feminino;Sul;2025-03-26
1024;ALU-01024;37;Masculino;Oeste;2024-10-12
1025;ALU-01025;55;Não informado;Centro;2023-08-30
1026;ALU-01026;35;Não informado;Leste;2023-06-24
1027;ALU-01027;18;Masculino;Oeste;2025-06-08
1028;ALU-01028;20;Masculino;Norte;2023-01-20
1029;ALU-01029;27;Feminino;Norte;2025-01-14
1030;ALU-01030;16;Feminino;Leste;2022-11-14
1031;ALU-01031;43;Masculino;Norte;2023-01-01
1032;ALU-01032;43;Não informado;Leste;2023-07-05
1033;ALU-01033;42;Feminino;Sul;2025-01-18
1034;ALU-01034;19;Masculino;Norte;2023-03-07
1035;ALU-01035;17;Não informado;Norte;2022-12-19
1036;ALU-01036;56;Feminino;Norte;2025-05-28
1037;ALU-01037;73;Feminino;Oeste;2024-01-29
1038;ALU-01038;60;Feminino;Oeste;2024-04-05
1039;ALU-01039;28;Feminino;Oeste;2023-08-02
1040;ALU-01040;45;Feminino;Oeste;2023-02-16
1041;ALU-01041;28;Feminino;Leste;2024-01-21
1042;ALU-01042;31;Não informado;Sul;2024-10-20
1043;ALU-01043;73;Não informado;Oeste;2024-03-13
1044;ALU-01044;43;Feminino;Norte;2022-11-23
1045;ALU-01045;45;Não informado;Norte;2024-12-15
1046;ALU-01046;31;Feminino;Centro;2023-11-04
1047;ALU-01047;43;Não informado;Oeste;2023-10-02
1048;ALU-01048;64;Masculino;Sul;2024-10-08
1049;ALU-01049;68;Não informado;Centro;2023-02-10
1050;ALU-01050;47;Feminino;Norte;2023-08-15
1051;ALU-01051;55;Não informado;Sul;2024-03-20
1052;ALU-01052;57;Masculino;Sul;2023-10-11
1053;ALU-01053;32;Masculino;Oeste;2025-01-14
1054;ALU-01054;71;Feminino;Oeste;2024-06-02
1055;ALU-01055;39;Não informado;Norte;2022-11-06
1056;ALU-01056;54;Não informado;Sul;2024-03-25
1057;ALU-01057;45;Masculino;Oeste;2025-01-15
1058;ALU-01058;35;Feminino;Leste;2023-11-19
1059;ALU-01059;49;Feminino;Centro;2024-10-31
1060;ALU-01060;41;Não informado;Sul;2023-07-16
1061;ALU-01061;73;Feminino;Leste;2022-10-11
1062;ALU-01062;58;Feminino;Centro;2024-02-17
1063;ALU-01063;39;Masculino;Centro;2024-03-27
1064;ALU-01064;42;Masculino;Sul;2024-10-23
1065;ALU-01065;76;Masculino;Oeste;2024-09-09
1066;ALU-01066;48;Feminino;Oeste;2023-03-21
1067;ALU-01067;16;Não informado;Leste;2025-05-14
1068;ALU-01068;40;Feminino;Oeste;2025-04-24
1069;ALU-01069;63;Feminino;Centro;2024-04-28
1070;ALU-01070;68;Feminino;Oeste;2023-09-05
1071;ALU-01071;74;Não informado;Centro;2023-12-28
1072;ALU-01072;57;Masculino;Centro;2025-05-21
1073;ALU-01073;54;Não informado;Sul;2023-05-14
1074;ALU-01074;59;Feminino;Centro;2024-07-07
1075;ALU-01075;16;Feminino;Norte;2025-03-17
1076;ALU-01076;72;Feminino;Norte;2022-10-21
1077;ALU-01077;19;Feminino;Centro;2024-06-03
1078;ALU-01078;75;Feminino;Norte;2023-07-09
1079;ALU-01079;61;Feminino;Oeste;2023-09-02
1080;ALU-01080;66;Não informado;Oeste;2023-11-08
1081;ALU-01081;43;Feminino;Oeste;2024-09-17
1082;ALU-01082;56;Feminino;Norte;2022-11-28
1083;ALU-01083;32;Feminino;Norte;2023-04-18
1084;ALU-01084;31;Masculino;Leste;2023-04-04
1085;ALU-01085;44;Masculino;Norte;2023-10-15
1086;ALU-01086;32;Masculino;Centro;2023-07-22
1087;ALU-01087;74;Não informado;Sul;2024-08-24
1088;ALU-01088;32;Feminino;Sul;2024-08-05
1089;ALU-01089;36;Masculino;Sul;2024-04-03
1090;ALU-01090;35;Não informado;Oeste;2025-04-11
1091;ALU-01091;21;Feminino;Norte;2024-10-31
1092;ALU-01092;19;Feminino;Sul;2024-08-27
1093;ALU-01093;55;Masculino;Oeste;2023-04-08
1094;ALU-01094;67;Masculino;Leste;2023-08-01
1095;ALU-01095;16;Feminino;Leste;2024-03-17
1096;ALU-01096;42;Feminino;Centro;2024-09-08
1097;ALU-01097;76;Feminino;Centro;2024-03-15
1098;ALU-01098;34;Masculino;Norte;2024-12-07
1099;ALU-01099;29;Masculino;Sul;2023-12-24
1100;ALU-01100;26;Masculino;Centro;2025-05-27
1101;ALU-01101;52;Não informado;Centro;2023-06-08
1102;ALU-01102;16;Masculino;Leste;2023-07-13
1103;ALU-01103;39;Masculino;Norte;2024-02-18
1104;ALU-01104;17;Masculino;Norte;2022-10-28
1105;ALU-01105;16;Não informado;Norte;2023-07-10
1106;ALU-01106;24;Não informado;Norte;2023-11-26
1107;ALU-01107;64;Feminino;Centro;2023-05-18
1108;ALU-01108;69;Não informado;Oeste;2025-03-18
1109;ALU-01109;50;Não informado;Oeste;2025-02-25
1110;ALU-01110;15;Não informado;Leste;2024-06-08
1111;ALU-01111;61;Feminino;Norte;2023-12-04
1112;ALU-01112;47;Não informado;Centro;2024-12-16
1113;ALU-01113;29;Masculino;Norte;2024-07-08
1114;ALU-01114;69;Feminino;Centro;2023-03-11
1115;ALU-01115;60;Feminino;Norte;2023-11-13
1116;ALU-01116;59;Masculino;Centro;2023-10-15
1117;ALU-01117;75;Não informado;Centro;2025-02-23
1118;ALU-01118;72;Masculino;Leste;2023-11-30
1119;ALU-01119;15;Não informado;Sul;2025-02-04
1120;ALU-01120;23;Masculino;Norte;2025-05-03
1121;ALU-01121;26;Não informado;Oeste;2023-09-06
1122;ALU-01122;74;Masculino;Norte;2023-03-16
1123;ALU-01123;16;Não informado;Norte;2023-11-18
1124;ALU-01124;35;Masculino;Norte;2024-05-04
1125;ALU-01125;21;Não informado;Oeste;2024-04-15
1126;ALU-01126;26;Não informado;Sul;2023-08-09
1127;ALU-01127;46;Não informado;Oeste;2024-05-08
1128;ALU-01128;25;Não informado;Leste;2024-07-09
1129;ALU-01129;62;Masculino;Leste;2024-04-12
1130;ALU-01130;77;Não informado;Leste;2023-04-08
1131;ALU-01131;50;Masculino;Centro;2023-01-14
1132;ALU-01132;37;Feminino;Leste;2024-11-10
1133;ALU-01133;68;Feminino;Norte;2025-03-04
1134;ALU-01134;78;Feminino;Centro;2024-01-24
1135;ALU-01135;66;Não informado;Sul;2024-01-11
1136;ALU-01136;50;Masculino;Centro;2024-03-17
1137;ALU-01137;45;Feminino;Leste;2024-05-02
1138;ALU-01138;46;Masculino;Centro;2024-02-02
1139;ALU-01139;36;Feminino;Norte;2025-02-03
1140;ALU-01140;58;Feminino;Sul;2023-02-01
1141;ALU-01141;26;Masculino;Sul;2024-11-19
1142;ALU-01142;23;Feminino;Centro;2023-03-10
1143;ALU-01143;47;Masculino;Centro;2023-09-25
1144;ALU-01144;68;Feminino;Norte;2025-05-31
1145;ALU-01145;50;Não informado;Oeste;2024-07-02
1146;ALU-01146;49;Feminino;Norte;2024-07-17
1147;ALU-01147;75;Masculino;Oeste;2024-01-19
1148;ALU-01148;68;Masculino;Oeste;2025-06-09
1149;ALU-01149;64;Feminino;Sul;2025-01-17
1150;ALU-01150;77;Feminino;Sul;2023-02-13
1151;ALU-01151;54;Não informado;Centro;2024-04-15
1152;ALU-01152;21;Masculino;Leste;2022-10-31
1153;ALU-01153;44;Feminino;Leste;2023-12-11
1154;ALU-01154;64;Feminino;Leste;2024-09-23
1155;ALU-01155;70;Não informado;Sul;2023-12-30
1156;ALU-01156;52;Não informado;Centro;2024-08-03
1157;ALU-01157;39;Não informado;Oeste;2025-05-20
1158;ALU-01158;71;Masculino;Oeste;2023-09-13
1159;ALU-01159;27;Feminino;Centro;2024-12-07
1160;ALU-01160;41;Masculino;Oeste;2024-02-07
1161;ALU-01161;15;Masculino;Centro;2023-11-23
1162;ALU-01162;73;Não informado;Sul;2022-12-16
1163;ALU-01163;46;Não informado;Oeste;2022-12-20
1164;ALU-01164;62;Masculino;Centro;2024-10-28
1165;ALU-01165;16;Masculino;Oeste;2024-11-18
1166;ALU-01166;51;Não informado;Norte;2024-02-15
1167;ALU-01167;76;Não informado;Oeste;2023-01-27
1168;ALU-01168;62;Feminino;Norte;2023-06-14
1169;ALU-01169;70;Masculino;Leste;2025-04-30
1170;ALU-01170;15;Não informado;Sul;2023-01-10
1171;ALU-01171;22;Não informado;Norte;2024-11-13
1172;ALU-01172;22;Masculino;Norte;2025-06-30
1173;ALU-01173;76;Não informado;Centro;2022-11-02
1174;ALU-01174;61;Não informado;Sul;2023-06-20
1175;ALU-01175;38;Não informado;Oeste;2022-12-14
1176;ALU-01176;54;Não informado;Norte;2023-05-04
1177;ALU-01177;60;Feminino;Leste;2022-12-08
1178;ALU-01178;62;Masculino;Oeste;2022-12-18
1179;ALU-01179;49;Não informado;Leste;2023-06-22
1180;ALU-01180;76;Masculino;Norte;2022-12-25
1181;ALU-01181;21;Masculino;Sul;2023-09-07
1182;ALU-01182;56;Masculino;Sul;2025-05-08
1183;ALU-01183;18;Feminino;Sul;2023-01-11
1184;ALU-01184;73;Feminino;Oeste;2024-10-18
1185;ALU-01185;64;Masculino;Sul;2023-04-14
1186;ALU-01186;19;Não informado;Sul;2023-07-14
1187;ALU-01187;61;Masculino;Sul;2023-11-11
1188;ALU-01188;15;Masculino;Centro;2024-07-31
1189;ALU-01189;72;Não informado;Leste;2023-06-06
1190;ALU-01190;68;Masculino;Oeste;2023-05-02
1191;ALU-01191;26;Feminino;Leste;2022-12-05
1192;ALU-01192;17;Masculino;Norte;2024-10-01
1193;ALU-01193;59;Masculino;Centro;2023-10-31
1194;ALU-01194;59;Não informado;Norte;2023-02-04
1195;ALU-01195;40;Masculino;Leste;2024-09-23
1196;ALU-01196;51;Masculino;Leste;2024-12-17
1197;ALU-01197;53;Masculino;Centro;2022-12-27
1198;ALU-01198;71;Masculino;Leste;2023-12-15
1199;ALU-01199;29;Não informado;Oeste;2024-03-12
1200;ALU-01200;54;Feminino;Sul;2025-01-10
1201;ALU-01201;47;Feminino;Norte;2024-02-03
1202;ALU-01202;26;Feminino;Leste;2024-09-18
1203;ALU-01203;47;Feminino;Leste;2024-05-06
1204;ALU-01204;45;Feminino;Centro;2023-07-09
1205;ALU-01205;39;Feminino;Leste;2024-04-26
1206;ALU-01206;70;Masculino;Leste;2022-12-08
1207;ALU-01207;22;Masculino;Norte;2023-11-01
1208;ALU-01208;24;Feminino;Oeste;2024-02-17
1209;ALU-01209;51;Não informado;Norte;2024-03-16
1210;ALU-01210;18;Feminino;Centro;2024-12-10
1211;ALU-01211;55;Feminino;Sul;2024-08-18
1212;ALU-01212;47;Masculino;Sul;2023-08-28
1213;ALU-01213;38;Masculino;Leste;2022-12-06
1214;ALU-01214;47;Masculino;Oeste;2023-07-13
1215;ALU-01215;41;Feminino;Sul;2024-04-10
1216;ALU-01216;56;Não informado;Sul;2023-06-21
1217;ALU-01217;78;Feminino;Centro;2023-10-04
1218;ALU-01218;68;Masculino;Oeste;2024-03-18
1219;ALU-01219;70;Feminino;Norte;2023-02-25
1220;ALU-01220;17;Feminino;Centro;2023-04-25
1221;ALU-01221;65;Masculino;Norte;2025-03-19
1222;ALU-01222;28;Masculino;Sul;2023-10-13
1223;ALU-01223;38;Não informado;Norte;2023-04-02
1224;ALU-01224;50;Feminino;Leste;2024-02-11
1225;ALU-01225;49;Não informado;Centro;2024-04-18
1226;ALU-01226;65;Masculino;Norte;2023-10-24
1227;ALU-01227;24;Feminino;Leste;2024-04-03
1228;ALU-01228;24;Feminino;Sul;2023-02-17
1229;ALU-01229;48;Feminino;Norte;2024-05-22
1230;ALU-01230;60;Masculino;Oeste;2023-10-17
1231;ALU-01231;25;Feminino;Centro;2024-06-06
1232;ALU-01232;34;Masculino;Leste;2023-06-10
1233;ALU-01233;68;Não informado;Centro;2023-11-13
1234;ALU-01234;51;Masculino;Norte;2024-05-27
1235;ALU-01235;32;Feminino;Sul;2024-10-22
1236;ALU-01236;67;Não informado;Norte;2024-03-23
1237;ALU-01237;30;Não informado;Sul;2024-12-01
1238;ALU-01238;36;Feminino;Oeste;2024-05-03
1239;ALU-01239;75;Não informado;Norte;2024-09-13
1240;ALU-01240;61;Masculino;Centro;2022-12-31
1241;ALU-01241;31;Não informado;Oeste;2024-08-15
1242;ALU-01242;37;Não informado;Sul;2024-07-09
1243;ALU-01243;70;Masculino;Leste;2023-07-17
1244;ALU-01244;60;Masculino;Norte;2024-02-26
1245;ALU-01245;56;Masculino;Oeste;2025-06-26
1246;ALU-01246;53;Feminino;Centro;2024-02-21
1247;ALU-01247;24;Masculino;Norte;2023-02-07
1248;ALU-01248;77;Não informado;Leste;2024-08-16
1249;ALU-01249;24;Não informado;Leste;2023-10-29
1250;ALU-01250;34;Masculino;Centro;2024-11-12
1251;ALU-01251;19;Masculino;Sul;2023-03-24
1252;ALU-01252;74;Masculino;Norte;2023-07-08
1253;ALU-01253;18;Masculino;Centro;2024-03-04
1254;ALU-01254;61;Não informado;Sul;2024-09-05
1255;ALU-01255;29;Não informado;Oeste;2023-08-07
1256;ALU-01256;24;Masculino;Centro;2023-05-31
1257;ALU-01257;23;Não informado;Norte;2023-02-20
1258;ALU-01258;21;Masculino;Norte;2025-03-02
1259;ALU-01259;48;Não informado;Centro;2025-01-02
1260;ALU-01260;25;Feminino;Oeste;2025-06-10
1261;ALU-01261;47;Feminino;Oeste;2022-11-25
1262;ALU-01262;28;Feminino;Oeste;2024-10-01
1263;ALU-01263;17;Feminino;Oeste;2024-11-03
1264;ALU-01264;18;Não informado;Sul;2023-04-05
1265;ALU-01265;16;Feminino;Oeste;2023-05-04
1266;ALU-01266;29;Masculino;Norte;2023-11-13
1267;ALU-01267;17;Masculino;Norte;2023-08-22
1268;ALU-01268;55;Não informado;Leste;2023-11-20
1269;ALU-01269;51;Masculino;Sul;2025-04-30
1270;ALU-01270;65;Masculino;Leste;2025-06-05
1271;ALU-01271;31;Masculino;Leste;2024-02-13
1272;ALU-01272;25;Feminino;Oeste;2023-07-27
1273;ALU-01273;33;Feminino;Sul;2023-04-07
1274;ALU-01274;26;Não informado;Sul;2022-10-08
1275;ALU-01275;74;Não informado;Centro;2025-01-07
1276;ALU-01276;27;Não informado;Oeste;2023-04-15
1277;ALU-01277;73;Masculino;Sul;2023-09-01
1278;ALU-01278;22;Não informado;Leste;2024-05-10
1279;ALU-01279;44;Não informado;Leste;2023-12-26
1280;ALU-01280;36;Feminino;Sul;2023-06-11
1281;ALU-01281;64;Não informado;Centro;2024-09-13
1282;ALU-01282;57;Feminino;Norte;2024-04-18
1283;ALU-01283;75;Masculino;Sul;2024-08-27
1284;ALU-01284;66;Feminino;Sul;2023-04-12
1285;ALU-01285;24;Feminino;Leste;2024-06-03
1286;ALU-01286;58;Não informado;Leste;2023-04-28
1287;ALU-01287;42;Feminino;Norte;2023-12-02
1288;ALU-01288;29;Feminino;Norte;2023-03-29
1289;ALU-01289;65;Masculino;Centro;2023-07-22
1290;ALU-01290;49;Feminino;Oeste;2023-09-09
1291;ALU-01291;69;Feminino;Leste;2023-09-02
1292;ALU-01292;31;Não informado;Norte;2025-06-01
1293;ALU-01293;36;Feminino;Oeste;2025-05-07
1294;ALU-01294;52;Masculino;Oeste;2023-12-09
1295;ALU-01295;24;Não informado;Centro;2024-01-08
1296;ALU-01296;67;Feminino;Norte;2025-06-02
1297;ALU-01297;35;Não informado;Centro;2022-12-31
1298;ALU-01298;72;Não informado;Centro;2022-11-17
1299;ALU-01299;31;Masculino;Centro;2023-06-23
1300;ALU-01300;69;Masculino;Norte;2024-02-28
1301;ALU-01301;72;Masculino;Leste;2024-10-13
1302;ALU-01302;36;Não informado;Centro;2023-08-25
1303;ALU-01303;33;Feminino;Leste;2022-11-12
1304;ALU-01304;29;Masculino;Norte;2025-06-28
1305;ALU-01305;43;Feminino;Oeste;2022-12-03
1306;ALU-01306;24;Não informado;Sul;2023-11-01
1307;ALU-01307;62;Masculino;Oeste;2023-06-19
1308;ALU-01308;28;Feminino;Sul;2025-04-08
1309;ALU-01309;73;Feminino;Norte;2025-05-27
1310;ALU-01310;66;Não informado;Sul;2024-05-06
1311;ALU-01311;16;Não informado;Norte;2024-01-19
1312;ALU-01312;39;Não informado;Oeste;2023-07-16
1313;ALU-01313;61;Não informado;Sul;2023-10-07
1314;ALU-01314;53;Não informado;Norte;2024-01-11
1315;ALU-01315;15;Feminino;Sul;2024-12-09
1316;ALU-01316;64;Não informado;Leste;2023-03-15
1317;ALU-01317;77;Masculino;Sul;2024-03-27
1318;ALU-01318;36;Não informado;Leste;2025-06-29
1319;ALU-01319;70;Masculino;Oeste;2022-12-29
1320;ALU-01320;67;Não informado;Centro;2023-01-09
1321;ALU-01321;75;Feminino;Sul;2022-11-01
1322;ALU-01322;48;Não informado;Sul;2023-12-10
1323;ALU-01323;23;Masculino;Leste;2023-12-13
1324;ALU-01324;76;Não informado;Norte;2025-03-01
1325;ALU-01325;38;Feminino;Oeste;2023-09-28
1326;ALU-01326;68;Não informado;Norte;2024-06-18
1327;ALU-01327;45;Não informado;Leste;2025-06-04
1328;ALU-01328;31;Não informado;Oeste;2022-11-07
1329;ALU-01329;35;Masculino;Sul;2024-08-22
1330;ALU-01330;73;Não informado;Sul;2022-10-05
1331;ALU-01331;22;Não informado;Sul;2025-06-28
1332;ALU-01332;77;Masculino;Oeste;2022-10-30
1333;ALU-01333;76;Não informado;Oeste;2025-05-21
1334;ALU-01334;55;Não informado;Norte;2023-10-23
1335;ALU-01335;34;Masculino;Sul;2023-08-05
1336;ALU-01336;75;Não informado;Sul;2025-06-21
1337;ALU-01337;57;Masculino;Leste;2023-05-21
1338;ALU-01338;45;Masculino;Sul;2024-05-14
1339;ALU-01339;43;Masculino;Norte;2024-03-22
1340;ALU-01340;27;Masculino;Leste;2022-12-17
1341;ALU-01341;77;Feminino;Oeste;2023-07-03
1342;ALU-01342;53;Feminino;Leste;2025-04-02
1343;ALU-01343;32;Masculino;Norte;2025-03-23
1344;ALU-01344;77;Feminino;Leste;2025-05-07
1345;ALU-01345;34;Não informado;Oeste;2024-02-05
1346;ALU-01346;33;Masculino;Centro;2025-04-02
1347;ALU-01347;70;Feminino;Leste;2023-08-27
1348;ALU-01348;70;Feminino;Centro;2023-08-28
1349;ALU-01349;76;Masculino;Sul;2022-10-05
1350;ALU-01350;71;Feminino;Centro;2023-08-19
1351;ALU-01351;76;Não informado;Sul;2023-05-12
1352;ALU-01352;39;Masculino;Sul;2024-12-01
1353;ALU-01353;49;Não informado;Norte;2024-05-23
1354;ALU-01354;20;Feminino;Sul;2023-02-08
1355;ALU-01355;54;Masculino;Centro;2022-11-26
1356;ALU-01356;39;Masculino;Norte;2022-10-25
1357;ALU-01357;35;Feminino;Norte;2023-01-10
1358;ALU-01358;63;Feminino;Oeste;2025-03-30
1359;ALU-01359;65;Feminino;Norte;2024-05-12
1360;ALU-01360;23;Não informado;Sul;2024-04-10
1361;ALU-01361;59;Masculino;Norte;2024-04-20
1362;ALU-01362;66;Não informado;Leste;2024-07-17
1363;ALU-01363;65;Masculino;Leste;2023-04-25
1364;ALU-01364;67;Feminino;Centro;2024-07-01
1365;ALU-01365;50;Não informado;Centro;2025-01-27
1366;ALU-01366;45;Não informado;Sul;2025-02-10
1367;ALU-01367;76;Masculino;Norte;2023-06-29
1368;ALU-01368;31;Masculino;Oeste;2023-01-11
1369;ALU-01369;21;Feminino;Centro;2022-11-09
1370;ALU-01370;52;Não informado;Oeste;2024-02-21
1371;ALU-01371;73;Não informado;Oeste;2024-10-10
1372;ALU-01372;39;Feminino;Norte;2023-04-29
1373;ALU-01373;28;Não informado;Centro;2024-07-20
1374;ALU-01374;44;Masculino;Leste;2024-06-19
1375;ALU-01375;74;Feminino;Centro;2023-10-11
1376;ALU-01376;53;Não informado;Leste;2022-11-12
1377;ALU-01377;71;Feminino;Norte;2024-04-02
1378;ALU-01378;75;Feminino;Oeste;2023-12-20
1379;ALU-01379;59;Feminino;Sul;2023-06-22
1380;ALU-01380;72;Feminino;Norte;2023-03-31
1381;ALU-01381;33;Masculino;Centro;2025-05-07
1382;ALU-01382;65;Feminino;Leste;2024-03-21
1383;ALU-01383;48;Não informado;Centro;2023-06-10
1384;ALU-01384;62;Não informado;Leste;2024-01-02
1385;ALU-01385;72;Feminino;Centro;2025-01-27
1386;ALU-01386;68;Não informado;Norte;2023-11-18
1387;ALU-01387;55;Feminino;Norte;2023-12-16
1388;ALU-01388;18;Masculino;Sul;2023-08-23
1389;ALU-01389;55;Feminino;Oeste;2024-05-14
1390;ALU-01390;29;Não informado;Sul;2023-12-17
1391;ALU-01391;75;Não informado;Sul;2023-09-03
1392;ALU-01392;64;Não informado;Oeste;2024-12-11
1393;ALU-01393;70;Masculino;Sul;2024-09-26
1394;ALU-01394;16;Feminino;Centro;2023-11-07
1395;ALU-01395;33;Masculino;Norte;2023-01-23
1396;ALU-01396;57;Não informado;Leste;2024-11-27
1397;ALU-01397;44;Feminino;Sul;2025-04-11
1398;ALU-01398;26;Feminino;Norte;2023-03-30
1399;ALU-01399;15;Não informado;Norte;2025-04-22
1400;ALU-01400;67;Feminino;Norte;2023-11-26
1401;ALU-01401;58;Masculino;Norte;2023-07-04
1402;ALU-01402;58;Masculino;Oeste;2023-05-04
1403;ALU-01403;55;Feminino;Oeste;2025-01-26
1404;ALU-01404;54;Não informado;Oeste;2023-11-26
1405;ALU-01405;73;Masculino;Norte;2024-12-26
1406;ALU-01406;65;Não informado;Leste;2023-07-24
1407;ALU-01407;68;Masculino;Norte;2024-01-29
1408;ALU-01408;20;Feminino;Centro;2023-09-02
1409;ALU-01409;50;Não informado;Sul;2024-01-19
1410;ALU-01410;35;Não informado;Leste;2023-11-29
1411;ALU-01411;42;Não informado;Leste;2024-10-18
1412;ALU-01412;76;Feminino;Norte;2023-04-22
1413;ALU-01413;47;Feminino;Oeste;2023-02-15
1414;ALU-01414;70;Masculino;Oeste;2023-10-07
1415;ALU-01415;71;Masculino;Norte;2024-08-02
1416;ALU-01416;18;Não informado;Centro;2024-03-27
1417;ALU-01417;36;Masculino;Norte;2025-04-23
1418;ALU-01418;41;Feminino;Sul;2023-01-15
1419;ALU-01419;43;Masculino;Sul;2023-01-15
1420;ALU-01420;32;Feminino;Sul;2024-08-22
1421;ALU-01421;42;Feminino;Leste;2025-05-01
1422;ALU-01422;30;Não informado;Leste;2025-01-07
1423;ALU-01423;46;Feminino;Norte;2025-05-22
1424;ALU-01424;54;Não informado;Norte;2023-05-24
1425;ALU-01425;48;Feminino;Leste;2024-07-13
1426;ALU-01426;60;Masculino;Oeste;2023-10-31
1427;ALU-01427;61;Não informado;Sul;2025-06-10
1428;ALU-01428;34;Não informado;Oeste;2023-02-05
1429;ALU-01429;23;Feminino;Leste;2024-01-09
1430;ALU-01430;31;Não informado;Norte;2025-03-07
1431;ALU-01431;28;Não informado;Norte;2023-03-19
1432;ALU-01432;71;Feminino;Oeste;2022-10-22
1433;ALU-01433;55;Masculino;Oeste;2024-09-02
1434;ALU-01434;50;Feminino;Sul;2023-05-16
1435;ALU-01435;63;Não informado;Leste;2022-12-31
1436;ALU-01436;75;Masculino;Oeste;2025-03-05
1437;ALU-01437;62;Não informado;Oeste;2022-11-19
1438;ALU-01438;65;Feminino;Sul;2024-04-23
1439;ALU-01439;38;Não informado;Sul;2024-03-27
1440;ALU-01440;38;Masculino;Oeste;2023-10-06
1441;ALU-01441;43;Masculino;Norte;2024-08-22
1442;ALU-01442;20;Feminino;Sul;2024-11-23
1443;ALU-01443;66;Não informado;Leste;2023-10-18
1444;ALU-01444;30;Não informado;Sul;2022-10-19
1445;ALU-01445;73;Feminino;Leste;2024-11-09
1446;ALU-01446;69;Masculino;Norte;2023-03-07
1447;ALU-01447;46;Não informado;Leste;2022-11-13
1448;ALU-01448;74;Feminino;Oeste;2024-06-14
1449;ALU-01449;21;Não informado;Sul;2025-02-11
1450;ALU-01450;62;Masculino;Sul;2022-12-08
1451;ALU-01451;60;Masculino;Oeste;2024-06-14
1452;ALU-01452;24;Não informado;Oeste;2023-09-01
1453;ALU-01453;55;Não informado;Sul;2024-01-14
1454;ALU-01454;56;Feminino;Norte;2022-10-10
1455;ALU-01455;25;Feminino;Sul;2023-03-20
1456;ALU-01456;48;Masculino;Sul;2024-08-12
1457;ALU-01457;22;Feminino;Centro;2024-09-06
1458;ALU-01458;70;Masculino;Centro;2024-03-10
1459;ALU-01459;55;Não informado;Sul;2023-07-14
1460;ALU-01460;52;Feminino;Leste;2023-03-03
1461;ALU-01461;33;Não informado;Sul;2025-04-29
1462;ALU-01462;71;Masculino;Centro;2023-07-04
1463;ALU-01463;56;Feminino;Oeste;2024-05-30
1464;ALU-01464;19;Feminino;Oeste;2024-11-18
1465;ALU-01465;64;Feminino;Sul;2024-08-18
1466;ALU-01466;52;Masculino;Norte;2023-01-19
1467;ALU-01467;25;Masculino;Centro;2024-05-04
1468;ALU-01468;63;Feminino;Sul;2024-02-28
1469;ALU-01469;73;Feminino;Norte;2025-01-14
1470;ALU-01470;28;Masculino;Oeste;2025-06-13
1471;ALU-01471;18;Masculino;Oeste;2023-10-19
1472;ALU-01472;16;Não informado;Norte;2025-06-21
1473;ALU-01473;38;Feminino;Norte;2024-05-25
1474;ALU-01474;22;Masculino;Centro;2025-05-24
1475;ALU-01475;42;Não informado;Leste;2023-10-29
1476;ALU-01476;76;Não informado;Leste;2023-02-03
1477;ALU-01477;42;Masculino;Centro;2024-02-18
1478;ALU-01478;39;Feminino;Leste;2025-03-05
1479;ALU-01479;68;Não informado;Oeste;2023-12-12
1480;ALU-01480;22;Não informado;Leste;2025-02-25
1481;ALU-01481;71;Masculino;Sul;2023-01-03
1482;ALU-01482;35;Não informado;Sul;2023-09-14
1483;ALU-01483;34;Feminino;Centro;2022-12-01
1484;ALU-01484;38;Feminino;Oeste;2024-02-28
1485;ALU-01485;64;Masculino;Norte;2023-01-23
1486;ALU-01486;50;Não informado;Norte;2025-04-28
1487;ALU-01487;15;Masculino;Oeste;2022-10-25
1488;ALU-01488;23;Feminino;Leste;2024-08-11
1489;ALU-01489;75;Feminino;Norte;2022-11-14
1490;ALU-01490;38;Não informado;Sul;2024-01-25
1491;ALU-01491;57;Não informado;Leste;2023-03-05
1492;ALU-01492;17;Masculino;Norte;2025-05-03
1493;ALU-01493;25;Feminino;Leste;2023-02-18
1494;ALU-01494;23;Feminino;Sul;2022-11-15
1495;ALU-01495;73;Feminino;Oeste;2024-11-18
1496;ALU-01496;54;Não informado;Oeste;2022-11-01
1497;ALU-01497;45;Não informado;Leste;2024-01-23
1498;ALU-01498;52;Feminino;Sul;2024-09-28
1499;ALU-01499;73;Masculino;Sul;2025-04-25
1500;ALU-01500;59;Não informado;Oeste;2024-10-27
1501;ALU-01501;74;Masculino;Centro;2025-04-03
1502;ALU-01502;57;Masculino;Norte;2023-06-29
1503;ALU-01503;45;Não informado;Norte;2024-08-07
1504;ALU-01504;65;Não informado;Sul;2023-04-03
1505;ALU-01505;69;Feminino;Oeste;2024-09-03
1506;ALU-01506;56;Feminino;Oeste;2025-05-28
1507;ALU-01507;54;Não informado;Leste;2024-03-07
1508;ALU-01508;56;Masculino;Oeste;2023-09-17
1509;ALU-01509;20;Não informado;Sul;2024-03-30
1510;ALU-01510;19;Não informado;Norte;2024-04-28
1511;ALU-01511;74;Não informado;Oeste;2023-05-04
1512;ALU-01512;34;Feminino;Norte;2024-07-21
1513;ALU-01513;72;Feminino;Leste;2024-08-10
1514;ALU-01514;47;Feminino;Oeste;2023-07-12
1515;ALU-01515;42;Masculino;Leste;2023-04-30
1516;ALU-01516;65;Masculino;Sul;2023-11-09
1517;ALU-01517;21;Masculino;Oeste;2024-08-17
1518;ALU-01518;17;Feminino;Oeste;2024-09-21
1519;ALU-01519;47;Masculino;Sul;2023-12-07
1520;ALU-01520;22;Não informado;Norte;2024-05-29
1521;ALU-01521;42;Feminino;Leste;2024-12-05
1522;ALU-01522;29;Feminino;Oeste;2025-04-21
1523;ALU-01523;55;Feminino;Oeste;2023-08-17
1524;ALU-01524;36;Não informado;Centro;2023-10-19
1525;ALU-01525;36;Não informado;Oeste;2025-06-10
1526;ALU-01526;23;Não informado;Sul;2023-10-29
1527;ALU-01527;34;Feminino;Oeste;2024-10-27
1528;ALU-01528;19;Masculino;Centro;2023-02-25
1529;ALU-01529;36;Não informado;Centro;2022-11-24
1530;ALU-01530;31;Não informado;Leste;2025-04-24
1531;ALU-01531;65;Não informado;Centro;2023-12-07
1532;ALU-01532;39;Masculino;Centro;2025-02-19
1533;ALU-01533;28;Feminino;Norte;2024-04-01
1534;ALU-01534;30;Não informado;Centro;2024-09-01
1535;ALU-01535;51;Não informado;Centro;2023-03-27
1536;ALU-01536;59;Não informado;Sul;2024-12-15
1537;ALU-01537;48;Não informado;Oeste;2024-05-23
1538;ALU-01538;45;Masculino;Sul;2024-11-17
1539;ALU-01539;18;Feminino;Centro;2023-03-31
1540;ALU-01540;57;Masculino;Sul;2023-01-12
1541;ALU-01541;41;Masculino;Leste;2023-09-19
1542;ALU-01542;51;Masculino;Leste;2024-12-27
1543;ALU-01543;51;Masculino;Sul;2024-06-14
1544;ALU-01544;74;Masculino;Oeste;2025-04-23
1545;ALU-01545;61;Não informado;Norte;2025-02-28
1546;ALU-01546;42;Feminino;Leste;2024-07-01
1547;ALU-01547;72;Masculino;Norte;2023-06-19
1548;ALU-01548;25;Feminino;Centro;2023-03-24
1549;ALU-01549;19;Não informado;Leste;2023-09-12
1550;ALU-01550;43;Masculino;Sul;2024-03-28
1551;ALU-01551;19;Masculino;Leste;2023-09-19
1552;ALU-01552;63;Masculino;Centro;2023-10-27
1553;ALU-01553;70;Feminino;Leste;2024-07-10
1554;ALU-01554;15;Feminino;Leste;2024-08-27
1555;ALU-01555;34;Não informado;Norte;2022-12-28
1556;ALU-01556;68;Não informado;Sul;2024-04-23
1557;ALU-01557;64;Feminino;Centro;2024-12-08
1558;ALU-01558;48;Masculino;Centro;2023-04-29
1559;ALU-01559;54;Masculino;Sul;2024-10-06
1560;ALU-01560;19;Masculino;Norte;2024-11-11
1561;ALU-01561;56;Não informado;Sul;2023-01-03
1562;ALU-01562;29;Não informado;Centro;2023-10-05
1563;ALU-01563;59;Não informado;Sul;2024-06-22
1564;ALU-01564;15;Não informado;Leste;2024-07-12
1565;ALU-01565;70;Feminino;Centro;2023-09-28
1566;ALU-01566;37;Masculino;Leste;2023-03-22
1567;ALU-01567;29;Não informado;Sul;2024-07-14
1568;ALU-01568;27;Feminino;Norte;2024-01-21
1569;ALU-01569;56;Masculino;Oeste;2023-12-23
1570;ALU-01570;25;Masculino;Centro;2024-04-30
1571;ALU-01571;41;Masculino;Leste;2023-03-03
1572;ALU-01572;36;Não informado;Sul;2023-03-06
1573;ALU-01573;73;Masculino;Leste;2024-02-29
1574;ALU-01574;31;Não informado;Centro;2022-10-19
1575;ALU-01575;55;Feminino;Norte;2024-09-13
1576;ALU-01576;73;Não informado;Norte;2024-12-01
1577;ALU-01577;55;Não informado;Leste;2023-03-08
1578;ALU-01578;26;Masculino;Centro;2024-07-30
1579;ALU-01579;44;Feminino;Oeste;2024-06-17
1580;ALU-01580;58;Feminino;Centro;2023-08-24
1581;ALU-01581;31;Feminino;Centro;2023-06-10
1582;ALU-01582;38;Não informado;Norte;2024-02-16
1583;ALU-01583;17;Não informado;Oeste;2023-11-30
1584;ALU-01584;41;Feminino;Leste;2024-04-12
1585;ALU-01585;47;Feminino;Centro;2025-04-22
1586;ALU-01586;26;Não informado;Leste;2024-01-01
1587;ALU-01587;70;Masculino;Leste;2023-05-21
1588;ALU-01588;46;Masculino;Norte;2023-06-30
1589;ALU-01589;52;Não informado;Leste;2023-11-18
1590;ALU-01590;47;Masculino;Norte;2024-06-02
1591;ALU-01591;76;Masculino;Norte;2023-05-08
1592;ALU-01592;54;Não informado;Leste;2023-08-17
1593;ALU-01593;54;Feminino;Sul;2023-04-09
1594;ALU-01594;28;Não informado;Oeste;2023-04-26
1595;ALU-01595;72;Não informado;Leste;2023-11-05
1596;ALU-01596;74;Não informado;Norte;2022-12-12
1597;ALU-01597;19;Não informado;Oeste;2023-11-20
1598;ALU-01598;22;Não informado;Oeste;2024-08-02
1599;ALU-01599;64;Feminino;Oeste;2024-01-27
1600;ALU-01600;51;Feminino;Sul;2025-04-28
1601;ALU-01601;74;Não informado;Centro;2024-03-06
1602;ALU-01602;32;Masculino;Sul;2024-02-08
1603;ALU-01603;50;Não informado;Sul;2025-02-23
1604;ALU-01604;38;Masculino;Sul;2024-12-20
1605;ALU-01605;78;Não informado;Norte;2024-11-30
1606;ALU-01606;36;Não informado;Sul;2024-09-01
1607;ALU-01607;28;Feminino;Centro;2025-07-01
1608;ALU-01608;28;Feminino;Norte;2023-04-18
1609;ALU-01609;21;Masculino;Oeste;2025-03-07
1610;ALU-01610;47;Masculino;Leste;2024-06-01
1611;ALU-01611;31;Masculino;Oeste;2025-04-17
1612;ALU-01612;58;Masculino;Leste;2023-05-02
1613;ALU-01613;26;Feminino;Centro;2025-01-17
1614;ALU-01614;40;Masculino;Oeste;2024-09-23
1615;ALU-01615;33;Feminino;Oeste;2024-09-17
1616;ALU-01616;19;Não informado;Leste;2024-05-16
1617;ALU-01617;42;Feminino;Centro;2023-05-06
1618;ALU-01618;63;Feminino;Norte;2023-02-02
1619;ALU-01619;27;Masculino;Oeste;2023-09-06
1620;ALU-01620;76;Masculino;Norte;2025-01-09
1621;ALU-01621;71;Feminino;Leste;2023-01-07
1622;ALU-01622;74;Masculino;Oeste;2024-06-16
1623;ALU-01623;25;Não informado;Oeste;2025-01-30
1624;ALU-01624;35;Feminino;Centro;2024-02-12
1625;ALU-01625;35;Masculino;Leste;2024-06-28
1626;ALU-01626;42;Não informado;Sul;2024-02-04
1627;ALU-01627;21;Masculino;Oeste;2025-06-10
1628;ALU-01628;46;Feminino;Centro;2025-01-10
1629;ALU-01629;37;Feminino;Leste;2023-04-17
1630;ALU-01630;33;Feminino;Sul;2023-06-10
1631;ALU-01631;21;Masculino;Oeste;2023-10-11
1632;ALU-01632;24;Masculino;Centro;2023-04-17
1633;ALU-01633;22;Feminino;Sul;2022-12-26
1634;ALU-01634;32;Masculino;Norte;2023-03-03
1635;ALU-01635;38;Não informado;Leste;2024-11-19
1636;ALU-01636;65;Não informado;Oeste;2024-04-13
1637;ALU-01637;19;Masculino;Leste;2023-08-29
1638;ALU-01638;75;Masculino;Leste;2023-01-29
1639;ALU-01639;56;Feminino;Leste;2022-11-30
1640;ALU-01640;27;Masculino;Sul;2024-10-29
1641;ALU-01641;20;Feminino;Centro;2024-06-29
1642;ALU-01642;56;Masculino;Leste;2023-06-27
1643;ALU-01643;40;Feminino;Oeste;2024-11-07
1644;ALU-01644;37;Feminino;Sul;2025-05-03
1645;ALU-01645;44;Masculino;Centro;2022-10-07
1646;ALU-01646;48;Masculino;Centro;2025-03-04
1647;ALU-01647;27;Feminino;Norte;2025-03-24
1648;ALU-01648;15;Não informado;Centro;2023-03-29
1649;ALU-01649;30;Masculino;Leste;2025-06-23
1650;ALU-01650;31;Masculino;Sul;2024-07-19
1651;ALU-01651;43;Masculino;Leste;2024-10-21
1652;ALU-01652;23;Masculino;Sul;2024-03-27
1653;ALU-01653;18;Feminino;Norte;2022-11-30
1654;ALU-01654;21;Não informado;Leste;2022-10-24
1655;ALU-01655;66;Não informado;Leste;2023-03-26
1656;ALU-01656;54;Masculino;Centro;2025-05-21
1657;ALU-01657;43;Não informado;Norte;2022-10-16
1658;ALU-01658;34;Masculino;Leste;2023-10-02
1659;ALU-01659;39;Feminino;Norte;2024-10-30
1660;ALU-01660;64;Masculino;Norte;2025-06-04
1661;ALU-01661;24;Masculino;Leste;2024-06-16
1662;ALU-01662;28;Feminino;Sul;2023-07-06
1663;ALU-01663;62;Feminino;Norte;2023-03-11
1664;ALU-01664;38;Feminino;Sul;2022-12-25
1665;ALU-01665;19;Masculino;Sul;2023-12-14
1666;ALU-01666;21;Masculino;Centro;2023-12-21
1667;ALU-01667;23;Masculino;Leste;2024-09-01
1668;ALU-01668;46;Feminino;Sul;2023-06-25
1669;ALU-01669;19;Feminino;Norte;2024-01-05
1670;ALU-01670;26;Não informado;Sul;2022-12-12
1671;ALU-01671;26;Não informado;Oeste;2023-01-30
1672;ALU-01672;19;Não informado;Oeste;2024-11-16
1673;ALU-01673;23;Masculino;Norte;2024-09-12
1674;ALU-01674;68;Masculino;Norte;2024-06-22
1675;ALU-01675;67;Masculino;Norte;2023-11-22
1676;ALU-01676;33;Masculino;Centro;2024-02-03
1677;ALU-01677;33;Masculino;Norte;2024-01-02
1678;ALU-01678;37;Feminino;Oeste;2023-12-22
1679;ALU-01679;53;Não informado;Leste;2022-11-21
1680;ALU-01680;73;Masculino;Norte;2025-05-28
1681;ALU-01681;36;Feminino;Norte;2022-12-10
1682;ALU-01682;27;Masculino;Norte;2025-01-15
1683;ALU-01683;42;Masculino;Oeste;2023-05-18
1684;ALU-01684;40;Não informado;Sul;2024-05-30
1685;ALU-01685;66;Não informado;Sul;2023-05-06
1686;ALU-01686;23;Feminino;Leste;2022-12-14
1687;ALU-01687;24;Feminino;Centro;2024-06-05
1688;ALU-01688;47;Feminino;Norte;2025-04-10
1689;ALU-01689;31;Não informado;Centro;2024-07-26
1690;ALU-01690;44;Masculino;Sul;2023-08-25
1691;ALU-01691;39;Masculino;Leste;2024-12-12
1692;ALU-01692;63;Masculino;Oeste;2025-01-06
1693;ALU-01693;76;Não informado;Norte;2022-11-10
1694;ALU-01694;45;Masculino;Sul;2023-05-23
1695;ALU-01695;55;Masculino;Centro;2023-01-01
1696;ALU-01696;72;Masculino;Leste;2023-05-06
1697;ALU-01697;64;Não informado;Centro;2023-11-16
1698;ALU-01698;23;Feminino;Oeste;2023-09-24
1699;ALU-01699;41;Masculino;Centro;2025-04-30
1700;ALU-01700;48;Feminino;Oeste;2023-03-20
1701;ALU-01701;66;Não informado;Leste;2024-04-23
1702;ALU-01702;54;Masculino;Oeste;2024-11-11
1703;ALU-01703;15;Masculino;Centro;2023-08-05
1704;ALU-01704;56;Não informado;Sul;2024-02-22
1705;ALU-01705;22;Não informado;Sul;2024-01-15
1706;ALU-01706;39;Não informado;Oeste;2024-11-03
1707;ALU-01707;35;Não informado;Centro;2023-05-04
1708;ALU-01708;67;Masculino;Oeste;2023-12-26
1709;ALU-01709;15;Feminino;Oeste;2023-01-27
1710;ALU-01710;72;Feminino;Oeste;2023-11-08
1711;ALU-01711;35;Não informado;Leste;2024-09-06
1712;ALU-01712;21;Masculino;Centro;2024-08-04
1713;ALU-01713;41;Masculino;Sul;2024-02-01
1714;ALU-01714;78;Não informado;Sul;2024-03-07
1715;ALU-01715;50;Não informado;Oeste;2024-07-24
1716;ALU-01716;19;Feminino;Oeste;2023-09-27
1717;ALU-01717;16;Masculino;Leste;2024-12-04
1718;ALU-01718;64;Masculino;Sul;2024-12-21
1719;ALU-01719;42;Feminino;Leste;2023-11-06
1720;ALU-01720;45;Não informado;Norte;2024-08-24
1721;ALU-01721;16;Masculino;Leste;2024-11-05
1722;ALU-01722;54;Não informado;Oeste;2024-11-13
1723;ALU-01723;22;Feminino;Leste;2023-10-23
1724;ALU-01724;69;Não informado;Sul;2023-11-25
1725;ALU-01725;63;Feminino;Leste;2025-05-14
1726;ALU-01726;75;Masculino;Centro;2024-10-10
1727;ALU-01727;31;Masculino;Oeste;2024-03-01
1728;ALU-01728;68;Não informado;Centro;2024-03-18
1729;ALU-01729;41;Feminino;Sul;2024-02-19
1730;ALU-01730;78;Masculino;Oeste;2024-03-18
1731;ALU-01731;54;Não informado;Norte;2024-04-18
1732;ALU-01732;22;Feminino;Centro;2023-05-07
1733;ALU-01733;73;Feminino;Centro;2023-08-16
1734;ALU-01734;33;Feminino;Sul;2023-06-17
1735;ALU-01735;23;Masculino;Centro;2025-01-15
1736;ALU-01736;63;Não informado;Oeste;2025-03-03
1737;ALU-01737;39;Masculino;Sul;2023-03-08
1738;ALU-01738;53;Masculino;Centro;2023-11-09
1739;ALU-01739;51;Masculino;Centro;2023-11-08
1740;ALU-01740;25;Não informado;Norte;2023-08-25
1741;ALU-01741;17;Feminino;Norte;2025-06-19
1742;ALU-01742;22;Não informado;Oeste;2024-12-11
1743;ALU-01743;51;Não informado;Oeste;2023-09-26
1744;ALU-01744;67;Feminino;Norte;2025-06-24
1745;ALU-01745;24;Feminino;Norte;2024-01-06
1746;ALU-01746;76;Masculino;Norte;2024-06-27
1747;ALU-01747;24;Não informado;Oeste;2024-10-29
1748;ALU-01748;28;Feminino;Norte;2023-07-15
1749;ALU-01749;70;Feminino;Centro;2024-09-21
1750;ALU-01750;64;Não informado;Centro;2023-09-29
1751;ALU-01751;56;Não informado;Sul;2024-06-19
1752;ALU-01752;55;Feminino;Norte;2023-01-09
1753;ALU-01753;46;Masculino;Oeste;2024-01-21
1754;ALU-01754;34;Masculino;Centro;2024-12-24
1755;ALU-01755;37;Não informado;Norte;2025-06-19
1756;ALU-01756;47;Não informado;Centro;2023-12-30
1757;ALU-01757;59;Não informado;Oeste;2023-08-30
1758;ALU-01758;66;Feminino;Oeste;2024-01-09
1759;ALU-01759;65;Masculino;Centro;2025-01-21
1760;ALU-01760;48;Feminino;Oeste;2024-02-04
1761;ALU-01761;74;Feminino;Centro;2023-04-01
1762;ALU-01762;60;Não informado;Leste;2023-03-14
1763;ALU-01763;25;Feminino;Centro;2023-12-20
1764;ALU-01764;39;Não informado;Sul;2023-10-09
1765;ALU-01765;29;Feminino;Norte;2023-07-17
1766;ALU-01766;47;Não informado;Sul;2022-10-07
1767;ALU-01767;66;Masculino;Centro;2023-11-20
1768;ALU-01768;64;Não informado;Norte;2023-07-07
1769;ALU-01769;74;Masculino;Oeste;2024-02-08
1770;ALU-01770;51;Masculino;Centro;2025-05-07
1771;ALU-01771;78;Feminino;Sul;2023-08-18
1772;ALU-01772;67;Feminino;Norte;2023-06-28
1773;ALU-01773;35;Masculino;Sul;2025-02-25
1774;ALU-01774;23;Feminino;Sul;2022-10-21
1775;ALU-01775;78;Masculino;Leste;2024-08-10
1776;ALU-01776;59;Feminino;Norte;2024-10-23
1777;ALU-01777;65;Masculino;Centro;2022-12-23
1778;ALU-01778;26;Não informado;Centro;2025-04-13
1779;ALU-01779;38;Feminino;Centro;2025-03-26
1780;ALU-01780;75;Não informado;Centro;2023-08-26
1781;ALU-01781;60;Não informado;Norte;2023-11-18
1782;ALU-01782;55;Não informado;Norte;2023-02-13
1783;ALU-01783;64;Masculino;Sul;2023-05-18
1784;ALU-01784;76;Masculino;Leste;2025-01-18
1785;ALU-01785;27;Masculino;Norte;2024-08-30
1786;ALU-01786;39;Masculino;Oeste;2025-01-03
1787;ALU-01787;46;Masculino;Sul;2025-03-21
1788;ALU-01788;77;Não informado;Norte;2025-02-06
1789;ALU-01789;55;Feminino;Leste;2023-02-21
1790;ALU-01790;20;Não informado;Oeste;2025-02-02
1791;ALU-01791;27;Não informado;Sul;2024-09-01
1792;ALU-01792;43;Não informado;Norte;2024-11-26
1793;ALU-01793;42;Feminino;Sul;2024-04-07
1794;ALU-01794;60;Feminino;Leste;2025-05-01
1795;ALU-01795;16;Masculino;Centro;2023-10-30
1796;ALU-01796;61;Não informado;Sul;2023-12-29
1797;ALU-01797;76;Masculino;Sul;2023-03-13
1798;ALU-01798;71;Feminino;Oeste;2025-01-01
1799;ALU-01799;63;Feminino;Sul;2022-12-18
1800;ALU-01800;54;Não informado;Centro;2023-12-31
1801;ALU-01801;70;Não informado;Norte;2022-12-08
1802;ALU-01802;48;Não informado;Centro;2022-12-31
1803;ALU-01803;24;Não informado;Sul;2025-03-03
1804;ALU-01804;21;Não informado;Norte;2025-01-31
1805;ALU-01805;46;Não informado;Leste;2024-04-05
1806;ALU-01806;30;Não informado;Sul;2023-07-31
1807;ALU-01807;44;Feminino;Leste;2023-06-26
1808;ALU-01808;16;Não informado;Leste;2023-06-28
1809;ALU-01809;17;Não informado;Leste;2023-01-06
1810;ALU-01810;24;Masculino;Sul;2023-11-22
1811;ALU-01811;16;Feminino;Sul;2023-09-29
1812;ALU-01812;57;Masculino;Oeste;2023-08-20
1813;ALU-01813;75;Feminino;Leste;2024-05-04
1814;ALU-01814;68;Feminino;Leste;2025-05-10
1815;ALU-01815;36;Não informado;Norte;2024-12-10
1816;ALU-01816;46;Feminino;Centro;2023-05-13
1817;ALU-01817;17;Feminino;Oeste;2022-12-06
1818;ALU-01818;60;Feminino;Oeste;2023-08-01
1819;ALU-01819;34;Não informado;Leste;2024-02-29
1820;ALU-01820;45;Masculino;Leste;2025-05-17
1821;ALU-01821;23;Masculino;Oeste;2024-01-12
1822;ALU-01822;48;Masculino;Leste;2023-02-25
1823;ALU-01823;46;Não informado;Norte;2022-11-03
1824;ALU-01824;37;Masculino;Leste;2024-02-28
1825;ALU-01825;16;Feminino;Sul;2023-07-26
1826;ALU-01826;68;Masculino;Oeste;2023-03-02
1827;ALU-01827;33;Feminino;Leste;2024-03-03
1828;ALU-01828;69;Feminino;Leste;2025-02-20
1829;ALU-01829;28;Masculino;Leste;2024-01-03
1830;ALU-01830;77;Masculino;Leste;2023-06-28
1831;ALU-01831;57;Não informado;Norte;2024-01-17
1832;ALU-01832;46;Feminino;Oeste;2023-07-23
1833;ALU-01833;66;Não informado;Norte;2025-01-22
1834;ALU-01834;25;Não informado;Centro;2024-12-20
1835;ALU-01835;37;Feminino;Centro;2024-10-22
1836;ALU-01836;55;Não informado;Centro;2023-12-18
1837;ALU-01837;26;Feminino;Oeste;2023-02-08
1838;ALU-01838;59;Não informado;Centro;2025-03-25
1839;ALU-01839;56;Masculino;Oeste;2025-04-04
1840;ALU-01840;62;Masculino;Leste;2024-09-25
1841;ALU-01841;59;Masculino;Leste;2023-01-16
1842;ALU-01842;43;Masculino;Norte;2024-12-14
1843;ALU-01843;69;Masculino;Oeste;2023-03-09
1844;ALU-01844;34;Feminino;Centro;2025-04-13
1845;ALU-01845;22;Feminino;Sul;2024-10-22
1846;ALU-01846;59;Feminino;Sul;2022-12-16
1847;ALU-01847;31;Não informado;Leste;2025-01-15
1848;ALU-01848;48;Masculino;Centro;2022-12-11
1849;ALU-01849;34;Masculino;Norte;2025-05-24
1850;ALU-01850;48;Masculino;Centro;2023-05-02
1851;ALU-01851;66;Masculino;Leste;2025-02-14
1852;ALU-01852;49;Masculino;Norte;2022-10-30
1853;ALU-01853;77;Feminino;Centro;2022-11-16
1854;ALU-01854;76;Feminino;Norte;2023-08-22
1855;ALU-01855;78;Masculino;Leste;2025-04-03
1856;ALU-01856;16;Masculino;Norte;2023-11-22
1857;ALU-01857;73;Masculino;Sul;2023-04-24
1858;ALU-01858;60;Feminino;Norte;2024-10-01
1859;ALU-01859;66;Masculino;Leste;2024-12-25
1860;ALU-01860;15;Masculino;Sul;2024-11-26
1861;ALU-01861;47;Masculino;Oeste;2024-07-31
1862;ALU-01862;36;Não informado;Leste;2023-04-18
1863;ALU-01863;40;Feminino;Centro;2024-12-24
1864;ALU-01864;37;Masculino;Sul;2023-05-07
1865;ALU-01865;46;Não informado;Oeste;2024-11-13
1866;ALU-01866;38;Não informado;Oeste;2023-07-08
1867;ALU-01867;38;Não informado;Leste;2024-08-06
1868;ALU-01868;58;Feminino;Norte;2023-02-08
1869;ALU-01869;40;Feminino;Sul;2024-10-10
1870;ALU-01870;75;Feminino;Sul;2022-10-26
1871;ALU-01871;58;Masculino;Leste;2023-06-26
1872;ALU-01872;19;Feminino;Centro;2024-12-29
1873;ALU-01873;64;Feminino;Norte;2025-02-23
1874;ALU-01874;22;Não informado;Norte;2024-09-23
1875;ALU-01875;66;Feminino;Norte;2023-06-06
1876;ALU-01876;65;Feminino;Leste;2024-09-20
1877;ALU-01877;55;Não informado;Sul;2024-04-14
1878;ALU-01878;76;Não informado;Oeste;2023-10-28
1879;ALU-01879;54;Masculino;Sul;2025-04-07
1880;ALU-01880;42;Feminino;Sul;2024-04-02
1881;ALU-01881;46;Não informado;Leste;2022-12-25
1882;ALU-01882;28;Não informado;Centro;2025-02-24
1883;ALU-01883;77;Não informado;Sul;2024-08-21
1884;ALU-01884;25;Masculino;Leste;2024-03-21
1885;ALU-01885;31;Não informado;Sul;2024-09-17
1886;ALU-01886;73;Feminino;Centro;2022-12-21
1887;ALU-01887;25;Feminino;Leste;2024-11-05
1888;ALU-01888;62;Não informado;Norte;2023-05-27
1889;ALU-01889;32;Masculino;Centro;2022-10-06
1890;ALU-01890;49;Não informado;Norte;2024-03-06
1891;ALU-01891;58;Não informado;Leste;2024-01-26
1892;ALU-01892;49;Masculino;Norte;2024-08-15
1893;ALU-01893;70;Não informado;Centro;2023-11-09
1894;ALU-01894;48;Feminino;Centro;2025-04-17
1895;ALU-01895;73;Não informado;Oeste;2023-05-30
1896;ALU-01896;47;Não informado;Oeste;2025-05-10
1897;ALU-01897;40;Não informado;Norte;2024-06-24
1898;ALU-01898;60;Masculino;Oeste;2023-05-01
1899;ALU-01899;77;Masculino;Sul;2024-11-10
1900;ALU-01900;58;Feminino;Leste;2024-03-30
1901;ALU-01901;58;Não informado;Centro;2024-12-28
1902;ALU-01902;35;Não informado;Centro;2024-01-18
1903;ALU-01903;65;Feminino;Leste;2025-05-23
1904;ALU-01904;53;Feminino;Sul;2024-10-12
1905;ALU-01905;35;Feminino;Oeste;2023-03-10
1906;ALU-01906;33;Masculino;Sul;2023-08-11
1907;ALU-01907;17;Não informado;Centro;2023-01-08
1908;ALU-01908;62;Feminino;Sul;2024-10-14
1909;ALU-01909;47;Feminino;Sul;2024-10-07
1910;ALU-01910;53;Feminino;Centro;2023-07-18
1911;ALU-01911;58;Feminino;Oeste;2024-03-30
1912;ALU-01912;42;Feminino;Norte;2024-02-09
1913;ALU-01913;72;Masculino;Leste;2023-06-04
1914;ALU-01914;45;Feminino;Norte;2024-05-16
1915;ALU-01915;41;Masculino;Centro;2023-01-16
1916;ALU-01916;33;Masculino;Leste;2023-08-20
1917;ALU-01917;42;Masculino;Norte;2023-11-15
1918;ALU-01918;45;Não informado;Leste;2025-06-20
1919;ALU-01919;71;Masculino;Centro;2023-10-13
1920;ALU-01920;30;Não informado;Sul;2024-01-11
1921;ALU-01921;19;Masculino;Oeste;2023-10-11
1922;ALU-01922;20;Masculino;Norte;2025-06-19
1923;ALU-01923;23;Masculino;Oeste;2022-12-24
1924;ALU-01924;66;Masculino;Sul;2023-12-11
1925;ALU-01925;17;Não informado;Leste;2025-04-04
1926;ALU-01926;20;Masculino;Oeste;2023-06-15
1927;ALU-01927;49;Não informado;Centro;2025-03-11
1928;ALU-01928;44;Feminino;Leste;2024-08-11
1929;ALU-01929;54;Feminino;Centro;2024-09-18
1930;ALU-01930;63;Feminino;Leste;2023-07-27
1931;ALU-01931;24;Não informado;Leste;2023-01-27
1932;ALU-01932;42;Masculino;Norte;2023-07-26
1933;ALU-01933;21;Masculino;Sul;2022-12-15
1934;ALU-01934;70;Feminino;Norte;2024-02-08
1935;ALU-01935;50;Feminino;Norte;2023-06-20
1936;ALU-01936;53;Feminino;Leste;2023-08-16
1937;ALU-01937;42;Feminino;Sul;2023-02-02
1938;ALU-01938;48;Não informado;Centro;2023-09-17
1939;ALU-01939;26;Não informado;Leste;2023-03-27
1940;ALU-01940;69;Não informado;Oeste;2023-08-18
1941;ALU-01941;38;Masculino;Norte;2023-11-20
1942;ALU-01942;20;Masculino;Centro;2022-12-25
1943;ALU-01943;61;Feminino;Oeste;2025-06-17
1944;ALU-01944;20;Não informado;Centro;2023-04-03
1945;ALU-01945;17;Não informado;Sul;2025-04-13
1946;ALU-01946;74;Feminino;Sul;2023-01-21
1947;ALU-01947;71;Masculino;Sul;2023-01-29
1948;ALU-01948;44;Não informado;Oeste;2024-06-02
1949;ALU-01949;29;Não informado;Sul;2023-03-31
1950;ALU-01950;56;Não informado;Sul;2024-09-02
1951;ALU-01951;64;Feminino;Centro;2025-06-24
1952;ALU-01952;24;Masculino;Norte;2024-12-23
1953;ALU-01953;39;Masculino;Norte;2024-05-14
1954;ALU-01954;71;Masculino;Leste;2025-03-07
1955;ALU-01955;44;Feminino;Leste;2023-05-13
1956;ALU-01956;37;Feminino;Oeste;2023-04-03
1957;ALU-01957;60;Masculino;Sul;2024-07-18
1958;ALU-01958;52;Feminino;Sul;2023-07-16
1959;ALU-01959;72;Feminino;Sul;2023-05-30
1960;ALU-01960;32;Não informado;Oeste;2025-03-10
1961;ALU-01961;26;Não informado;Centro;2023-06-17
1962;ALU-01962;26;Não informado;Sul;2023-10-07
1963;ALU-01963;78;Não informado;Oeste;2023-06-29
1964;ALU-01964;63;Feminino;Norte;2023-06-05
1965;ALU-01965;77;Não informado;Centro;2023-11-19
1966;ALU-01966;74;Masculino;Centro;2023-02-13
1967;ALU-01967;53;Não informado;Norte;2023-11-08
1968;ALU-01968;56;Feminino;Sul;2025-05-10
1969;ALU-01969;16;Masculino;Oeste;2024-08-19
1970;ALU-01970;51;Masculino;Centro;2024-12-25
1971;ALU-01971;31;Feminino;Leste;2024-09-20
1972;ALU-01972;51;Masculino;Sul;2022-11-18
1973;ALU-01973;18;Não informado;Oeste;2023-03-04
1974;ALU-01974;34;Não informado;Norte;2024-04-17
1975;ALU-01975;34;Masculino;Sul;2023-12-03
1976;ALU-01976;34;Masculino;Leste;2022-10-24
1977;ALU-01977;77;Feminino;Sul;2024-06-09
1978;ALU-01978;47;Não informado;Oeste;2024-08-29
1979;ALU-01979;48;Não informado;Oeste;2023-06-18
1980;ALU-01980;54;Masculino;Centro;2024-04-27
1981;ALU-01981;40;Masculino;Centro;2023-02-25
1982;ALU-01982;19;Masculino;Oeste;2023-07-19
1983;ALU-01983;68;Feminino;Leste;2024-01-29
1984;ALU-01984;25;Masculino;Oeste;2025-06-14
1985;ALU-01985;73;Masculino;Sul;2024-07-26
1986;ALU-01986;58;Não informado;Sul;2023-02-04
1987;ALU-01987;77;Feminino;Norte;2024-01-16
1988;ALU-01988;19;Não informado;Oeste;2023-07-20
1989;ALU-01989;23;Feminino;Oeste;2023-07-01
1990;ALU-01990;63;Feminino;Norte;2023-05-15
1991;ALU-01991;40;Feminino;Oeste;2024-06-18
1992;ALU-01992;56;Feminino;Leste;2025-06-30
1993;ALU-01993;27;Não informado;Oeste;2024-06-28
1994;ALU-01994;35;Masculino;Sul;2024-05-11
1995;ALU-01995;43;Não informado;Norte;2022-11-29
1996;ALU-01996;30;Não informado;Norte;2024-05-09
1997;ALU-01997;37;Masculino;Centro;2024-04-14
1998;ALU-01998;33;Feminino;Leste;2024-01-15
1999;ALU-01999;23;Feminino;Sul;2024-12-15
2000;ALU-02000;31;Feminino;Leste;2023-09-25
2001;ALU-02001;37;Masculino;Sul;2025-06-15
2002;ALU-02002;17;Masculino;Centro;2023-11-13
2003;ALU-02003;26;Masculino;Centro;2024-08-05
2004;ALU-02004;50;Masculino;Leste;2024-11-01
2005;ALU-02005;68;Não informado;Centro;2022-10-18
2006;ALU-02006;40;Feminino;Sul;2023-09-12
2007;ALU-02007;45;Não informado;Oeste;2025-01-15
2008;ALU-02008;75;Feminino;Norte;2022-10-07
2009;ALU-02009;23;Feminino;Leste;2024-07-16
2010;ALU-02010;17;Feminino;Centro;2024-10-07
2011;ALU-02011;20;Masculino;Oeste;2023-08-07
2012;ALU-02012;46;Feminino;Oeste;2025-05-23
2013;ALU-02013;50;Feminino;Norte;2024-05-10
2014;ALU-02014;47;Feminino;Sul;2023-03-06
2015;ALU-02015;38;Masculino;Centro;2022-11-23
2016;ALU-02016;63;Masculino;Oeste;2024-09-08
2017;ALU-02017;53;Não informado;Oeste;2025-04-24
2018;ALU-02018;41;Masculino;Centro;2025-05-07
2019;ALU-02019;42;Feminino;Leste;2024-05-03
2020;ALU-02020;44;Masculino;Sul;2024-02-07
2021;ALU-02021;20;Feminino;Centro;2025-06-11
2022;ALU-02022;41;Feminino;Leste;2024-04-07
2023;ALU-02023;51;Feminino;Centro;2025-06-26
2024;ALU-02024;34;Feminino;Oeste;2024-03-02
2025;ALU-02025;36;Não informado;Centro;2023-05-19
2026;ALU-02026;23;Não informado;Leste;2022-12-05
2027;ALU-02027;51;Feminino;Leste;2023-09-29
2028;ALU-02028;29;Feminino;Oeste;2024-11-05
2029;ALU-02029;15;Não informado;Oeste;2023-08-21
2030;ALU-02030;59;Masculino;Centro;2022-11-16
2031;ALU-02031;54;Feminino;Oeste;2022-10-17
2032;ALU-02032;20;Feminino;Leste;2023-07-15
2033;ALU-02033;47;Não informado;Norte;2024-09-29
2034;ALU-02034;31;Não informado;Leste;2023-03-18
2035;ALU-02035;57;Não informado;Norte;2024-02-18
2036;ALU-02036;29;Não informado;Sul;2025-02-22
2037;ALU-02037;65;Não informado;Sul;2022-10-29
2038;ALU-02038;40;Feminino;Oeste;2023-05-12
2039;ALU-02039;67;Masculino;Centro;2023-12-25
2040;ALU-02040;29;Masculino;Sul;2023-09-16
2041;ALU-02041;69;Feminino;Leste;2022-10-06
2042;ALU-02042;20;Feminino;Leste;2025-05-10
2043;ALU-02043;22;Masculino;Leste;2023-08-05
2044;ALU-02044;66;Masculino;Oeste;2025-03-23
2045;ALU-02045;60;Masculino;Oeste;2023-05-26
2046;ALU-02046;78;Não informado;Norte;2024-09-22
2047;ALU-02047;66;Masculino;Centro;2024-10-23
2048;ALU-02048;30;Não informado;Leste;2024-06-02
2049;ALU-02049;54;Feminino;Sul;2023-12-26
2050;ALU-02050;51;Não informado;Sul;2024-07-06
2051;ALU-02051;52;Não informado;Sul;2023-03-19
2052;ALU-02052;30;Não informado;Norte;2023-12-26
2053;ALU-02053;21;Não informado;Oeste;2023-09-17
2054;ALU-02054;59;Feminino;Oeste;2022-10-28
2055;ALU-02055;42;Masculino;Sul;2023-11-26
2056;ALU-02056;61;Não informado;Oeste;2025-01-25
2057;ALU-02057;38;Masculino;Leste;2025-06-14
2058;ALU-02058;31;Masculino;Leste;2024-02-10
2059;ALU-02059;15;Feminino;Centro;2024-08-25
2060;ALU-02060;30;Não informado;Norte;2023-02-02
2061;ALU-02061;26;Feminino;Norte;2024-08-16
2062;ALU-02062;66;Não informado;Oeste;2023-11-22
2063;ALU-02063;46;Não informado;Oeste;2023-07-23
2064;ALU-02064;74;Não informado;Oeste;2025-04-21
2065;ALU-02065;18;Masculino;Centro;2023-04-07
2066;ALU-02066;33;Feminino;Sul;2023-10-21
2067;ALU-02067;42;Não informado;Leste;2025-02-26
2068;ALU-02068;27;Feminino;Leste;2022-11-10
2069;ALU-02069;38;Não informado;Sul;2023-01-01
2070;ALU-02070;24;Feminino;Norte;2022-12-23
2071;ALU-02071;66;Não informado;Norte;2023-01-13
2072;ALU-02072;63;Não informado;Oeste;2023-07-16
2073;ALU-02073;43;Masculino;Norte;2023-05-29
2074;ALU-02074;38;Feminino;Leste;2024-10-19
2075;ALU-02075;47;Não informado;Oeste;2024-10-13
2076;ALU-02076;62;Masculino;Norte;2023-08-05
2077;ALU-02077;68;Masculino;Sul;2025-05-31
2078;ALU-02078;56;Não informado;Norte;2023-11-06
2079;ALU-02079;16;Masculino;Leste;2024-11-18
2080;ALU-02080;28;Masculino;Sul;2023-09-27
2081;ALU-02081;77;Feminino;Norte;2024-09-20
2082;ALU-02082;56;Feminino;Centro;2024-11-12
2083;ALU-02083;27;Não informado;Centro;2024-08-06
2084;ALU-02084;53;Feminino;Oeste;2024-05-11
2085;ALU-02085;56;Não informado;Sul;2024-04-20
2086;ALU-02086;24;Feminino;Oeste;2023-08-23
2087;ALU-02087;33;Não informado;Oeste;2024-09-08
2088;ALU-02088;44;Não informado;Centro;2025-05-07
2089;ALU-02089;50;Masculino;Centro;2024-12-20
2090;ALU-02090;46;Masculino;Leste;2024-06-04
2091;ALU-02091;71;Masculino;Sul;2023-07-03
2092;ALU-02092;17;Não informado;Sul;2023-08-13
2093;ALU-02093;42;Feminino;Norte;2025-05-16
2094;ALU-02094;34;Masculino;Oeste;2023-06-25
2095;ALU-02095;55;Feminino;Leste;2025-01-06
2096;ALU-02096;27;Masculino;Oeste;2024-07-26
2097;ALU-02097;37;Feminino;Oeste;2024-07-27
2098;ALU-02098;56;Masculino;Centro;2024-12-16
2099;ALU-02099;57;Masculino;Oeste;2025-02-13
2100;ALU-02100;39;Masculino;Leste;2023-03-05
2101;ALU-02101;17;Masculino;Centro;2025-04-17
2102;ALU-02102;38;Não informado;Norte;2025-06-10
2103;ALU-02103;21;Não informado;Sul;2023-06-29
2104;ALU-02104;16;Feminino;Sul;2024-07-20
2105;ALU-02105;53;Masculino;Sul;2023-07-31
2106;ALU-02106;26;Feminino;Norte;2023-10-28
2107;ALU-02107;76;Feminino;Leste;2025-07-01
2108;ALU-02108;53;Feminino;Centro;2023-05-10
2109;ALU-02109;66;Feminino;Oeste;2024-02-20
2110;ALU-02110;45;Masculino;Sul;2025-05-09
2111;ALU-02111;34;Não informado;Sul;2023-09-23
2112;ALU-02112;29;Não informado;Sul;2023-12-07
2113;ALU-02113;42;Masculino;Norte;2024-01-02
2114;ALU-02114;24;Feminino;Sul;2023-05-18
2115;ALU-02115;30;Não informado;Centro;2023-12-16
2116;ALU-02116;64;Masculino;Centro;2025-04-02
2117;ALU-02117;78;Feminino;Leste;2024-11-05
2118;ALU-02118;46;Masculino;Norte;2025-03-19
2119;ALU-02119;60;Não informado;Norte;2025-06-20
2120;ALU-02120;72;Masculino;Sul;2023-05-16
2121;ALU-02121;32;Feminino;Leste;2024-11-08
2122;ALU-02122;58;Masculino;Norte;2024-05-16
2123;ALU-02123;28;Não informado;Centro;2023-11-06
2124;ALU-02124;20;Feminino;Norte;2024-03-09
2125;ALU-02125;72;Não informado;Sul;2023-01-10
2126;ALU-02126;45;Feminino;Sul;2025-03-16
2127;ALU-02127;64;Feminino;Norte;2022-12-10
2128;ALU-02128;38;Não informado;Leste;2023-09-25
2129;ALU-02129;74;Masculino;Centro;2023-10-07
2130;ALU-02130;16;Não informado;Leste;2023-12-28
2131;ALU-02131;63;Não informado;Oeste;2024-09-23
2132;ALU-02132;65;Feminino;Centro;2024-06-27
2133;ALU-02133;41;Masculino;Leste;2022-12-09
2134;ALU-02134;25;Masculino;Sul;2023-08-10
2135;ALU-02135;44;Não informado;Leste;2024-09-16
2136;ALU-02136;43;Feminino;Oeste;2024-04-06
2137;ALU-02137;45;Masculino;Norte;2025-03-13
2138;ALU-02138;62;Masculino;Sul;2024-02-06
2139;ALU-02139;64;Não informado;Centro;2024-08-10
2140;ALU-02140;44;Feminino;Norte;2023-09-08
2141;ALU-02141;16;Não informado;Sul;2024-11-02
2142;ALU-02142;21;Feminino;Leste;2025-06-21
2143;ALU-02143;40;Masculino;Sul;2023-01-04
2144;ALU-02144;51;Feminino;Leste;2025-02-25
2145;ALU-02145;47;Masculino;Centro;2025-01-22
2146;ALU-02146;45;Masculino;Leste;2024-12-18
2147;ALU-02147;30;Não informado;Centro;2022-11-25
2148;ALU-02148;55;Masculino;Oeste;2025-02-01
2149;ALU-02149;78;Não informado;Leste;2025-05-25
2150;ALU-02150;32;Feminino;Sul;2025-01-18
2151;ALU-02151;67;Masculino;Sul;2023-11-18
2152;ALU-02152;58;Não informado;Sul;2025-03-11
2153;ALU-02153;37;Feminino;Norte;2023-12-06
2154;ALU-02154;35;Não informado;Oeste;2022-11-13
2155;ALU-02155;24;Feminino;Centro;2023-10-16
2156;ALU-02156;32;Masculino;Norte;2022-10-09
2157;ALU-02157;47;Masculino;Norte;2024-09-12
2158;ALU-02158;24;Feminino;Oeste;2023-12-05
2159;ALU-02159;41;Feminino;Norte;2025-05-05
2160;ALU-02160;70;Não informado;Sul;2025-02-17
2161;ALU-02161;61;Não informado;Sul;2023-09-24
2162;ALU-02162;66;Feminino;Norte;2024-05-12
2163;ALU-02163;37;Masculino;Leste;2024-06-28
2164;ALU-02164;29;Masculino;Sul;2023-02-07
2165;ALU-02165;31;Feminino;Oeste;2023-12-30
2166;ALU-02166;28;Masculino;Sul;2025-05-14
2167;ALU-02167;20;Feminino;Norte;2024-09-05
2168;ALU-02168;64;Não informado;Norte;2023-09-25
2169;ALU-02169;15;Não informado;Sul;2025-03-16
2170;ALU-02170;47;Feminino;Leste;2024-10-18
2171;ALU-02171;63;Feminino;Centro;2023-07-14
2172;ALU-02172;29;Feminino;Centro;2023-02-02
2173;ALU-02173;59;Masculino;Sul;2024-02-18
2174;ALU-02174;31;Feminino;Leste;2023-01-25
2175;ALU-02175;72;Feminino;Norte;2024-11-24
2176;ALU-02176;60;Feminino;Norte;2024-02-02
2177;ALU-02177;76;Não informado;Norte;2024-01-15
2178;ALU-02178;26;Masculino;Leste;2022-10-31
2179;ALU-02179;70;Não informado;Sul;2024-05-24
2180;ALU-02180;72;Não informado;Sul;2024-06-07
2181;ALU-02181;43;Masculino;Oeste;2024-09-04
2182;ALU-02182;64;Não informado;Leste;2024-12-05
2183;ALU-02183;17;Não informado;Leste;2025-05-28
2184;ALU-02184;46;Feminino;Sul;2025-06-20
2185;ALU-02185;22;Feminino;Oeste;2024-12-22
2186;ALU-02186;39;Masculino;Centro;2022-11-30
2187;ALU-02187;18;Masculino;Oeste;2024-03-14
2188;ALU-02188;33;Masculino;Centro;2025-06-16
2189;ALU-02189;50;Feminino;Sul;2023-02-05
2190;ALU-02190;38;Não informado;Oeste;2023-03-16
2191;ALU-02191;71;Feminino;Norte;2024-09-12
2192;ALU-02192;16;Não informado;Centro;2025-06-08
2193;ALU-02193;71;Feminino;Sul;2024-10-07
2194;ALU-02194;70;Não informado;Oeste;2024-04-24
2195;ALU-02195;56;Não informado;Sul;2024-04-08
2196;ALU-02196;19;Feminino;Norte;2025-01-23
2197;ALU-02197;16;Feminino;Sul;2024-02-07
2198;ALU-02198;19;Feminino;Leste;2025-02-18
2199;ALU-02199;22;Masculino;Oeste;2025-01-08
2200;ALU-02200;27;Masculino;Centro;2024-11-06
1124;ALU-01124;35;Masculino;Norte;2024-05-04
1755;ALU-01755;37;Não informado;Norte;2025-06-19
443;ALU-00443;60;Masculino;Norte;2023-05-12
2302;ALU-00001;42;Masculino;Oeste;31/02/2026
2303;ALU-00001;-999;Masculino;Oeste;2023-04-17
