equipamento_id;tipo;unidade;criticidade;periodicidade_dias
EQ00001;  Manômetro  ;Jaboticabal;Alta;180
EQ00002;  Micrômetro  ;Joinville;Baixa;365
EQ00003;  Termômetro  ;Joinville;Média;180
EQ00004;  Manômetro  ;Jaboticabal;Baixa;180
EQ00005;Manômetro;Guarulhos;Média;180
EQ00006;Micrômetro;Joinville;Alta;90
EQ00007;Termômetro;Jaboticabal;Média;180
EQ00008;Micrômetro;Guarulhos;Baixa;365
EQ00009;Torquímetro;Guarulhos;Média;90
EQ00010;Termômetro;Joinville;Média;365
EQ00011;Manômetro;Guarulhos;Média;180
EQ00012;Torquímetro;Guarulhos;Média;180
EQ00013;Termômetro;Guarulhos;Baixa;365
EQ00014;Paquímetro;Guarulhos;Alta;365
EQ00015;Micrômetro;Guarulhos;Média;90
EQ00016;Paquímetro;Joinville;Alta;180
EQ00017;Termômetro;Jaboticabal;Média;365
EQ00018;Manômetro;Joinville;Média;180
EQ00019;Balança;Jaboticabal;Baixa;90
EQ00020;Balança;Joinville;Baixa;90
EQ00021;Manômetro;Guarulhos;Baixa;180
EQ00022;Manômetro;Joinville;Baixa;180
EQ00023;Micrômetro;Jaboticabal;Média;365
EQ00024;Manômetro;Joinville;Média;90
EQ00025;Micrômetro;Joinville;Média;365
EQ00026;Balança;Jaboticabal;Alta;90
EQ00027;Manômetro;Jaboticabal;Média;180
EQ00028;Termômetro;Guarulhos;Baixa;180
EQ00029;Paquímetro;Jaboticabal;Baixa;90
EQ00030;Paquímetro;Jaboticabal;Média;180
EQ00031;Torquímetro;Jaboticabal;Alta;180
EQ00032;Manômetro;Joinville;Média;365
EQ00033;Balança;Guarulhos;Média;365
EQ00034;Manômetro;Guarulhos;Baixa;180
EQ00035;Balança;Joinville;Baixa;90
EQ00036;Termômetro;Joinville;Média;90
EQ00037;Micrômetro;Joinville;Média;365
EQ00038;Manômetro;Joinville;Alta;365
EQ00039;Micrômetro;Jaboticabal;Baixa;180
EQ00040;Micrômetro;Guarulhos;Média;90
EQ00041;Micrômetro;Jaboticabal;Média;90
EQ00042;Paquímetro;Jaboticabal;Baixa;180
EQ00043;Termômetro;Guarulhos;Média;180
EQ00044;Manômetro;Jaboticabal;Alta;180
EQ00045;Torquímetro;Jaboticabal;Alta;180
EQ00046;Manômetro;Guarulhos;Média;90
EQ00047;Paquímetro;Jaboticabal;Alta;90
EQ00048;Balança;Jaboticabal;Média;90
EQ00049;Termômetro;Joinville;Baixa;365
EQ00050;Termômetro;Jaboticabal;Média;180
EQ00051;Balança;Jaboticabal;Baixa;180
EQ00052;Balança;Jaboticabal;Média;90
EQ00053;Termômetro;Guarulhos;Alta;90
EQ00054;Termômetro;Jaboticabal;Alta;365
EQ00055;Torquímetro;Guarulhos;Baixa;365
EQ00056;Manômetro;Jaboticabal;Média;180
EQ00057;Micrômetro;Joinville;Alta;365
EQ00058;Torquímetro;Jaboticabal;Média;180
EQ00059;Termômetro;Joinville;Média;90
EQ00060;Paquímetro;Jaboticabal;Alta;180
EQ00061;Termômetro;Joinville;Baixa;365
EQ00062;Manômetro;Guarulhos;Baixa;365
EQ00063;Balança;Guarulhos;Média;90
EQ00064;Paquímetro;Guarulhos;Alta;90
EQ00065;Termômetro;Joinville;Média;365
EQ00066;Micrômetro;Jaboticabal;Média;180
EQ00067;Termômetro;Jaboticabal;Média;90
EQ00068;Balança;Guarulhos;Alta;180
EQ00069;Balança;Jaboticabal;Média;180
EQ00070;Balança;Joinville;Média;90
EQ00071;Balança;Joinville;Média;180
EQ00072;Manômetro;Guarulhos;Média;90
EQ00073;Termômetro;Joinville;Média;90
EQ00074;Micrômetro;Jaboticabal;Alta;365
EQ00075;Paquímetro;Jaboticabal;Baixa;180
EQ00076;Paquímetro;Guarulhos;Baixa;180
EQ00077;Balança;Joinville;Média;365
EQ00078;Paquímetro;Guarulhos;Baixa;180
EQ00079;Balança;Joinville;Média;90
EQ00080;Balança;Jaboticabal;Média;365
EQ00081;Micrômetro;Guarulhos;Média;365
EQ00082;Manômetro;Joinville;Alta;365
EQ00083;Termômetro;Jaboticabal;Média;365
EQ00084;Torquímetro;Joinville;Média;90
EQ00085;Micrômetro;Jaboticabal;Média;180
EQ00086;Paquímetro;Guarulhos;Baixa;90
EQ00087;Manômetro;Guarulhos;Baixa;180
EQ00088;Termômetro;Joinville;Baixa;365
EQ00089;Termômetro;Guarulhos;Média;90
EQ00090;Paquímetro;Joinville;Baixa;365
EQ00091;Manômetro;Joinville;Baixa;90
EQ00092;Torquímetro;Jaboticabal;Média;365
EQ00093;Micrômetro;Joinville;Média;180
EQ00094;Manômetro;Jaboticabal;Média;365
EQ00095;Manômetro;Joinville;Baixa;180
EQ00096;Manômetro;Joinville;Baixa;180
EQ00097;Paquímetro;Guarulhos;Baixa;90
EQ00098;Torquímetro;Jaboticabal;Baixa;365
EQ00099;Manômetro;Jaboticabal;Média;180
EQ00100;Torquímetro;Jaboticabal;Média;90
EQ00101;Micrômetro;Joinville;Média;90
EQ00102;Balança;Guarulhos;Média;180
EQ00103;Balança;Guarulhos;Média;90
EQ00104;Manômetro;Guarulhos;Média;365
EQ00105;Micrômetro;Guarulhos;Média;365
EQ00106;Torquímetro;Joinville;Alta;365
EQ00107;Manômetro;Jaboticabal;Média;90
EQ00108;Manômetro;Joinville;Alta;180
EQ00109;Paquímetro;Jaboticabal;Média;180
EQ00110;Balança;Joinville;Alta;90
EQ00111;Paquímetro;Joinville;Média;180
EQ00112;Termômetro;Jaboticabal;Alta;180
EQ00113;Torquímetro;Jaboticabal;Baixa;180
EQ00114;Termômetro;Jaboticabal;Baixa;180
EQ00115;Paquímetro;Jaboticabal;Alta;180
EQ00116;Manômetro;Guarulhos;Baixa;180
EQ00117;Manômetro;Jaboticabal;Alta;180
EQ00118;Paquímetro;Joinville;Alta;365
EQ00119;Torquímetro;Jaboticabal;Baixa;365
EQ00120;Manômetro;Guarulhos;Alta;180
EQ00121;Micrômetro;Jaboticabal;Média;90
EQ00122;Termômetro;Jaboticabal;Baixa;365
EQ00123;Balança;Guarulhos;Média;365
EQ00124;Torquímetro;Guarulhos;Baixa;90
EQ00125;Balança;Joinville;Alta;365
EQ00126;Termômetro;Joinville;Baixa;180
EQ00127;Paquímetro;Jaboticabal;Média;90
EQ00128;Torquímetro;Jaboticabal;Alta;365
EQ00129;Termômetro;Guarulhos;Média;180
EQ00130;Paquímetro;Guarulhos;Baixa;365
EQ00131;Torquímetro;Guarulhos;Alta;180
EQ00132;Termômetro;Guarulhos;Média;90
EQ00133;Balança;Jaboticabal;Média;365
EQ00134;Paquímetro;Joinville;Média;180
EQ00135;Torquímetro;Jaboticabal;Alta;90
EQ00136;Manômetro;Guarulhos;Alta;365
EQ00137;Paquímetro;Guarulhos;Baixa;180
EQ00138;Micrômetro;Jaboticabal;Alta;365
EQ00139;Torquímetro;Jaboticabal;Média;90
EQ00140;Manômetro;Joinville;Média;365
EQ00141;Manômetro;Guarulhos;Baixa;90
EQ00142;Torquímetro;Guarulhos;Média;365
EQ00143;Paquímetro;Guarulhos;Média;365
EQ00144;Termômetro;Jaboticabal;Média;365
EQ00145;Micrômetro;Guarulhos;Média;90
EQ00146;Torquímetro;Guarulhos;Média;365
EQ00147;Paquímetro;Guarulhos;Média;90
EQ00148;Paquímetro;Jaboticabal;Baixa;365
EQ00149;Manômetro;Guarulhos;Média;365
EQ00150;Manômetro;Guarulhos;Média;180
EQ00151;Termômetro;Guarulhos;Média;365
EQ00152;Torquímetro;Jaboticabal;Alta;180
EQ00153;Termômetro;Guarulhos;Baixa;90
EQ00154;Termômetro;Jaboticabal;Média;90
EQ00155;Micrômetro;Guarulhos;Baixa;90
EQ00156;Torquímetro;Joinville;Baixa;90
EQ00157;Micrômetro;Jaboticabal;Média;90
EQ00158;Micrômetro;Guarulhos;Alta;365
EQ00159;Balança;Jaboticabal;Média;365
EQ00160;Balança;Joinville;Baixa;90
EQ00161;Termômetro;Guarulhos;Alta;90
EQ00162;Termômetro;Joinville;Baixa;180
EQ00163;Manômetro;Joinville;Média;90
EQ00164;Termômetro;Guarulhos;Média;180
EQ00165;Torquímetro;Guarulhos;Baixa;365
EQ00166;Micrômetro;Joinville;Média;180
EQ00167;Termômetro;Jaboticabal;Alta;180
EQ00168;Paquímetro;Jaboticabal;Baixa;365
EQ00169;Micrômetro;Joinville;Média;180
EQ00170;Torquímetro;Guarulhos;Média;90
EQ00171;Manômetro;Jaboticabal;Alta;365
EQ00172;Torquímetro;Guarulhos;Média;90
EQ00173;Balança;Guarulhos;Baixa;180
EQ00174;Termômetro;Jaboticabal;Alta;180
EQ00175;Balança;Guarulhos;Média;90
EQ00176;Torquímetro;Jaboticabal;Média;90
EQ00177;Paquímetro;Jaboticabal;Média;180
EQ00178;Manômetro;Jaboticabal;Média;180
EQ00179;Manômetro;Jaboticabal;Baixa;365
EQ00180;Balança;Joinville;Média;180
EQ00181;Manômetro;Joinville;Média;90
EQ00182;Balança;Jaboticabal;Baixa;365
EQ00183;Micrômetro;Guarulhos;Média;365
EQ00184;Micrômetro;Joinville;Média;90
EQ00185;Termômetro;Guarulhos;Alta;90
EQ00186;Torquímetro;Guarulhos;Média;90
EQ00187;Torquímetro;Jaboticabal;Baixa;180
EQ00188;Termômetro;Jaboticabal;Baixa;365
EQ00189;Torquímetro;Jaboticabal;Baixa;180
EQ00190;Micrômetro;Guarulhos;Baixa;180
EQ00191;Manômetro;Guarulhos;Média;180
EQ00192;Torquímetro;Joinville;Média;180
EQ00193;Paquímetro;Jaboticabal;Média;90
EQ00194;Balança;Guarulhos;Média;365
EQ00195;Balança;Jaboticabal;Alta;90
EQ00196;Termômetro;Jaboticabal;Baixa;90
EQ00197;Micrômetro;Guarulhos;Baixa;180
EQ00198;Manômetro;Jaboticabal;Alta;90
EQ00199;Manômetro;Jaboticabal;Média;365
EQ00200;Paquímetro;Jaboticabal;Média;365
EQ00201;Manômetro;Jaboticabal;Média;365
EQ00202;Termômetro;Joinville;Baixa;180
EQ00203;Manômetro;Jaboticabal;Média;90
EQ00204;Manômetro;Joinville;Baixa;365
EQ00205;Termômetro;Jaboticabal;Média;90
EQ00206;Termômetro;Jaboticabal;Média;365
EQ00207;Termômetro;Joinville;Alta;365
EQ00208;Micrômetro;Guarulhos;Média;180
EQ00209;Balança;Jaboticabal;Baixa;365
EQ00210;Micrômetro;Guarulhos;Média;365
EQ00211;Paquímetro;Jaboticabal;Alta;180
EQ00212;Torquímetro;Jaboticabal;Média;365
EQ00213;Paquímetro;Guarulhos;Média;365
EQ00214;Micrômetro;Guarulhos;Baixa;180
EQ00215;Paquímetro;Guarulhos;Alta;90
EQ00216;Manômetro;Jaboticabal;Alta;180
EQ00217;Micrômetro;Guarulhos;Média;90
EQ00218;Micrômetro;Guarulhos;Baixa;365
EQ00219;Micrômetro;Joinville;Baixa;365
EQ00220;Termômetro;Joinville;Baixa;365
EQ00221;Paquímetro;Joinville;Alta;90
EQ00222;Paquímetro;Jaboticabal;Baixa;90
EQ00223;Micrômetro;Joinville;Alta;180
EQ00224;Termômetro;Guarulhos;Média;180
EQ00225;Balança;Joinville;Média;365
EQ00226;Torquímetro;Guarulhos;Baixa;365
EQ00227;Torquímetro;Joinville;Baixa;180
EQ00228;Manômetro;Joinville;Média;365
EQ00229;Paquímetro;Jaboticabal;Alta;365
EQ00230;Torquímetro;Jaboticabal;Alta;180
EQ00231;Termômetro;Guarulhos;Média;90
EQ00232;Paquímetro;Jaboticabal;Baixa;180
EQ00233;Termômetro;Joinville;Alta;365
EQ00234;Balança;Joinville;Baixa;365
EQ00235;Manômetro;Guarulhos;Média;90
EQ00236;Manômetro;Joinville;Baixa;90
EQ00237;Paquímetro;Joinville;Baixa;180
EQ00238;Paquímetro;Joinville;Alta;180
EQ00239;Micrômetro;Joinville;Média;365
EQ00240;Balança;Jaboticabal;Alta;90
EQ00241;Manômetro;Jaboticabal;Baixa;90
EQ00242;Paquímetro;Joinville;Média;180
EQ00243;Micrômetro;Jaboticabal;Baixa;90
EQ00244;Manômetro;Guarulhos;Baixa;180
EQ00245;Manômetro;Joinville;Alta;180
EQ00246;Micrômetro;Joinville;Baixa;365
EQ00247;Paquímetro;Joinville;Baixa;180
EQ00248;Balança;Joinville;Média;365
EQ00249;Micrômetro;Guarulhos;Baixa;90
EQ00250;Paquímetro;Guarulhos;Média;365
EQ00251;Manômetro;Guarulhos;Média;365
EQ00252;Paquímetro;Jaboticabal;Média;180
EQ00253;Micrômetro;Guarulhos;Média;180
EQ00254;Torquímetro;Joinville;Baixa;90
EQ00255;Torquímetro;Jaboticabal;Baixa;90
EQ00256;Micrômetro;Joinville;Alta;180
EQ00257;Paquímetro;Joinville;Média;365
EQ00258;Torquímetro;Joinville;Baixa;180
EQ00259;Paquímetro;Joinville;Média;365
EQ00260;Micrômetro;Guarulhos;Média;365
EQ00261;Balança;Guarulhos;Baixa;90
EQ00262;Torquímetro;Joinville;Alta;180
EQ00263;Paquímetro;Jaboticabal;Baixa;180
EQ00264;Paquímetro;Jaboticabal;Média;365
EQ00265;Manômetro;Guarulhos;Média;90
EQ00266;Torquímetro;Jaboticabal;Baixa;90
EQ00267;Balança;Joinville;Baixa;90
EQ00268;Balança;Guarulhos;Baixa;180
EQ00269;Torquímetro;Guarulhos;Baixa;365
EQ00270;Torquímetro;Guarulhos;Baixa;90
EQ00271;Balança;Jaboticabal;Média;365
EQ00272;Balança;Jaboticabal;Alta;365
EQ00273;Paquímetro;Joinville;Baixa;180
EQ00274;Paquímetro;Joinville;Média;365
EQ00275;Termômetro;Guarulhos;Média;90
EQ00276;Micrômetro;Joinville;Alta;90
EQ00277;Paquímetro;Guarulhos;Média;365
EQ00278;Manômetro;Jaboticabal;Baixa;180
EQ00279;Manômetro;Joinville;Média;180
EQ00280;Micrômetro;Joinville;Alta;180
EQ00281;Termômetro;Jaboticabal;Média;365
EQ00282;Balança;Jaboticabal;Alta;90
EQ00283;Balança;Guarulhos;Baixa;180
EQ00284;Balança;Jaboticabal;Alta;90
EQ00285;Manômetro;Joinville;Média;90
EQ00286;Manômetro;Jaboticabal;Baixa;365
EQ00287;Micrômetro;Jaboticabal;Baixa;180
EQ00288;Balança;Jaboticabal;Média;365
EQ00289;Manômetro;Joinville;Alta;365
EQ00290;Balança;Guarulhos;Baixa;180
EQ00291;Manômetro;Guarulhos;Média;180
EQ00292;Paquímetro;Guarulhos;Alta;365
EQ00293;Micrômetro;Joinville;Média;365
EQ00294;Paquímetro;Joinville;Alta;365
EQ00295;Micrômetro;Guarulhos;Média;90
EQ00296;Micrômetro;Guarulhos;Alta;180
EQ00297;Micrômetro;Jaboticabal;Média;90
EQ00298;Torquímetro;Joinville;Média;365
EQ00299;Paquímetro;Guarulhos;Média;90
EQ00300;Manômetro;Guarulhos;Alta;365
EQ00301;Termômetro;Guarulhos;Alta;90
EQ00302;Paquímetro;Guarulhos;Média;90
EQ00303;Torquímetro;Jaboticabal;Média;365
EQ00304;Balança;Joinville;Alta;365
EQ00305;Termômetro;Jaboticabal;Alta;180
EQ00306;Balança;Jaboticabal;Média;90
EQ00307;Termômetro;Joinville;Média;365
EQ00308;Paquímetro;Guarulhos;Média;365
EQ00309;Micrômetro;Jaboticabal;Alta;180
EQ00310;Balança;Joinville;Alta;365
EQ00311;Termômetro;Guarulhos;Baixa;365
EQ00312;Micrômetro;Joinville;Média;365
EQ00313;Torquímetro;Joinville;Alta;180
EQ00314;Paquímetro;Jaboticabal;Baixa;90
EQ00315;Termômetro;Jaboticabal;Média;365
EQ00316;Balança;Guarulhos;Alta;90
EQ00317;Micrômetro;Jaboticabal;Média;90
EQ00318;Balança;Joinville;Média;90
EQ00319;Manômetro;Joinville;Média;180
EQ00320;Micrômetro;Joinville;Média;365
EQ00321;Termômetro;Joinville;Baixa;90
EQ00322;Paquímetro;Joinville;Alta;180
EQ00323;Torquímetro;Jaboticabal;Alta;180
EQ00324;Manômetro;Jaboticabal;Baixa;365
EQ00325;Micrômetro;Guarulhos;Baixa;365
EQ00326;Termômetro;Jaboticabal;Baixa;90
EQ00327;Micrômetro;Jaboticabal;Alta;365
EQ00328;Paquímetro;Joinville;Média;365
EQ00329;Torquímetro;Joinville;Média;365
EQ00330;Paquímetro;Guarulhos;Baixa;365
EQ00331;Manômetro;Joinville;Média;90
EQ00332;Torquímetro;Jaboticabal;Baixa;180
EQ00333;Torquímetro;Jaboticabal;Baixa;90
EQ00334;Manômetro;Joinville;Média;90
EQ00335;Paquímetro;Guarulhos;Alta;90
EQ00336;Manômetro;Jaboticabal;Média;180
EQ00337;Termômetro;Guarulhos;Média;180
EQ00338;Balança;Joinville;Média;180
EQ00339;Micrômetro;Jaboticabal;Média;180
EQ00340;Torquímetro;Jaboticabal;Média;90
EQ00341;Termômetro;Joinville;Alta;365
EQ00342;Paquímetro;Joinville;Média;90
EQ00343;Torquímetro;Jaboticabal;Média;180
EQ00344;Torquímetro;Jaboticabal;Baixa;180
EQ00345;Balança;Jaboticabal;Baixa;180
EQ00346;Manômetro;Joinville;Média;180
EQ00347;Manômetro;Jaboticabal;Baixa;180
EQ00348;Manômetro;Joinville;Alta;180
EQ00349;Paquímetro;Jaboticabal;Alta;365
EQ00350;Micrômetro;Jaboticabal;Média;365
EQ00351;Termômetro;Joinville;Alta;365
EQ00352;Paquímetro;Jaboticabal;Baixa;90
EQ00353;Micrômetro;Joinville;Média;365
EQ00354;Paquímetro;Jaboticabal;Baixa;180
EQ00355;Micrômetro;Jaboticabal;Baixa;365
EQ00356;Balança;Joinville;Baixa;180
EQ00357;Manômetro;Jaboticabal;Baixa;365
EQ00358;Manômetro;Joinville;Baixa;180
EQ00359;Balança;Joinville;Média;365
EQ00360;Paquímetro;Guarulhos;Baixa;365
EQ00361;Paquímetro;Joinville;Média;90
EQ00362;Micrômetro;Guarulhos;Baixa;365
EQ00363;Paquímetro;Guarulhos;Alta;365
EQ00364;Manômetro;Guarulhos;Média;180
EQ00365;Balança;Joinville;Baixa;90
EQ00366;Paquímetro;Joinville;Baixa;180
EQ00367;Balança;Guarulhos;Baixa;365
EQ00368;Paquímetro;Guarulhos;Média;90
EQ00369;Balança;Joinville;Baixa;365
EQ00370;Balança;Jaboticabal;Alta;90
EQ00371;Termômetro;Joinville;Baixa;365
EQ00372;Manômetro;Jaboticabal;Alta;365
EQ00373;Termômetro;Joinville;Baixa;180
EQ00374;Torquímetro;Joinville;Média;180
EQ00375;Torquímetro;Jaboticabal;Baixa;90
EQ00376;Termômetro;Guarulhos;Média;180
EQ00377;Manômetro;Jaboticabal;Baixa;180
EQ00378;Balança;Joinville;Média;180
EQ00379;Micrômetro;Joinville;Média;180
EQ00380;Balança;Guarulhos;Média;90
EQ00381;Balança;Guarulhos;Média;365
EQ00382;Termômetro;Joinville;Média;90
EQ00383;Manômetro;Jaboticabal;Baixa;180
EQ00384;Torquímetro;Joinville;Baixa;90
EQ00385;Balança;Guarulhos;Média;365
EQ00386;Manômetro;Guarulhos;Baixa;365
EQ00387;Paquímetro;Joinville;Média;90
EQ00388;Manômetro;Joinville;Baixa;365
EQ00389;Torquímetro;Guarulhos;Média;90
EQ00390;Balança;Guarulhos;Alta;180
EQ00391;Torquímetro;Guarulhos;Média;180
EQ00392;Manômetro;Jaboticabal;Alta;365
EQ00393;Termômetro;Guarulhos;Baixa;365
EQ00394;Micrômetro;Jaboticabal;Baixa;365
EQ00395;Balança;Guarulhos;Média;365
EQ00396;Paquímetro;Guarulhos;Baixa;180
EQ00397;Micrômetro;Joinville;Alta;90
EQ00398;Balança;Guarulhos;Média;365
EQ00399;Torquímetro;Jaboticabal;Média;90
EQ00400;Termômetro;Guarulhos;Baixa;180
EQ00401;Termômetro;Joinville;Baixa;90
EQ00402;Paquímetro;Jaboticabal;Baixa;90
EQ00403;Micrômetro;Jaboticabal;Baixa;180
EQ00404;Balança;Joinville;Média;90
EQ00405;Torquímetro;Joinville;Baixa;90
EQ00406;Micrômetro;Joinville;Alta;90
EQ00407;Manômetro;Jaboticabal;Alta;90
EQ00408;Micrômetro;Guarulhos;Média;90
EQ00409;Balança;Guarulhos;Alta;180
EQ00410;Manômetro;Guarulhos;Baixa;365
EQ00411;Termômetro;Jaboticabal;Baixa;180
EQ00412;Torquímetro;Guarulhos;Média;180
EQ00413;Termômetro;Jaboticabal;Média;365
EQ00414;Balança;Guarulhos;Baixa;90
EQ00415;Paquímetro;Joinville;Média;180
EQ00416;Balança;Joinville;Alta;365
EQ00417;Manômetro;Jaboticabal;Alta;90
EQ00418;Paquímetro;Jaboticabal;Baixa;365
EQ00419;Termômetro;Guarulhos;Alta;365
EQ00420;Termômetro;Joinville;Média;180
EQ00421;Paquímetro;Guarulhos;Alta;365
EQ00422;Micrômetro;Jaboticabal;Alta;180
EQ00423;Torquímetro;Joinville;Baixa;180
EQ00424;Manômetro;Joinville;Média;365
EQ00425;Balança;Guarulhos;Média;365
EQ00426;Torquímetro;Joinville;Alta;90
EQ00427;Paquímetro;Guarulhos;Alta;90
EQ00428;Micrômetro;Jaboticabal;Média;180
EQ00429;Termômetro;Guarulhos;Média;180
EQ00430;Micrômetro;Jaboticabal;Média;365
EQ00431;Manômetro;Jaboticabal;Média;365
EQ00432;Termômetro;Joinville;Alta;365
EQ00433;Balança;Guarulhos;Média;365
EQ00434;Balança;Joinville;Alta;180
EQ00435;Paquímetro;Joinville;Média;365
EQ00436;Termômetro;Guarulhos;Baixa;90
EQ00437;Balança;Joinville;Média;365
EQ00438;Manômetro;Jaboticabal;Média;180
EQ00439;Micrômetro;Jaboticabal;Média;365
EQ00440;Termômetro;Jaboticabal;Alta;90
EQ00441;Torquímetro;Joinville;Alta;180
EQ00442;Termômetro;Joinville;Baixa;90
EQ00443;Termômetro;Jaboticabal;Média;90
EQ00444;Termômetro;Guarulhos;Média;180
EQ00445;Termômetro;Guarulhos;Média;365
EQ00446;Paquímetro;Guarulhos;Média;365
EQ00447;Balança;Jaboticabal;Média;365
EQ00448;Paquímetro;Jaboticabal;Média;90
EQ00449;Manômetro;Joinville;Média;180
EQ00450;Paquímetro;Jaboticabal;Média;180
EQ00451;Termômetro;Guarulhos;Média;90
EQ00452;Balança;Joinville;Baixa;90
EQ00453;Termômetro;Joinville;Alta;365
EQ00454;Micrômetro;Jaboticabal;Média;180
EQ00455;Termômetro;Jaboticabal;Média;90
EQ00456;Balança;Joinville;Alta;180
EQ00457;Paquímetro;Jaboticabal;Média;180
EQ00458;Torquímetro;Guarulhos;Alta;180
EQ00459;Termômetro;Guarulhos;Alta;365
EQ00460;Balança;Jaboticabal;Alta;90
EQ00461;Paquímetro;Jaboticabal;Média;90
EQ00462;Termômetro;Joinville;Média;365
EQ00463;Micrômetro;Joinville;Média;90
EQ00464;Micrômetro;Guarulhos;Baixa;180
EQ00465;Termômetro;Joinville;Alta;365
EQ00466;Balança;Jaboticabal;Alta;90
EQ00467;Micrômetro;Guarulhos;Baixa;90
EQ00468;Paquímetro;Joinville;Média;365
EQ00469;Manômetro;Guarulhos;Baixa;365
EQ00470;Micrômetro;Jaboticabal;Baixa;180
EQ00471;Balança;Guarulhos;Baixa;180
EQ00472;Manômetro;Joinville;Média;365
EQ00473;Torquímetro;Joinville;Média;365
EQ00474;Torquímetro;Joinville;Baixa;180
EQ00475;Balança;Guarulhos;Alta;90
EQ00476;Micrômetro;Guarulhos;Baixa;365
EQ00477;Torquímetro;Guarulhos;Baixa;365
EQ00478;Paquímetro;Guarulhos;Média;90
EQ00479;Paquímetro;Guarulhos;Baixa;180
EQ00480;Manômetro;Guarulhos;Média;365
EQ00481;Paquímetro;Joinville;Média;365
EQ00482;Torquímetro;Guarulhos;Média;180
EQ00483;Torquímetro;Jaboticabal;Baixa;90
EQ00484;Manômetro;Guarulhos;Média;180
EQ00485;Torquímetro;Jaboticabal;Média;90
EQ00486;Manômetro;Jaboticabal;Média;365
EQ00487;Balança;Guarulhos;Média;180
EQ00488;Torquímetro;Guarulhos;Baixa;90
EQ00489;Paquímetro;Joinville;Baixa;365
EQ00490;Manômetro;Jaboticabal;Média;180
EQ00491;Termômetro;Jaboticabal;Baixa;90
EQ00492;Termômetro;Guarulhos;Alta;90
EQ00493;Termômetro;Joinville;Alta;180
EQ00494;Manômetro;Joinville;Média;365
EQ00495;Manômetro;Joinville;Baixa;365
EQ00496;Balança;Jaboticabal;Alta;90
EQ00497;Torquímetro;Guarulhos;Alta;365
EQ00498;Torquímetro;Guarulhos;Média;90
EQ00499;Paquímetro;Joinville;Baixa;365
EQ00500;Manômetro;Joinville;Média;90
EQ00501;Paquímetro;Joinville;Baixa;365
EQ00502;Torquímetro;Jaboticabal;Média;365
EQ00503;Balança;Jaboticabal;Baixa;90
EQ00504;Paquímetro;Guarulhos;Média;180
EQ00505;Termômetro;Guarulhos;Média;90
EQ00506;Termômetro;Guarulhos;Baixa;90
EQ00507;Termômetro;Jaboticabal;Média;365
EQ00508;Paquímetro;Guarulhos;Média;180
EQ00509;Torquímetro;Jaboticabal;Alta;365
EQ00510;Manômetro;Guarulhos;Baixa;90
EQ00511;Balança;Jaboticabal;Média;180
EQ00512;Torquímetro;Jaboticabal;Média;365
EQ00513;Torquímetro;Joinville;Baixa;90
EQ00514;Micrômetro;Joinville;Média;180
EQ00515;Manômetro;Jaboticabal;Alta;90
EQ00516;Manômetro;Jaboticabal;Alta;90
EQ00517;Torquímetro;Joinville;Média;180
EQ00518;Micrômetro;Joinville;Média;365
EQ00519;Paquímetro;Guarulhos;Média;90
EQ00520;Balança;Jaboticabal;Média;365
EQ00521;Manômetro;Guarulhos;Média;365
EQ00522;Balança;Guarulhos;Média;180
EQ00523;Termômetro;Joinville;Média;365
EQ00524;Manômetro;Guarulhos;Média;180
EQ00525;Micrômetro;Joinville;Média;90
EQ00526;Manômetro;Guarulhos;Média;365
EQ00527;Micrômetro;Jaboticabal;Média;365
EQ00528;Termômetro;Guarulhos;Média;90
EQ00529;Paquímetro;Jaboticabal;Média;180
EQ00530;Paquímetro;Joinville;Média;180
EQ00531;Paquímetro;Jaboticabal;Média;90
EQ00532;Termômetro;Jaboticabal;Média;365
EQ00533;Micrômetro;Joinville;Baixa;365
EQ00534;Paquímetro;Jaboticabal;Alta;180
EQ00535;Termômetro;Guarulhos;Baixa;180
EQ00536;Termômetro;Joinville;Média;180
EQ00537;Micrômetro;Guarulhos;Alta;90
EQ00538;Torquímetro;Guarulhos;Baixa;180
EQ00539;Balança;Jaboticabal;Média;90
EQ00540;Micrômetro;Jaboticabal;Média;90
EQ00541;Paquímetro;Jaboticabal;Média;90
EQ00542;Micrômetro;Guarulhos;Média;180
EQ00543;Micrômetro;Joinville;Baixa;90
EQ00544;Micrômetro;Guarulhos;Média;180
EQ00545;Balança;Joinville;Baixa;180
EQ00546;Torquímetro;Guarulhos;Média;90
EQ00547;Termômetro;Guarulhos;Alta;180
EQ00548;Paquímetro;Joinville;Média;365
EQ00549;Paquímetro;Jaboticabal;Média;180
EQ00550;Paquímetro;Jaboticabal;Média;365
EQ00551;Torquímetro;Jaboticabal;Baixa;180
EQ00552;Termômetro;Jaboticabal;Baixa;90
EQ00553;Torquímetro;Jaboticabal;Alta;180
EQ00554;Paquímetro;Joinville;Baixa;90
EQ00555;Manômetro;Jaboticabal;Média;180
EQ00556;Torquímetro;Guarulhos;Média;180
EQ00557;Paquímetro;Jaboticabal;Média;365
EQ00558;Termômetro;Joinville;Média;365
EQ00559;Termômetro;Jaboticabal;Média;90
EQ00560;Manômetro;Guarulhos;Média;365
EQ00561;Micrômetro;Jaboticabal;Média;365
EQ00562;Torquímetro;Guarulhos;Média;90
EQ00563;Manômetro;Joinville;Média;180
EQ00564;Balança;Guarulhos;Alta;90
EQ00565;Manômetro;Joinville;Baixa;365
EQ00566;Termômetro;Joinville;Baixa;90
EQ00567;Micrômetro;Guarulhos;Média;365
EQ00568;Torquímetro;Joinville;Média;180
EQ00569;Torquímetro;Jaboticabal;Baixa;180
EQ00570;Termômetro;Jaboticabal;Média;90
EQ00571;Micrômetro;Guarulhos;Alta;90
EQ00572;Micrômetro;Guarulhos;Alta;90
EQ00573;Balança;Jaboticabal;Alta;180
EQ00574;Micrômetro;Guarulhos;Média;180
EQ00575;Micrômetro;Joinville;Alta;365
EQ00576;Termômetro;Guarulhos;Baixa;180
EQ00577;Manômetro;Guarulhos;Alta;365
EQ00578;Termômetro;Jaboticabal;Média;90
EQ00579;Paquímetro;Jaboticabal;Média;180
EQ00580;Termômetro;Jaboticabal;Baixa;365
EQ00581;Balança;Guarulhos;Média;180
EQ00582;Paquímetro;Jaboticabal;Baixa;90
EQ00583;Micrômetro;Guarulhos;Alta;180
EQ00584;Torquímetro;Jaboticabal;Média;90
EQ00585;Balança;Joinville;Média;90
EQ00586;Manômetro;Guarulhos;Baixa;365
EQ00587;Balança;Joinville;Média;365
EQ00588;Micrômetro;Guarulhos;Baixa;90
EQ00589;Termômetro;Guarulhos;Média;90
EQ00590;Micrômetro;Jaboticabal;Média;180
EQ00591;Micrômetro;Jaboticabal;Média;365
EQ00592;Termômetro;Jaboticabal;Média;180
EQ00593;Paquímetro;Jaboticabal;Baixa;365
EQ00594;Micrômetro;Jaboticabal;Alta;365
EQ00595;Balança;Guarulhos;Média;180
EQ00596;Paquímetro;Guarulhos;Alta;365
EQ00597;Micrômetro;Joinville;Baixa;365
EQ00598;Torquímetro;Jaboticabal;Média;365
EQ00599;Micrômetro;Jaboticabal;Baixa;180
EQ00600;Termômetro;Guarulhos;Média;180
EQ00601;Micrômetro;Jaboticabal;Média;365
EQ00602;Balança;Guarulhos;Média;365
EQ00603;Paquímetro;Guarulhos;Alta;365
EQ00604;Paquímetro;Guarulhos;Alta;90
EQ00605;Torquímetro;Guarulhos;Média;365
EQ00606;Torquímetro;Jaboticabal;Alta;90
EQ00607;Termômetro;Joinville;Média;90
EQ00608;Balança;Joinville;Média;180
EQ00609;Paquímetro;Joinville;Baixa;90
EQ00610;Paquímetro;Joinville;Baixa;365
EQ00611;Manômetro;Joinville;Média;90
EQ00612;Torquímetro;Joinville;Média;90
EQ00613;Balança;Joinville;Baixa;365
EQ00614;Torquímetro;Guarulhos;Baixa;90
EQ00615;Manômetro;Guarulhos;Média;365
EQ00616;Manômetro;Guarulhos;Média;180
EQ00617;Torquímetro;Jaboticabal;Média;365
EQ00618;Termômetro;Guarulhos;Média;365
EQ00619;Termômetro;Joinville;Média;365
EQ00620;Micrômetro;Joinville;Média;90
EQ00621;Manômetro;Guarulhos;Média;90
EQ00622;Torquímetro;Joinville;Média;180
EQ00623;Termômetro;Guarulhos;Alta;365
EQ00624;Torquímetro;Joinville;Alta;365
EQ00625;Balança;Guarulhos;Alta;365
EQ00626;Torquímetro;Guarulhos;Média;365
EQ00627;Balança;Jaboticabal;Baixa;90
EQ00628;Termômetro;Joinville;Baixa;365
EQ00629;Paquímetro;Jaboticabal;Baixa;180
EQ00630;Micrômetro;Guarulhos;Média;180
EQ00631;Paquímetro;Guarulhos;Média;365
EQ00632;Manômetro;Jaboticabal;Média;365
EQ00633;Manômetro;Jaboticabal;Alta;180
EQ00634;Balança;Guarulhos;Média;90
EQ00635;Torquímetro;Joinville;Média;365
EQ00636;Termômetro;Jaboticabal;Média;365
EQ00637;Paquímetro;Joinville;Média;180
EQ00638;Torquímetro;Guarulhos;Média;180
EQ00639;Micrômetro;Joinville;Média;180
EQ00640;Termômetro;Joinville;Alta;90
EQ00641;Torquímetro;Guarulhos;Média;180
EQ00642;Balança;Jaboticabal;Média;180
EQ00643;Balança;Joinville;Alta;365
EQ00644;Balança;Guarulhos;Alta;180
EQ00645;Torquímetro;Joinville;Média;365
EQ00646;Manômetro;Jaboticabal;Alta;180
EQ00647;Manômetro;Joinville;Alta;90
EQ00648;Balança;Joinville;Média;90
EQ00649;Paquímetro;Joinville;Baixa;180
EQ00650;Micrômetro;Guarulhos;Alta;365
EQ00651;Termômetro;Guarulhos;Alta;365
EQ00652;Balança;Joinville;Baixa;365
EQ00653;Termômetro;Jaboticabal;Média;365
EQ00654;Torquímetro;Jaboticabal;Alta;365
EQ00655;Paquímetro;Jaboticabal;Média;90
EQ00656;Paquímetro;Jaboticabal;Média;90
EQ00657;Paquímetro;Jaboticabal;Média;180
EQ00658;Balança;Joinville;Média;90
EQ00659;Micrômetro;Joinville;Média;365
EQ00660;Manômetro;Jaboticabal;Alta;365
EQ00661;Balança;Joinville;Alta;180
EQ00662;Manômetro;Guarulhos;Média;365
EQ00663;Torquímetro;Jaboticabal;Média;180
EQ00664;Micrômetro;Guarulhos;Alta;90
EQ00665;Paquímetro;Guarulhos;Baixa;90
EQ00666;Paquímetro;Guarulhos;Baixa;90
EQ00667;Paquímetro;Guarulhos;Alta;180
EQ00668;Torquímetro;Guarulhos;Média;180
EQ00669;Manômetro;Guarulhos;Alta;180
EQ00670;Manômetro;Joinville;Média;365
EQ00671;Termômetro;Guarulhos;Média;180
EQ00672;Manômetro;Jaboticabal;Baixa;180
EQ00673;Manômetro;Jaboticabal;Baixa;365
EQ00674;Torquímetro;Joinville;Baixa;365
EQ00675;Paquímetro;Joinville;Baixa;180
EQ00676;Micrômetro;Joinville;Alta;90
EQ00677;Termômetro;Joinville;Média;365
EQ00678;Micrômetro;Guarulhos;Alta;90
EQ00679;Termômetro;Jaboticabal;Média;365
EQ00680;Micrômetro;Guarulhos;Média;180
EQ00681;Paquímetro;Guarulhos;Média;90
EQ00682;Paquímetro;Guarulhos;Média;90
EQ00683;Torquímetro;Joinville;Média;180
EQ00684;Torquímetro;Joinville;Média;90
EQ00685;Balança;Joinville;Média;90
EQ00686;Manômetro;Jaboticabal;Alta;180
EQ00687;Torquímetro;Joinville;Baixa;365
EQ00688;Termômetro;Guarulhos;Média;365
EQ00689;Paquímetro;Jaboticabal;Média;90
EQ00690;Termômetro;Guarulhos;Alta;90
EQ00691;Manômetro;Jaboticabal;Alta;90
EQ00692;Balança;Jaboticabal;Baixa;90
EQ00693;Termômetro;Guarulhos;Média;180
EQ00694;Balança;Jaboticabal;Média;365
EQ00695;Paquímetro;Guarulhos;Média;365
EQ00696;Manômetro;Jaboticabal;Alta;90
EQ00697;Paquímetro;Guarulhos;Alta;90
EQ00698;Micrômetro;Jaboticabal;Média;90
EQ00699;Paquímetro;Jaboticabal;Média;365
EQ00700;Paquímetro;Joinville;Baixa;180
EQ00701;Torquímetro;Guarulhos;Baixa;90
EQ00702;Paquímetro;Guarulhos;Média;180
EQ00703;Balança;Guarulhos;Média;365
EQ00704;Torquímetro;Jaboticabal;Alta;90
EQ00705;Manômetro;Joinville;Baixa;365
EQ00706;Torquímetro;Joinville;Baixa;365
EQ00707;Termômetro;Joinville;Alta;90
EQ00708;Balança;Joinville;Média;365
EQ00709;Manômetro;Guarulhos;Alta;365
EQ00710;Manômetro;Joinville;Alta;90
EQ00711;Torquímetro;Joinville;Média;90
EQ00712;Torquímetro;Joinville;Média;90
EQ00713;Termômetro;Guarulhos;Baixa;90
EQ00714;Termômetro;Jaboticabal;Baixa;180
EQ00715;Balança;Guarulhos;Média;90
EQ00716;Torquímetro;Guarulhos;Alta;180
EQ00717;Micrômetro;Joinville;Alta;180
EQ00718;Micrômetro;Joinville;Média;365
EQ00719;Torquímetro;Guarulhos;Média;180
EQ00720;Micrômetro;Guarulhos;Média;365
EQ00721;Manômetro;Joinville;Média;365
EQ00722;Manômetro;Joinville;Média;365
EQ00723;Manômetro;Jaboticabal;Média;90
EQ00724;Termômetro;Joinville;Média;180
EQ00725;Micrômetro;Guarulhos;Média;365
EQ00726;Micrômetro;Jaboticabal;Alta;90
EQ00727;Paquímetro;Joinville;Alta;180
EQ00728;Manômetro;Joinville;Baixa;180
EQ00729;Torquímetro;Guarulhos;Alta;180
EQ00730;Torquímetro;Guarulhos;Média;90
EQ00731;Paquímetro;Jaboticabal;Média;365
EQ00732;Manômetro;Guarulhos;Média;365
EQ00733;Balança;Guarulhos;Média;180
EQ00734;Manômetro;Joinville;Baixa;180
EQ00735;Paquímetro;Guarulhos;Média;90
EQ00736;Paquímetro;Guarulhos;Baixa;365
EQ00737;Manômetro;Guarulhos;Baixa;180
EQ00738;Micrômetro;Jaboticabal;Média;90
EQ00739;Paquímetro;Guarulhos;Média;180
EQ00740;Balança;Joinville;Alta;365
EQ00741;Torquímetro;Jaboticabal;Baixa;90
EQ00742;Paquímetro;Jaboticabal;Alta;90
EQ00743;Paquímetro;Jaboticabal;Média;90
EQ00744;Torquímetro;Joinville;Média;90
EQ00745;Balança;Guarulhos;Média;365
EQ00746;Termômetro;Jaboticabal;Média;90
EQ00747;Manômetro;Joinville;Média;180
EQ00748;Micrômetro;Jaboticabal;Média;180
EQ00749;Manômetro;Joinville;Alta;90
EQ00750;Paquímetro;Jaboticabal;Média;90
EQ00751;Torquímetro;Joinville;Média;90
EQ00752;Balança;Jaboticabal;Alta;365
EQ00753;Termômetro;Jaboticabal;Alta;180
EQ00754;Balança;Joinville;Média;365
EQ00755;Micrômetro;Joinville;Baixa;90
EQ00756;Manômetro;Guarulhos;Alta;365
EQ00757;Manômetro;Guarulhos;Baixa;365
EQ00758;Paquímetro;Guarulhos;Média;365
EQ00759;Manômetro;Guarulhos;Alta;180
EQ00760;Micrômetro;Joinville;Média;365
EQ00761;Balança;Joinville;Média;180
EQ00762;Torquímetro;Joinville;Baixa;90
EQ00763;Torquímetro;Guarulhos;Alta;90
EQ00764;Termômetro;Joinville;Média;365
EQ00765;Termômetro;Joinville;Baixa;180
EQ00766;Micrômetro;Jaboticabal;Média;180
EQ00767;Termômetro;Jaboticabal;Média;180
EQ00768;Paquímetro;Jaboticabal;Alta;180
EQ00769;Micrômetro;Jaboticabal;Média;90
EQ00770;Manômetro;Joinville;Baixa;365
EQ00771;Micrômetro;Guarulhos;Baixa;180
EQ00772;Micrômetro;Jaboticabal;Média;365
EQ00773;Paquímetro;Joinville;Baixa;180
EQ00774;Torquímetro;Jaboticabal;Média;90
EQ00775;Micrômetro;Guarulhos;Média;365
EQ00776;Paquímetro;Guarulhos;Alta;365
EQ00777;Termômetro;Jaboticabal;Baixa;365
EQ00778;Balança;Guarulhos;Média;90
EQ00779;Micrômetro;Joinville;Média;365
EQ00780;Torquímetro;Guarulhos;Média;180
EQ00781;Manômetro;Guarulhos;Média;180
EQ00782;Balança;Guarulhos;Média;365
EQ00783;Balança;Guarulhos;Baixa;365
EQ00784;Micrômetro;Guarulhos;Baixa;365
EQ00785;Micrômetro;Guarulhos;Baixa;365
EQ00786;Micrômetro;Jaboticabal;Alta;365
EQ00787;Termômetro;Joinville;Média;180
EQ00788;Torquímetro;Joinville;Média;365
EQ00789;Torquímetro;Jaboticabal;Média;365
EQ00790;Micrômetro;Jaboticabal;Baixa;365
EQ00791;Micrômetro;Guarulhos;Baixa;180
EQ00792;Manômetro;Joinville;Baixa;90
EQ00793;Manômetro;Joinville;Baixa;90
EQ00794;Paquímetro;Jaboticabal;Média;180
EQ00795;Torquímetro;Jaboticabal;Média;180
EQ00796;Manômetro;Guarulhos;Média;90
EQ00797;Torquímetro;Joinville;Alta;365
EQ00798;Termômetro;Joinville;Baixa;180
EQ00799;Balança;Jaboticabal;Média;90
EQ00800;Termômetro;Joinville;Média;90
EQ00801;Balança;Jaboticabal;Alta;90
EQ00802;Manômetro;Joinville;Média;180
EQ00803;Termômetro;Jaboticabal;Média;180
EQ00804;Manômetro;Jaboticabal;Baixa;180
EQ00805;Balança;Jaboticabal;Baixa;180
EQ00806;Micrômetro;Jaboticabal;Média;180
EQ00807;Termômetro;Joinville;Alta;90
EQ00808;Paquímetro;Guarulhos;Baixa;90
EQ00809;Paquímetro;Joinville;Média;365
EQ00810;Micrômetro;Jaboticabal;Baixa;180
EQ00811;Termômetro;Guarulhos;Média;90
EQ00812;Torquímetro;Joinville;Alta;90
EQ00813;Termômetro;Joinville;Alta;90
EQ00814;Micrômetro;Guarulhos;Média;90
EQ00815;Manômetro;Joinville;Média;365
EQ00816;Micrômetro;Jaboticabal;Média;90
EQ00817;Manômetro;Jaboticabal;Baixa;180
EQ00818;Torquímetro;Joinville;Alta;180
EQ00819;Paquímetro;Jaboticabal;Baixa;365
EQ00820;Manômetro;Jaboticabal;Média;180
EQ00821;Micrômetro;Guarulhos;Média;180
EQ00822;Termômetro;Joinville;Alta;90
EQ00823;Torquímetro;Joinville;Média;90
EQ00824;Manômetro;Joinville;Média;365
EQ00825;Termômetro;Joinville;Média;365
EQ00826;Termômetro;Jaboticabal;Média;90
EQ00827;Paquímetro;Joinville;Média;180
EQ00828;Paquímetro;Jaboticabal;Média;180
EQ00829;Balança;Jaboticabal;Baixa;90
EQ00830;Termômetro;Guarulhos;Baixa;90
EQ00831;Torquímetro;Joinville;Média;365
EQ00832;Manômetro;Guarulhos;Alta;90
EQ00833;Paquímetro;Jaboticabal;Baixa;180
EQ00834;Manômetro;Joinville;Baixa;365
EQ00835;Torquímetro;Joinville;Média;90
EQ00836;Micrômetro;Jaboticabal;Alta;365
EQ00837;Termômetro;Joinville;Média;365
EQ00838;Paquímetro;Jaboticabal;Média;90
EQ00839;Termômetro;Guarulhos;Alta;90
EQ00840;Termômetro;Guarulhos;Média;365
EQ00841;Balança;Joinville;Baixa;180
EQ00842;Manômetro;Joinville;Média;90
EQ00843;Torquímetro;Joinville;Baixa;180
EQ00844;Balança;Guarulhos;Média;180
EQ00845;Balança;Guarulhos;Alta;365
EQ00846;Torquímetro;Jaboticabal;Média;180
EQ00847;Balança;Jaboticabal;Média;90
EQ00848;Torquímetro;Guarulhos;Baixa;90
EQ00849;Balança;Joinville;Média;180
EQ00850;Paquímetro;Jaboticabal;Alta;180
EQ00851;Termômetro;Joinville;Alta;180
EQ00852;Termômetro;Guarulhos;Média;365
EQ00853;Torquímetro;Guarulhos;Média;90
EQ00854;Manômetro;Guarulhos;Baixa;180
EQ00855;Paquímetro;Jaboticabal;Média;180
EQ00856;Termômetro;Jaboticabal;Média;90
EQ00857;Termômetro;Jaboticabal;Média;90
EQ00858;Paquímetro;Jaboticabal;Média;365
EQ00859;Torquímetro;Jaboticabal;Média;180
EQ00860;Balança;Guarulhos;Alta;365
EQ00861;Paquímetro;Jaboticabal;Baixa;90
EQ00862;Micrômetro;Jaboticabal;Alta;180
EQ00863;Paquímetro;Joinville;Alta;180
EQ00864;Micrômetro;Guarulhos;Média;180
EQ00865;Torquímetro;Joinville;Alta;90
EQ00866;Termômetro;Guarulhos;Baixa;365
EQ00867;Manômetro;Guarulhos;Alta;90
EQ00868;Termômetro;Joinville;Média;365
EQ00869;Torquímetro;Joinville;Média;180
EQ00870;Torquímetro;Jaboticabal;Alta;90
EQ00871;Balança;Jaboticabal;Alta;180
EQ00872;Termômetro;Guarulhos;Baixa;365
EQ00873;Manômetro;Guarulhos;Baixa;365
EQ00874;Micrômetro;Joinville;Alta;180
EQ00875;Termômetro;Joinville;Média;180
EQ00876;Torquímetro;Jaboticabal;Média;90
EQ00877;Termômetro;Jaboticabal;Média;180
EQ00878;Balança;Joinville;Alta;180
EQ00879;Manômetro;Joinville;Média;365
EQ00880;Balança;Guarulhos;Média;365
EQ00881;Balança;Guarulhos;Média;365
EQ00882;Paquímetro;Guarulhos;Média;365
EQ00883;Manômetro;Jaboticabal;Alta;180
EQ00884;Manômetro;Guarulhos;Média;180
EQ00885;Termômetro;Joinville;Baixa;365
EQ00886;Balança;Joinville;Baixa;180
EQ00887;Balança;Guarulhos;Média;365
EQ00888;Manômetro;Jaboticabal;Média;180
EQ00889;Balança;Jaboticabal;Baixa;180
EQ00890;Paquímetro;Joinville;Média;180
EQ00891;Paquímetro;Jaboticabal;Baixa;365
EQ00892;Torquímetro;Joinville;Média;90
EQ00893;Balança;Guarulhos;Média;365
EQ00894;Micrômetro;Joinville;Média;180
EQ00895;Paquímetro;Guarulhos;Alta;180
EQ00896;Termômetro;Jaboticabal;Alta;365
EQ00897;Micrômetro;Guarulhos;Alta;365
EQ00898;Balança;Joinville;Média;90
EQ00899;Micrômetro;Guarulhos;Média;90
EQ00900;Torquímetro;Joinville;Alta;90
EQ00901;Micrômetro;Guarulhos;Média;365
EQ00902;Termômetro;Guarulhos;Média;90
EQ00903;Torquímetro;Jaboticabal;Média;365
EQ00904;Balança;Jaboticabal;Média;180
EQ00905;Manômetro;Joinville;Baixa;365
EQ00906;Paquímetro;Guarulhos;Baixa;180
EQ00907;Manômetro;Guarulhos;Média;180
EQ00908;Micrômetro;Jaboticabal;Média;180
EQ00909;Termômetro;Guarulhos;Baixa;365
EQ00910;Termômetro;Jaboticabal;Alta;180
EQ00911;Balança;Jaboticabal;Média;365
EQ00912;Termômetro;Joinville;Média;365
EQ00913;Balança;Jaboticabal;Baixa;180
EQ00914;Torquímetro;Guarulhos;Média;365
EQ00915;Paquímetro;Guarulhos;Média;365
EQ00916;Micrômetro;Jaboticabal;Média;365
EQ00917;Paquímetro;Joinville;Alta;365
EQ00918;Micrômetro;Guarulhos;Baixa;365
EQ00919;Termômetro;Joinville;Alta;90
EQ00920;Balança;Jaboticabal;Média;90
EQ00921;Micrômetro;Guarulhos;Média;365
EQ00922;Termômetro;Guarulhos;Média;180
EQ00923;Manômetro;Guarulhos;Alta;180
EQ00924;Torquímetro;Guarulhos;Média;365
EQ00925;Torquímetro;Jaboticabal;Média;365
EQ00926;Micrômetro;Joinville;Média;365
EQ00927;Termômetro;Joinville;Baixa;180
EQ00928;Micrômetro;Guarulhos;Média;90
EQ00929;Manômetro;Joinville;Baixa;180
EQ00930;Balança;Guarulhos;Média;180
EQ00931;Torquímetro;Guarulhos;Média;365
EQ00932;Balança;Jaboticabal;Baixa;180
EQ00933;Termômetro;Guarulhos;Média;365
EQ00934;Micrômetro;Joinville;Média;365
EQ00935;Torquímetro;Jaboticabal;Baixa;180
EQ00936;Torquímetro;Joinville;Baixa;90
EQ00937;Paquímetro;Jaboticabal;Alta;180
EQ00938;Micrômetro;Guarulhos;Baixa;180
EQ00939;Manômetro;Guarulhos;Baixa;365
EQ00940;Paquímetro;Jaboticabal;Média;90
EQ00941;Micrômetro;Joinville;Média;180
EQ00942;Torquímetro;Jaboticabal;Média;180
EQ00943;Torquímetro;Jaboticabal;Média;90
EQ00944;Micrômetro;Guarulhos;Alta;90
EQ00945;Manômetro;Guarulhos;Baixa;90
EQ00946;Micrômetro;Guarulhos;Alta;90
EQ00947;Balança;Guarulhos;Média;365
EQ00948;Micrômetro;Guarulhos;Baixa;90
EQ00949;Paquímetro;Jaboticabal;Baixa;90
EQ00950;Micrômetro;Guarulhos;Média;90
EQ00951;Torquímetro;Jaboticabal;Alta;180
EQ00952;Termômetro;Guarulhos;Média;180
EQ00953;Torquímetro;Guarulhos;Média;180
EQ00954;Micrômetro;Guarulhos;Média;365
EQ00955;Torquímetro;Joinville;Baixa;90
EQ00956;Torquímetro;Joinville;Baixa;180
EQ00957;Paquímetro;Guarulhos;Média;180
EQ00958;Balança;Guarulhos;Média;365
EQ00959;Micrômetro;Joinville;Média;180
EQ00960;Torquímetro;Jaboticabal;Alta;90
EQ00961;Micrômetro;Jaboticabal;Baixa;365
EQ00962;Torquímetro;Guarulhos;Média;180
EQ00963;Termômetro;Joinville;Baixa;90
EQ00964;Torquímetro;Jaboticabal;Baixa;180
EQ00965;Termômetro;Jaboticabal;Baixa;90
EQ00966;Manômetro;Joinville;Média;180
EQ00967;Manômetro;Guarulhos;Baixa;180
EQ00968;Termômetro;Joinville;Média;90
EQ00969;Balança;Guarulhos;Baixa;365
EQ00970;Manômetro;Guarulhos;Baixa;180
EQ00971;Micrômetro;Guarulhos;Média;90
EQ00972;Balança;Joinville;Média;365
EQ00973;Manômetro;Jaboticabal;Média;90
EQ00974;Manômetro;Jaboticabal;Alta;365
EQ00975;Termômetro;Jaboticabal;Baixa;365
EQ00976;Balança;Jaboticabal;Média;90
EQ00977;Termômetro;Joinville;Alta;180
EQ00978;Paquímetro;Joinville;Baixa;180
EQ00979;Paquímetro;Guarulhos;Média;365
EQ00980;Termômetro;Guarulhos;Média;365
EQ00981;Torquímetro;Guarulhos;Alta;180
EQ00982;Torquímetro;Jaboticabal;Baixa;365
EQ00983;Manômetro;Jaboticabal;Baixa;90
EQ00984;Paquímetro;Joinville;Alta;180
EQ00985;Torquímetro;Joinville;Baixa;365
EQ00986;Torquímetro;Joinville;Média;180
EQ00987;Paquímetro;Jaboticabal;Alta;180
EQ00988;Micrômetro;Joinville;Alta;180
EQ00989;Paquímetro;Joinville;Média;365
EQ00990;Termômetro;Joinville;Média;90
EQ00991;Torquímetro;Guarulhos;Baixa;365
EQ00992;Balança;Jaboticabal;Média;365
EQ00993;Micrômetro;Jaboticabal;Média;365
EQ00994;Manômetro;Guarulhos;Média;90
EQ00995;Balança;Joinville;Baixa;365
EQ00996;Balança;Jaboticabal;Média;90
EQ00997;Manômetro;Joinville;Média;365
EQ00998;Termômetro;Jaboticabal;Alta;365
EQ00999;Termômetro;Guarulhos;Média;365
EQ01000;Manômetro;Guarulhos;Baixa;365
EQ01001;Manômetro;Jaboticabal;Alta;365
EQ01002;Termômetro;Guarulhos;Baixa;180
EQ01003;Manômetro;Joinville;Baixa;365
EQ01004;Paquímetro;Jaboticabal;Baixa;365
EQ01005;Torquímetro;Guarulhos;Alta;90
EQ01006;Micrômetro;Joinville;Baixa;365
EQ01007;Paquímetro;Jaboticabal;Baixa;180
EQ01008;Torquímetro;Jaboticabal;Baixa;90
EQ01009;Paquímetro;Guarulhos;Alta;90
EQ01010;Termômetro;Guarulhos;Média;180
EQ01011;Paquímetro;Guarulhos;Média;90
EQ01012;Balança;Jaboticabal;Baixa;180
EQ01013;Manômetro;Jaboticabal;Baixa;365
EQ01014;Torquímetro;Joinville;Alta;90
EQ01015;Paquímetro;Joinville;Baixa;90
EQ01016;Paquímetro;Guarulhos;Média;180
EQ01017;Paquímetro;Guarulhos;Baixa;365
EQ01018;Paquímetro;Jaboticabal;Média;90
EQ01019;Micrômetro;Jaboticabal;Média;90
EQ01020;Balança;Jaboticabal;Baixa;90
EQ01021;Balança;Jaboticabal;Baixa;180
EQ01022;Balança;Joinville;Média;365
EQ01023;Manômetro;Joinville;Baixa;365
EQ01024;Micrômetro;Guarulhos;Média;180
EQ01025;Termômetro;Guarulhos;Alta;90
EQ01026;Balança;Guarulhos;Média;180
EQ01027;Manômetro;Jaboticabal;Média;365
EQ01028;Termômetro;Guarulhos;Baixa;180
EQ01029;Torquímetro;Jaboticabal;Média;180
EQ01030;Micrômetro;Guarulhos;Média;365
EQ01031;Balança;Joinville;Média;90
EQ01032;Paquímetro;Guarulhos;Média;365
EQ01033;Termômetro;Joinville;Média;365
EQ01034;Micrômetro;Guarulhos;Baixa;180
EQ01035;Balança;Jaboticabal;Alta;90
EQ01036;Torquímetro;Guarulhos;Baixa;90
EQ01037;Balança;Jaboticabal;Média;365
EQ01038;Torquímetro;Joinville;Média;180
EQ01039;Micrômetro;Joinville;Alta;365
EQ01040;Torquímetro;Jaboticabal;Alta;365
EQ01041;Torquímetro;Joinville;Baixa;90
EQ01042;Manômetro;Joinville;Baixa;180
EQ01043;Termômetro;Joinville;Média;365
EQ01044;Torquímetro;Joinville;Média;180
EQ01045;Torquímetro;Jaboticabal;Média;180
EQ01046;Termômetro;Joinville;Média;90
EQ01047;Torquímetro;Guarulhos;Alta;365
EQ01048;Balança;Joinville;Média;365
EQ01049;Manômetro;Joinville;Média;180
EQ01050;Balança;Guarulhos;Alta;90
EQ01051;Micrômetro;Jaboticabal;Baixa;180
EQ01052;Micrômetro;Joinville;Baixa;365
EQ01053;Torquímetro;Jaboticabal;Baixa;90
EQ01054;Paquímetro;Joinville;Baixa;180
EQ01055;Micrômetro;Guarulhos;Baixa;90
EQ01056;Torquímetro;Joinville;Média;180
EQ01057;Balança;Joinville;Média;365
EQ01058;Micrômetro;Joinville;Média;365
EQ01059;Balança;Guarulhos;Média;180
EQ01060;Termômetro;Guarulhos;Baixa;365
EQ01061;Paquímetro;Jaboticabal;Média;365
EQ01062;Manômetro;Joinville;Média;90
EQ01063;Termômetro;Guarulhos;Baixa;90
EQ01064;Termômetro;Joinville;Baixa;90
EQ01065;Balança;Jaboticabal;Média;90
EQ01066;Termômetro;Jaboticabal;Alta;365
EQ01067;Paquímetro;Jaboticabal;Média;180
EQ01068;Termômetro;Guarulhos;Baixa;365
EQ01069;Termômetro;Joinville;Média;365
EQ01070;Manômetro;Joinville;Média;180
EQ01071;Paquímetro;Guarulhos;Alta;180
EQ01072;Manômetro;Jaboticabal;Alta;180
EQ01073;Termômetro;Joinville;Média;180
EQ01074;Torquímetro;Joinville;Média;90
EQ01075;Micrômetro;Joinville;Média;365
EQ01076;Balança;Jaboticabal;Alta;180
EQ01077;Manômetro;Jaboticabal;Alta;90
EQ01078;Paquímetro;Jaboticabal;Alta;90
EQ01079;Balança;Joinville;Média;365
EQ01080;Paquímetro;Jaboticabal;Alta;365
EQ01081;Balança;Jaboticabal;Média;90
EQ01082;Micrômetro;Guarulhos;Baixa;180
EQ01083;Torquímetro;Jaboticabal;Baixa;365
EQ01084;Balança;Jaboticabal;Média;365
EQ01085;Paquímetro;Jaboticabal;Alta;180
EQ01086;Balança;Joinville;Média;365
EQ01087;Manômetro;Guarulhos;Baixa;90
EQ01088;Termômetro;Joinville;Média;180
EQ01089;Termômetro;Jaboticabal;Média;90
EQ01090;Micrômetro;Joinville;Alta;365
EQ01091;Paquímetro;Guarulhos;Baixa;365
EQ01092;Termômetro;Jaboticabal;Média;180
EQ01093;Paquímetro;Jaboticabal;Média;180
EQ01094;Torquímetro;Guarulhos;Baixa;365
EQ01095;Torquímetro;Guarulhos;Média;180
EQ01096;Micrômetro;Jaboticabal;Baixa;180
EQ01097;Manômetro;Jaboticabal;Média;365
EQ01098;Torquímetro;Guarulhos;Média;180
EQ01099;Torquímetro;Joinville;Média;365
EQ01100;Torquímetro;Joinville;Média;180
EQ01101;Paquímetro;Guarulhos;Média;365
EQ01102;Paquímetro;Guarulhos;Baixa;365
EQ01103;Paquímetro;Joinville;Alta;365
EQ01104;Balança;Joinville;Média;180
EQ01105;Micrômetro;Jaboticabal;Baixa;365
EQ01106;Termômetro;Guarulhos;Alta;180
EQ01107;Termômetro;Guarulhos;Média;180
EQ01108;Manômetro;Jaboticabal;Baixa;180
EQ01109;Paquímetro;Guarulhos;Alta;180
EQ01110;Micrômetro;Jaboticabal;Alta;90
EQ01111;Micrômetro;Guarulhos;Média;365
EQ01112;Paquímetro;Jaboticabal;Média;90
EQ01113;Micrômetro;Joinville;Média;90
EQ01114;Manômetro;Guarulhos;Alta;90
EQ01115;Balança;Joinville;Alta;90
EQ01116;Torquímetro;Guarulhos;Baixa;180
EQ01117;Micrômetro;Jaboticabal;Média;90
EQ01118;Micrômetro;Joinville;Média;365
EQ01119;Termômetro;Joinville;Alta;180
EQ01120;Paquímetro;Jaboticabal;Média;90
EQ01121;Torquímetro;Joinville;Média;90
EQ01122;Paquímetro;Joinville;Alta;365
EQ01123;Balança;Jaboticabal;Baixa;365
EQ01124;Micrômetro;Jaboticabal;Baixa;90
EQ01125;Paquímetro;Guarulhos;Média;365
EQ01126;Manômetro;Joinville;Média;180
EQ01127;Paquímetro;Guarulhos;Média;365
EQ01128;Manômetro;Jaboticabal;Baixa;90
EQ01129;Balança;Guarulhos;Alta;90
EQ01130;Termômetro;Jaboticabal;Alta;365
EQ01131;Termômetro;Joinville;Média;90
EQ01132;Torquímetro;Joinville;Baixa;365
EQ01133;Manômetro;Joinville;Média;365
EQ01134;Paquímetro;Joinville;Média;365
EQ01135;Termômetro;Jaboticabal;Baixa;180
EQ01136;Paquímetro;Joinville;Baixa;180
EQ01137;Manômetro;Guarulhos;Baixa;90
EQ01138;Balança;Jaboticabal;Média;90
EQ01139;Balança;Guarulhos;Média;90
EQ01140;Manômetro;Jaboticabal;Alta;365
EQ01141;Micrômetro;Guarulhos;Baixa;90
EQ01142;Micrômetro;Jaboticabal;Média;90
EQ01143;Manômetro;Guarulhos;Média;90
EQ01144;Balança;Joinville;Média;365
EQ01145;Torquímetro;Joinville;Média;180
EQ01146;Manômetro;Jaboticabal;Baixa;365
EQ01147;Paquímetro;Guarulhos;Baixa;180
EQ01148;Balança;Joinville;Alta;180
EQ01149;Balança;Guarulhos;Alta;90
EQ01150;Termômetro;Joinville;Alta;365
EQ01151;Manômetro;Guarulhos;Baixa;365
EQ01152;Torquímetro;Joinville;Baixa;90
EQ01153;Balança;Jaboticabal;Alta;365
EQ01154;Torquímetro;Guarulhos;Alta;90
EQ01155;Balança;Jaboticabal;Baixa;90
EQ01156;Balança;Guarulhos;Alta;180
EQ01157;Torquímetro;Jaboticabal;Alta;180
EQ01158;Torquímetro;Joinville;Média;365
EQ01159;Balança;Guarulhos;Alta;365
EQ01160;Manômetro;Jaboticabal;Média;180
EQ01161;Micrômetro;Guarulhos;Média;90
EQ01162;Micrômetro;Joinville;Alta;90
EQ01163;Paquímetro;Jaboticabal;Baixa;90
EQ01164;Torquímetro;Joinville;Média;180
EQ01165;Micrômetro;Joinville;Média;180
EQ01166;Micrômetro;Joinville;Alta;180
EQ01167;Manômetro;Jaboticabal;Baixa;365
EQ01168;Manômetro;Joinville;Alta;90
EQ01169;Manômetro;Jaboticabal;Média;90
EQ01170;Micrômetro;Joinville;Alta;90
EQ01171;Balança;Guarulhos;Baixa;180
EQ01172;Balança;Joinville;Média;180
EQ01173;Torquímetro;Joinville;Baixa;90
EQ01174;Manômetro;Guarulhos;Alta;365
EQ01175;Balança;Joinville;Média;90
EQ01176;Balança;Joinville;Média;180
EQ01177;Termômetro;Jaboticabal;Média;90
EQ01178;Manômetro;Guarulhos;Baixa;180
EQ01179;Termômetro;Joinville;Média;90
EQ01180;Balança;Jaboticabal;Baixa;90
EQ01181;Torquímetro;Joinville;Média;180
EQ01182;Termômetro;Jaboticabal;Média;180
EQ01183;Micrômetro;Jaboticabal;Baixa;90
EQ01184;Termômetro;Guarulhos;Baixa;180
EQ01185;Torquímetro;Jaboticabal;Média;365
EQ01186;Paquímetro;Guarulhos;Alta;90
EQ01187;Balança;Jaboticabal;Alta;90
EQ01188;Balança;Guarulhos;Média;365
EQ01189;Balança;Jaboticabal;Média;180
EQ01190;Manômetro;Joinville;Média;180
EQ01191;Manômetro;Joinville;Média;90
EQ01192;Termômetro;Jaboticabal;Média;90
EQ01193;Paquímetro;Guarulhos;Média;180
EQ01194;Micrômetro;Guarulhos;Média;180
EQ01195;Termômetro;Guarulhos;Alta;90
EQ01196;Balança;Jaboticabal;Média;180
EQ01197;Micrômetro;Joinville;Alta;90
EQ01198;Balança;Jaboticabal;Baixa;90
EQ01199;Torquímetro;Joinville;Média;365
EQ01200;Termômetro;Jaboticabal;Média;90
EQ01201;Manômetro;Jaboticabal;Baixa;365
EQ01202;Balança;Joinville;Média;365
EQ01203;Termômetro;Guarulhos;Alta;90
EQ01204;Torquímetro;Jaboticabal;Média;90
EQ01205;Torquímetro;Jaboticabal;Média;365
EQ01206;Balança;Guarulhos;Média;180
EQ01207;Micrômetro;Jaboticabal;Baixa;180
EQ01208;Manômetro;Jaboticabal;Média;180
EQ01209;Paquímetro;Guarulhos;Média;90
EQ01210;Paquímetro;Guarulhos;Alta;180
EQ01211;Micrômetro;Joinville;Alta;180
EQ01212;Balança;Joinville;Média;90
EQ01213;Balança;Joinville;Alta;90
EQ01214;Paquímetro;Guarulhos;Média;90
EQ01215;Torquímetro;Jaboticabal;Média;90
EQ01216;Torquímetro;Guarulhos;Alta;180
EQ01217;Torquímetro;Guarulhos;Baixa;365
EQ01218;Manômetro;Guarulhos;Média;90
EQ01219;Paquímetro;Guarulhos;Alta;365
EQ01220;Micrômetro;Jaboticabal;Média;90
EQ01221;Micrômetro;Jaboticabal;Alta;365
EQ01222;Torquímetro;Jaboticabal;Alta;365
EQ01223;Manômetro;Jaboticabal;Média;180
EQ01224;Paquímetro;Jaboticabal;Alta;180
EQ01225;Micrômetro;Joinville;Média;90
EQ01226;Termômetro;Jaboticabal;Média;180
EQ01227;Torquímetro;Jaboticabal;Média;365
EQ01228;Manômetro;Guarulhos;Média;365
EQ01229;Termômetro;Guarulhos;Baixa;365
EQ01230;Micrômetro;Guarulhos;Baixa;180
EQ01231;Balança;Joinville;Alta;90
EQ01232;Micrômetro;Jaboticabal;Média;365
EQ01233;Termômetro;Guarulhos;Baixa;365
EQ01234;Torquímetro;Jaboticabal;Média;365
EQ01235;Termômetro;Joinville;Média;180
EQ01236;Torquímetro;Guarulhos;Média;365
EQ01237;Micrômetro;Guarulhos;Baixa;365
EQ01238;Termômetro;Joinville;Média;180
EQ01239;Paquímetro;Guarulhos;Média;90
EQ01240;Torquímetro;Jaboticabal;Baixa;90
EQ01241;Manômetro;Guarulhos;Média;90
EQ01242;Termômetro;Joinville;Alta;90
EQ01243;Paquímetro;Joinville;Alta;90
EQ01244;Termômetro;Joinville;Baixa;90
EQ01245;Balança;Guarulhos;Baixa;180
EQ01246;Paquímetro;Jaboticabal;Média;365
EQ01247;Paquímetro;Jaboticabal;Média;90
EQ01248;Micrômetro;Joinville;Baixa;365
EQ01249;Manômetro;Joinville;Baixa;90
EQ01250;Balança;Guarulhos;Baixa;90
EQ01251;Manômetro;Guarulhos;Alta;365
EQ01252;Termômetro;Guarulhos;Alta;90
EQ01253;Paquímetro;Joinville;Alta;365
EQ01254;Termômetro;Guarulhos;Alta;180
EQ01255;Paquímetro;Joinville;Baixa;180
EQ01256;Paquímetro;Joinville;Baixa;365
EQ01257;Balança;Jaboticabal;Baixa;180
EQ01258;Manômetro;Guarulhos;Alta;180
EQ01259;Termômetro;Guarulhos;Baixa;90
EQ01260;Balança;Joinville;Média;365
EQ01261;Manômetro;Joinville;Baixa;90
EQ01262;Manômetro;Joinville;Baixa;90
EQ01263;Paquímetro;Joinville;Média;90
EQ01264;Torquímetro;Jaboticabal;Baixa;90
EQ01265;Balança;Guarulhos;Média;365
EQ01266;Paquímetro;Joinville;Média;180
EQ01267;Paquímetro;Joinville;Média;180
EQ01268;Torquímetro;Guarulhos;Média;365
EQ01269;Termômetro;Joinville;Média;365
EQ01270;Torquímetro;Joinville;Baixa;180
EQ01271;Paquímetro;Guarulhos;Baixa;180
EQ01272;Paquímetro;Joinville;Alta;365
EQ01273;Manômetro;Joinville;Média;90
EQ01274;Micrômetro;Guarulhos;Média;90
EQ01275;Micrômetro;Guarulhos;Média;365
EQ01276;Paquímetro;Guarulhos;Alta;90
EQ01277;Paquímetro;Guarulhos;Alta;90
EQ01278;Manômetro;Joinville;Alta;365
EQ01279;Manômetro;Jaboticabal;Alta;180
EQ01280;Balança;Guarulhos;Média;180
EQ01281;Torquímetro;Joinville;Média;365
EQ01282;Paquímetro;Jaboticabal;Média;180
EQ01283;Paquímetro;Joinville;Alta;180
EQ01284;Termômetro;Jaboticabal;Média;365
EQ01285;Micrômetro;Guarulhos;Baixa;90
EQ01286;Paquímetro;Jaboticabal;Média;365
EQ01287;Balança;Guarulhos;Baixa;180
EQ01288;Termômetro;Jaboticabal;Média;90
EQ01289;Torquímetro;Guarulhos;Baixa;365
EQ01290;Balança;Jaboticabal;Alta;180
EQ01291;Paquímetro;Jaboticabal;Alta;365
EQ01292;Paquímetro;Jaboticabal;Alta;365
EQ01293;Termômetro;Joinville;Média;365
EQ01294;Micrômetro;Joinville;Alta;90
EQ01295;Balança;Jaboticabal;Média;365
EQ01296;Balança;Jaboticabal;Alta;365
EQ01297;Micrômetro;Guarulhos;Alta;180
EQ01298;Paquímetro;Jaboticabal;Média;180
EQ01299;Balança;Joinville;Média;180
EQ01300;Paquímetro;Guarulhos;Média;365
EQ01301;Torquímetro;Guarulhos;Alta;180
EQ01302;Balança;Joinville;Baixa;90
EQ01303;Manômetro;Jaboticabal;Baixa;365
EQ01304;Micrômetro;Jaboticabal;Média;365
EQ01305;Paquímetro;Guarulhos;Alta;365
EQ01306;Manômetro;Jaboticabal;Média;180
EQ01307;Termômetro;Joinville;Baixa;90
EQ01308;Balança;Guarulhos;Alta;90
EQ01309;Paquímetro;Jaboticabal;Alta;90
EQ01310;Manômetro;Guarulhos;Média;365
EQ01311;Micrômetro;Joinville;Média;90
EQ01312;Termômetro;Jaboticabal;Alta;180
EQ01313;Micrômetro;Jaboticabal;Média;90
EQ01314;Termômetro;Jaboticabal;Média;365
EQ01315;Micrômetro;Joinville;Alta;180
EQ01316;Micrômetro;Guarulhos;Média;180
EQ01317;Manômetro;Guarulhos;Média;180
EQ01318;Torquímetro;Jaboticabal;Média;180
EQ01319;Termômetro;Jaboticabal;Baixa;365
EQ01320;Termômetro;Jaboticabal;Alta;90
EQ01321;Termômetro;Guarulhos;Baixa;365
EQ01322;Torquímetro;Jaboticabal;Média;365
EQ01323;Micrômetro;Jaboticabal;Alta;90
EQ01324;Micrômetro;Joinville;Média;180
EQ01325;Micrômetro;Joinville;Média;180
EQ01326;Manômetro;Joinville;Baixa;365
EQ01327;Paquímetro;Jaboticabal;Alta;90
EQ01328;Paquímetro;Guarulhos;Baixa;90
EQ01329;Torquímetro;Joinville;Alta;90
EQ01330;Torquímetro;Jaboticabal;Baixa;90
EQ01331;Paquímetro;Jaboticabal;Média;365
EQ01332;Torquímetro;Guarulhos;Média;365
EQ01333;Manômetro;Jaboticabal;Alta;180
EQ01334;Balança;Joinville;Baixa;365
EQ01335;Paquímetro;Jaboticabal;Alta;90
EQ01336;Manômetro;Guarulhos;Média;180
EQ01337;Balança;Jaboticabal;Média;90
EQ01338;Manômetro;Guarulhos;Alta;365
EQ01339;Torquímetro;Jaboticabal;Baixa;365
EQ01340;Manômetro;Jaboticabal;Baixa;180
EQ01341;Termômetro;Guarulhos;Baixa;180
EQ01342;Manômetro;Jaboticabal;Média;180
EQ01343;Paquímetro;Guarulhos;Baixa;90
EQ01344;Balança;Joinville;Alta;90
EQ01345;Manômetro;Guarulhos;Baixa;180
EQ01346;Paquímetro;Guarulhos;Baixa;180
EQ01347;Balança;Joinville;Média;365
EQ01348;Termômetro;Guarulhos;Alta;180
EQ01349;Balança;Jaboticabal;Baixa;365
EQ01350;Micrômetro;Joinville;Baixa;90
EQ01351;Torquímetro;Jaboticabal;Média;365
EQ01352;Paquímetro;Joinville;Média;365
EQ01353;Micrômetro;Guarulhos;Alta;365
EQ01354;Manômetro;Joinville;Baixa;365
EQ01355;Torquímetro;Guarulhos;Média;180
EQ01356;Micrômetro;Guarulhos;Alta;365
EQ01357;Balança;Guarulhos;Baixa;180
EQ01358;Manômetro;Joinville;Média;90
EQ01359;Paquímetro;Guarulhos;Alta;90
EQ01360;Manômetro;Guarulhos;Média;180
EQ01361;Torquímetro;Guarulhos;Baixa;90
EQ01362;Torquímetro;Joinville;Baixa;180
EQ01363;Manômetro;Guarulhos;Alta;90
EQ01364;Torquímetro;Joinville;Média;365
EQ01365;Torquímetro;Joinville;Alta;180
EQ01366;Manômetro;Joinville;Baixa;90
EQ01367;Balança;Guarulhos;Alta;90
EQ01368;Paquímetro;Jaboticabal;Média;90
EQ01369;Micrômetro;Joinville;Alta;180
EQ01370;Micrômetro;Joinville;Alta;365
EQ01371;Manômetro;Joinville;Média;90
EQ01372;Manômetro;Joinville;Baixa;180
EQ01373;Termômetro;Joinville;Média;180
EQ01374;Micrômetro;Guarulhos;Média;180
EQ01375;Paquímetro;Guarulhos;Alta;90
EQ01376;Manômetro;Guarulhos;Média;180
EQ01377;Manômetro;Jaboticabal;Alta;180
EQ01378;Balança;Guarulhos;Média;180
EQ01379;Termômetro;Joinville;Alta;180
EQ01380;Torquímetro;Joinville;Baixa;180
EQ01381;Paquímetro;Guarulhos;Média;365
EQ01382;Termômetro;Guarulhos;Baixa;365
EQ01383;Termômetro;Guarulhos;Baixa;180
EQ01384;Torquímetro;Guarulhos;Baixa;90
EQ01385;Balança;Guarulhos;Alta;180
EQ01386;Termômetro;Jaboticabal;Média;365
EQ01387;Micrômetro;Jaboticabal;Baixa;180
EQ01388;Manômetro;Guarulhos;Baixa;180
EQ01389;Balança;Joinville;Alta;365
EQ01390;Torquímetro;Guarulhos;Baixa;180
EQ01391;Manômetro;Joinville;Baixa;180
EQ01392;Paquímetro;Guarulhos;Média;180
EQ01393;Paquímetro;Guarulhos;Baixa;365
EQ01394;Micrômetro;Joinville;Alta;90
EQ01395;Micrômetro;Guarulhos;Alta;90
EQ01396;Termômetro;Guarulhos;Média;90
EQ01397;Paquímetro;Joinville;Baixa;365
EQ01398;Balança;Jaboticabal;Baixa;180
EQ01399;Balança;Joinville;Alta;365
EQ01400;Torquímetro;Guarulhos;Média;90
EQ00804;Manômetro;Jaboticabal;Baixa;180
EQ01288;Termômetro;Jaboticabal;Média;90
EQ00893;Balança;Guarulhos;Média;365
ERRO_equipamentos_1;Manômetro;Jaboticabal;Alta;-999
