cliente_id,codigo_cliente,tipo_cliente,uf
1,CLI-00001,Pessoa Física,MG
2,CLI-00002,Pessoa Física,MG
3,CLI-00003,Empresa,PR
4,CLI-00004,Empresa,RJ
5,CLI-00005,Pessoa Física,RJ
6,CLI-00006,Empresa,RJ
7,CLI-00007,Empresa,MG
8,CLI-00008,Empresa,PR
9,CLI-00009,Empresa,SP
10,CLI-00010,Empresa,RJ
11,CLI-00011,Pessoa Física,SC
12,CLI-00012,Pessoa Física,RJ
13,CLI-00013,Pessoa Física,MG
14,CLI-00014,Pessoa Física,MG
15,CLI-00015,Empresa,PR
16,CLI-00016,Empresa,PR
17,CLI-00017,Pessoa Física,RJ
18,CLI-00018,Pessoa Física,SC
19,CLI-00019,Pessoa Física,SP
20,CLI-00020,Pessoa Física,RJ
21,CLI-00021,Empresa,SP
22,CLI-00022,Empresa,RJ
23,CLI-00023,Pessoa Física,PR
24,CLI-00024,Empresa,SP
25,CLI-00025,Pessoa Física,MG
26,CLI-00026,Pessoa Física,SP
27,CLI-00027,Empresa,RJ
28,CLI-00028,Pessoa Física,SC
29,CLI-00029,Empresa,RJ
30,CLI-00030,Pessoa Física,RJ
31,CLI-00031,Empresa,PR
32,CLI-00032,Pessoa Física,SC
33,CLI-00033,Pessoa Física,SC
34,CLI-00034,Pessoa Física,RJ
35,CLI-00035,Pessoa Física,SC
36,CLI-00036,Pessoa Física,SC
37,CLI-00037,Pessoa Física,MG
38,CLI-00038,Empresa,SP
39,CLI-00039,Pessoa Física,RJ
40,CLI-00040,Empresa,PR
41,CLI-00041,Pessoa Física,RJ
42,CLI-00042,Pessoa Física,RJ
43,CLI-00043,Empresa,MG
44,CLI-00044,Pessoa Física,RJ
45,CLI-00045,Pessoa Física,RJ
46,CLI-00046,Pessoa Física,SC
47,CLI-00047,Pessoa Física,MG
48,CLI-00048,Empresa,RJ
49,CLI-00049,Empresa,MG
50,CLI-00050,Pessoa Física,RJ
51,CLI-00051,Empresa,SP
52,CLI-00052,Empresa,PR
53,CLI-00053,Empresa,MG
54,CLI-00054,Empresa,SP
55,CLI-00055,Pessoa Física,RJ
56,CLI-00056,Empresa,MG
57,CLI-00057,Pessoa Física,RJ
58,CLI-00058,Empresa,SP
59,CLI-00059,Empresa,MG
60,CLI-00060,Empresa,PR
61,CLI-00061,Empresa,RJ
62,CLI-00062,Empresa,RJ
63,CLI-00063,Empresa,SC
64,CLI-00064,Pessoa Física,PR
65,CLI-00065,Empresa,PR
66,CLI-00066,Empresa,RJ
67,CLI-00067,Pessoa Física,PR
68,CLI-00068,Empresa,RJ
69,CLI-00069,Pessoa Física,MG
70,CLI-00070,Pessoa Física,PR
71,CLI-00071,Pessoa Física,SC
72,CLI-00072,Empresa,PR
73,CLI-00073,Empresa,MG
74,CLI-00074,Pessoa Física,SC
75,CLI-00075,Pessoa Física,RJ
76,CLI-00076,Empresa,MG
77,CLI-00077,Empresa,MG
78,CLI-00078,Empresa,PR
79,CLI-00079,Empresa,SP
80,CLI-00080,Pessoa Física,SC
81,CLI-00081,Pessoa Física,RJ
82,CLI-00082,Pessoa Física,RJ
83,CLI-00083,Pessoa Física,SP
84,CLI-00084,Empresa,PR
85,CLI-00085,Pessoa Física,PR
86,CLI-00086,Empresa,SP
87,CLI-00087,Pessoa Física,MG
88,CLI-00088,Pessoa Física,PR
89,CLI-00089,Pessoa Física,SC
90,CLI-00090,Pessoa Física,SC
91,CLI-00091,Empresa,RJ
92,CLI-00092,Empresa,SP
93,CLI-00093,Pessoa Física,SP
94,CLI-00094,Empresa,MG
95,CLI-00095,Pessoa Física,PR
96,CLI-00096,Pessoa Física,RJ
97,CLI-00097,Pessoa Física,SP
98,CLI-00098,Empresa,MG
99,CLI-00099,Empresa,PR
100,CLI-00100,Pessoa Física,SP
101,CLI-00101,Pessoa Física,RJ
102,CLI-00102,Empresa,SC
103,CLI-00103,Empresa,SC
104,CLI-00104,Pessoa Física,SC
105,CLI-00105,Empresa,SC
106,CLI-00106,Empresa,MG
107,CLI-00107,Empresa,SP
108,CLI-00108,Empresa,SC
109,CLI-00109,Pessoa Física,PR
110,CLI-00110,Empresa,RJ
111,CLI-00111,Empresa,MG
112,CLI-00112,Pessoa Física,MG
113,CLI-00113,Pessoa Física,PR
114,CLI-00114,Pessoa Física,SP
115,CLI-00115,Empresa,MG
116,CLI-00116,Empresa,SC
117,CLI-00117,Empresa,MG
118,CLI-00118,Empresa,MG
119,CLI-00119,Pessoa Física,RJ
120,CLI-00120,Empresa,PR
121,CLI-00121,Pessoa Física,MG
122,CLI-00122,Pessoa Física,SP
123,CLI-00123,Empresa,PR
124,CLI-00124,Empresa,SP
125,CLI-00125,Pessoa Física,PR
126,CLI-00126,Empresa,PR
127,CLI-00127,Pessoa Física,MG
128,CLI-00128,Pessoa Física,SP
129,CLI-00129,Empresa,SC
130,CLI-00130,Empresa,PR
131,CLI-00131,Empresa,SC
132,CLI-00132,Empresa,RJ
133,CLI-00133,Pessoa Física,SP
134,CLI-00134,Pessoa Física,SP
135,CLI-00135,Empresa,RJ
136,CLI-00136,Pessoa Física,RJ
137,CLI-00137,Pessoa Física,SP
138,CLI-00138,Empresa,SP
139,CLI-00139,Pessoa Física,SC
140,CLI-00140,Empresa,PR
141,CLI-00141,Pessoa Física,SP
142,CLI-00142,Pessoa Física,SP
143,CLI-00143,Pessoa Física,SP
144,CLI-00144,Empresa,PR
145,CLI-00145,Pessoa Física,SC
146,CLI-00146,Empresa,RJ
147,CLI-00147,Pessoa Física,SC
148,CLI-00148,Empresa,PR
149,CLI-00149,Empresa,RJ
150,CLI-00150,Pessoa Física,RJ
151,CLI-00151,Pessoa Física,SC
152,CLI-00152,Empresa,SP
153,CLI-00153,Empresa,MG
154,CLI-00154,Pessoa Física,PR
155,CLI-00155,Pessoa Física,SP
156,CLI-00156,Pessoa Física,SP
157,CLI-00157,Empresa,SP
158,CLI-00158,Empresa,PR
159,CLI-00159,Pessoa Física,SP
160,CLI-00160,Pessoa Física,PR
161,CLI-00161,Pessoa Física,SP
162,CLI-00162,Empresa,SP
163,CLI-00163,Empresa,SC
164,CLI-00164,Pessoa Física,SP
165,CLI-00165,Empresa,SP
166,CLI-00166,Empresa,RJ
167,CLI-00167,Empresa,SP
168,CLI-00168,Pessoa Física,RJ
169,CLI-00169,Empresa,SP
170,CLI-00170,Empresa,MG
171,CLI-00171,Empresa,RJ
172,CLI-00172,Pessoa Física,MG
173,CLI-00173,Pessoa Física,RJ
174,CLI-00174,Pessoa Física,RJ
175,CLI-00175,Pessoa Física,RJ
176,CLI-00176,Pessoa Física,SP
177,CLI-00177,Empresa,PR
178,CLI-00178,Pessoa Física,RJ
179,CLI-00179,Pessoa Física,SC
180,CLI-00180,Empresa,PR
181,CLI-00181,Empresa,SP
182,CLI-00182,Pessoa Física,PR
183,CLI-00183,Empresa,MG
184,CLI-00184,Pessoa Física,SC
185,CLI-00185,Pessoa Física,PR
186,CLI-00186,Pessoa Física,PR
187,CLI-00187,Pessoa Física,PR
188,CLI-00188,Empresa,SP
189,CLI-00189,Empresa,SC
190,CLI-00190,Empresa,MG
191,CLI-00191,Empresa,MG
192,CLI-00192,Pessoa Física,MG
193,CLI-00193,Empresa,RJ
194,CLI-00194,Empresa,SC
195,CLI-00195,Pessoa Física,RJ
196,CLI-00196,Empresa,PR
197,CLI-00197,Empresa,SP
198,CLI-00198,Empresa,PR
199,CLI-00199,Pessoa Física,RJ
200,CLI-00200,Empresa,MG
201,CLI-00201,Empresa,RJ
202,CLI-00202,Empresa,SP
203,CLI-00203,Pessoa Física,SP
204,CLI-00204,Empresa,RJ
205,CLI-00205,Pessoa Física,PR
206,CLI-00206,Empresa,SC
207,CLI-00207,Pessoa Física,MG
208,CLI-00208,Empresa,MG
209,CLI-00209,Empresa,SC
210,CLI-00210,Empresa,PR
211,CLI-00211,Empresa,SP
212,CLI-00212,Empresa,RJ
213,CLI-00213,Empresa,RJ
214,CLI-00214,Pessoa Física,SC
215,CLI-00215,Empresa,PR
216,CLI-00216,Empresa,RJ
217,CLI-00217,Pessoa Física,SC
218,CLI-00218,Pessoa Física,SP
219,CLI-00219,Pessoa Física,SP
220,CLI-00220,Empresa,SC
221,CLI-00221,Empresa,SC
222,CLI-00222,Empresa,SP
223,CLI-00223,Empresa,PR
224,CLI-00224,Empresa,PR
225,CLI-00225,Empresa,SP
226,CLI-00226,Empresa,MG
227,CLI-00227,Pessoa Física,PR
228,CLI-00228,Pessoa Física,PR
229,CLI-00229,Pessoa Física,PR
230,CLI-00230,Empresa,PR
231,CLI-00231,Empresa,MG
232,CLI-00232,Empresa,SC
233,CLI-00233,Pessoa Física,MG
234,CLI-00234,Empresa,SC
235,CLI-00235,Pessoa Física,MG
236,CLI-00236,Pessoa Física,SC
237,CLI-00237,Pessoa Física,SC
238,CLI-00238,Empresa,SC
239,CLI-00239,Empresa,PR
240,CLI-00240,Empresa,SP
241,CLI-00241,Pessoa Física,MG
242,CLI-00242,Pessoa Física,SP
243,CLI-00243,Pessoa Física,SC
244,CLI-00244,Pessoa Física,SC
245,CLI-00245,Empresa,PR
246,CLI-00246,Empresa,SC
247,CLI-00247,Empresa,SP
248,CLI-00248,Empresa,SC
249,CLI-00249,Pessoa Física,PR
250,CLI-00250,Empresa,SC
251,CLI-00251,Pessoa Física,SC
252,CLI-00252,Pessoa Física,RJ
253,CLI-00253,Pessoa Física,SC
254,CLI-00254,Empresa,SP
255,CLI-00255,Empresa,SP
256,CLI-00256,Empresa,PR
257,CLI-00257,Empresa,SC
258,CLI-00258,Empresa,PR
259,CLI-00259,Empresa,MG
260,CLI-00260,Empresa,RJ
261,CLI-00261,Pessoa Física,SC
262,CLI-00262,Empresa,SC
263,CLI-00263,Pessoa Física,RJ
264,CLI-00264,Empresa,RJ
265,CLI-00265,Empresa,SC
266,CLI-00266,Pessoa Física,RJ
267,CLI-00267,Empresa,RJ
268,CLI-00268,Pessoa Física,SP
269,CLI-00269,Pessoa Física,MG
270,CLI-00270,Pessoa Física,SP
271,CLI-00271,Pessoa Física,RJ
272,CLI-00272,Empresa,SP
273,CLI-00273,Empresa,SC
274,CLI-00274,Empresa,SC
275,CLI-00275,Empresa,MG
276,CLI-00276,Pessoa Física,SC
277,CLI-00277,Pessoa Física,SC
278,CLI-00278,Empresa,SC
279,CLI-00279,Pessoa Física,MG
280,CLI-00280,Empresa,SP
281,CLI-00281,Empresa,RJ
282,CLI-00282,Pessoa Física,SP
283,CLI-00283,Empresa,MG
284,CLI-00284,Empresa,MG
285,CLI-00285,Empresa,MG
286,CLI-00286,Pessoa Física,SC
287,CLI-00287,Pessoa Física,PR
288,CLI-00288,Pessoa Física,MG
289,CLI-00289,Pessoa Física,SC
290,CLI-00290,Pessoa Física,SC
291,CLI-00291,Empresa,SC
292,CLI-00292,Pessoa Física,MG
293,CLI-00293,Pessoa Física,SC
294,CLI-00294,Pessoa Física,PR
295,CLI-00295,Pessoa Física,MG
296,CLI-00296,Pessoa Física,PR
297,CLI-00297,Empresa,MG
298,CLI-00298,Pessoa Física,RJ
299,CLI-00299,Empresa,MG
300,CLI-00300,Empresa,SP
301,CLI-00301,Pessoa Física,SC
302,CLI-00302,Empresa,SC
303,CLI-00303,Pessoa Física,MG
304,CLI-00304,Empresa,MG
305,CLI-00305,Empresa,SC
306,CLI-00306,Empresa,SC
307,CLI-00307,Pessoa Física,SP
308,CLI-00308,Pessoa Física,SC
309,CLI-00309,Pessoa Física,MG
310,CLI-00310,Pessoa Física,SP
311,CLI-00311,Pessoa Física,SC
312,CLI-00312,Empresa,SP
313,CLI-00313,Pessoa Física,MG
314,CLI-00314,Empresa,SC
315,CLI-00315,Pessoa Física,MG
316,CLI-00316,Pessoa Física,RJ
317,CLI-00317,Pessoa Física,MG
318,CLI-00318,Empresa,PR
319,CLI-00319,Empresa,SP
320,CLI-00320,Pessoa Física,MG
321,CLI-00321,Pessoa Física,SP
322,CLI-00322,Empresa,MG
323,CLI-00323,Pessoa Física,RJ
324,CLI-00324,Empresa,PR
325,CLI-00325,Empresa,SC
326,CLI-00326,Pessoa Física,RJ
327,CLI-00327,Empresa,PR
328,CLI-00328,Empresa,PR
329,CLI-00329,Empresa,SC
330,CLI-00330,Empresa,PR
331,CLI-00331,Empresa,SP
332,CLI-00332,Empresa,SP
333,CLI-00333,Empresa,PR
334,CLI-00334,Pessoa Física,SC
335,CLI-00335,Pessoa Física,PR
336,CLI-00336,Pessoa Física,SC
337,CLI-00337,Empresa,SP
338,CLI-00338,Pessoa Física,PR
339,CLI-00339,Empresa,SC
340,CLI-00340,Pessoa Física,SP
341,CLI-00341,Empresa,SC
342,CLI-00342,Empresa,PR
343,CLI-00343,Empresa,SC
344,CLI-00344,Empresa,PR
345,CLI-00345,Empresa,PR
346,CLI-00346,Pessoa Física,SP
347,CLI-00347,Pessoa Física,PR
348,CLI-00348,Empresa,SP
349,CLI-00349,Empresa,SC
350,CLI-00350,Pessoa Física,RJ
351,CLI-00351,Pessoa Física,RJ
352,CLI-00352,Empresa,SC
353,CLI-00353,Pessoa Física,SP
354,CLI-00354,Empresa,PR
355,CLI-00355,Pessoa Física,PR
356,CLI-00356,Empresa,PR
357,CLI-00357,Pessoa Física,SC
358,CLI-00358,Pessoa Física,PR
359,CLI-00359,Empresa,MG
360,CLI-00360,Pessoa Física,PR
361,CLI-00361,Empresa,MG
362,CLI-00362,Pessoa Física,SP
363,CLI-00363,Pessoa Física,SP
364,CLI-00364,Pessoa Física,SC
365,CLI-00365,Empresa,PR
366,CLI-00366,Pessoa Física,MG
367,CLI-00367,Pessoa Física,SP
368,CLI-00368,Pessoa Física,SP
369,CLI-00369,Empresa,RJ
370,CLI-00370,Empresa,PR
371,CLI-00371,Empresa,SP
372,CLI-00372,Pessoa Física,MG
373,CLI-00373,Empresa,SP
374,CLI-00374,Pessoa Física,MG
375,CLI-00375,Empresa,SC
376,CLI-00376,Empresa,PR
377,CLI-00377,Pessoa Física,RJ
378,CLI-00378,Pessoa Física,SP
379,CLI-00379,Empresa,PR
380,CLI-00380,Pessoa Física,RJ
381,CLI-00381,Empresa,SC
382,CLI-00382,Empresa,SC
383,CLI-00383,Empresa,MG
384,CLI-00384,Empresa,RJ
385,CLI-00385,Empresa,RJ
386,CLI-00386,Pessoa Física,RJ
387,CLI-00387,Pessoa Física,MG
388,CLI-00388,Pessoa Física,SC
389,CLI-00389,Empresa,MG
390,CLI-00390,Pessoa Física,MG
391,CLI-00391,Empresa,SC
392,CLI-00392,Empresa,SP
393,CLI-00393,Empresa,RJ
394,CLI-00394,Empresa,RJ
395,CLI-00395,Pessoa Física,RJ
396,CLI-00396,Empresa,RJ
397,CLI-00397,Pessoa Física,PR
398,CLI-00398,Empresa,MG
399,CLI-00399,Empresa,PR
400,CLI-00400,Empresa,PR
401,CLI-00401,Pessoa Física,PR
402,CLI-00402,Empresa,PR
403,CLI-00403,Pessoa Física,PR
404,CLI-00404,Pessoa Física,RJ
405,CLI-00405,Empresa,RJ
406,CLI-00406,Empresa,SP
407,CLI-00407,Empresa,SC
408,CLI-00408,Pessoa Física,MG
409,CLI-00409,Pessoa Física,RJ
410,CLI-00410,Pessoa Física,RJ
411,CLI-00411,Empresa,SC
412,CLI-00412,Empresa,RJ
413,CLI-00413,Empresa,SP
414,CLI-00414,Empresa,RJ
415,CLI-00415,Empresa,PR
416,CLI-00416,Empresa,PR
417,CLI-00417,Empresa,PR
418,CLI-00418,Empresa,PR
419,CLI-00419,Pessoa Física,SP
420,CLI-00420,Empresa,SP
421,CLI-00421,Pessoa Física,PR
422,CLI-00422,Pessoa Física,PR
423,CLI-00423,Empresa,PR
424,CLI-00424,Empresa,SC
425,CLI-00425,Pessoa Física,PR
426,CLI-00426,Pessoa Física,SP
427,CLI-00427,Empresa,SC
428,CLI-00428,Pessoa Física,PR
429,CLI-00429,Empresa,PR
430,CLI-00430,Pessoa Física,MG
431,CLI-00431,Pessoa Física,SC
432,CLI-00432,Empresa,RJ
433,CLI-00433,Empresa,RJ
434,CLI-00434,Pessoa Física,MG
435,CLI-00435,Empresa,SC
436,CLI-00436,Pessoa Física,RJ
437,CLI-00437,Pessoa Física,RJ
438,CLI-00438,Empresa,RJ
439,CLI-00439,Empresa,SC
440,CLI-00440,Empresa,MG
441,CLI-00441,Empresa,RJ
442,CLI-00442,Pessoa Física,SP
443,CLI-00443,Pessoa Física,MG
444,CLI-00444,Empresa,SP
445,CLI-00445,Empresa,MG
446,CLI-00446,Pessoa Física,PR
447,CLI-00447,Empresa,SC
448,CLI-00448,Pessoa Física,MG
449,CLI-00449,Empresa,SP
450,CLI-00450,Pessoa Física,SP
451,CLI-00451,Pessoa Física,RJ
452,CLI-00452,Pessoa Física,MG
453,CLI-00453,Empresa,SC
454,CLI-00454,Pessoa Física,RJ
455,CLI-00455,Pessoa Física,MG
456,CLI-00456,Empresa,MG
457,CLI-00457,Empresa,SP
458,CLI-00458,Pessoa Física,SC
459,CLI-00459,Empresa,MG
460,CLI-00460,Empresa,RJ
461,CLI-00461,Empresa,RJ
462,CLI-00462,Empresa,MG
463,CLI-00463,Pessoa Física,RJ
464,CLI-00464,Empresa,RJ
465,CLI-00465,Empresa,MG
466,CLI-00466,Pessoa Física,RJ
467,CLI-00467,Pessoa Física,PR
468,CLI-00468,Empresa,MG
469,CLI-00469,Empresa,RJ
470,CLI-00470,Pessoa Física,SC
471,CLI-00471,Pessoa Física,SC
472,CLI-00472,Pessoa Física,RJ
473,CLI-00473,Pessoa Física,MG
474,CLI-00474,Pessoa Física,MG
475,CLI-00475,Empresa,SC
476,CLI-00476,Pessoa Física,SC
477,CLI-00477,Empresa,MG
478,CLI-00478,Pessoa Física,SP
479,CLI-00479,Empresa,RJ
480,CLI-00480,Empresa,RJ
481,CLI-00481,Empresa,SC
482,CLI-00482,Pessoa Física,PR
483,CLI-00483,Pessoa Física,SP
484,CLI-00484,Empresa,SP
485,CLI-00485,Empresa,RJ
486,CLI-00486,Pessoa Física,MG
487,CLI-00487,Empresa,MG
488,CLI-00488,Empresa,PR
489,CLI-00489,Empresa,PR
490,CLI-00490,Pessoa Física,SC
491,CLI-00491,Empresa,MG
492,CLI-00492,Empresa,SP
493,CLI-00493,Pessoa Física,PR
494,CLI-00494,Pessoa Física,PR
495,CLI-00495,Pessoa Física,SP
496,CLI-00496,Empresa,RJ
497,CLI-00497,Pessoa Física,MG
498,CLI-00498,Empresa,SP
499,CLI-00499,Pessoa Física,SP
500,CLI-00500,Pessoa Física,SP
501,CLI-00501,Pessoa Física,SP
502,CLI-00502,Pessoa Física,SC
503,CLI-00503,Empresa,SC
504,CLI-00504,Pessoa Física,PR
505,CLI-00505,Pessoa Física,PR
506,CLI-00506,Pessoa Física,PR
507,CLI-00507,Pessoa Física,SC
508,CLI-00508,Empresa,SP
509,CLI-00509,Pessoa Física,PR
510,CLI-00510,Pessoa Física,PR
511,CLI-00511,Pessoa Física,PR
512,CLI-00512,Empresa,RJ
513,CLI-00513,Pessoa Física,PR
514,CLI-00514,Pessoa Física,PR
515,CLI-00515,Empresa,SP
516,CLI-00516,Empresa,MG
517,CLI-00517,Empresa,SC
518,CLI-00518,Pessoa Física,MG
519,CLI-00519,Pessoa Física,MG
520,CLI-00520,Pessoa Física,MG
521,CLI-00521,Empresa,SP
522,CLI-00522,Pessoa Física,SC
523,CLI-00523,Empresa,PR
524,CLI-00524,Empresa,PR
525,CLI-00525,Pessoa Física,PR
526,CLI-00526,Empresa,SC
527,CLI-00527,Pessoa Física,SP
528,CLI-00528,Pessoa Física,SP
529,CLI-00529,Pessoa Física,SP
530,CLI-00530,Pessoa Física,MG
531,CLI-00531,Pessoa Física,SP
532,CLI-00532,Empresa,PR
533,CLI-00533,Pessoa Física,RJ
534,CLI-00534,Pessoa Física,SC
535,CLI-00535,Pessoa Física,PR
536,CLI-00536,Pessoa Física,PR
537,CLI-00537,Empresa,PR
538,CLI-00538,Pessoa Física,SP
539,CLI-00539,Pessoa Física,SC
540,CLI-00540,Empresa,RJ
541,CLI-00541,Pessoa Física,SP
542,CLI-00542,Pessoa Física,MG
543,CLI-00543,Empresa,RJ
544,CLI-00544,Empresa,SP
545,CLI-00545,Pessoa Física,SP
546,CLI-00546,Empresa,SC
547,CLI-00547,Empresa,MG
548,CLI-00548,Pessoa Física,MG
549,CLI-00549,Empresa,MG
550,CLI-00550,Pessoa Física,SC
551,CLI-00551,Pessoa Física,SP
552,CLI-00552,Pessoa Física,MG
553,CLI-00553,Pessoa Física,PR
554,CLI-00554,Empresa,PR
555,CLI-00555,Empresa,PR
556,CLI-00556,Pessoa Física,RJ
557,CLI-00557,Pessoa Física,PR
558,CLI-00558,Empresa,SC
559,CLI-00559,Empresa,RJ
560,CLI-00560,Pessoa Física,MG
561,CLI-00561,Empresa,SC
562,CLI-00562,Empresa,SC
563,CLI-00563,Empresa,RJ
564,CLI-00564,Empresa,PR
565,CLI-00565,Empresa,SC
566,CLI-00566,Empresa,RJ
567,CLI-00567,Empresa,RJ
568,CLI-00568,Empresa,RJ
569,CLI-00569,Empresa,MG
570,CLI-00570,Pessoa Física,PR
571,CLI-00571,Empresa,RJ
572,CLI-00572,Pessoa Física,SP
573,CLI-00573,Pessoa Física,PR
574,CLI-00574,Empresa,SP
575,CLI-00575,Pessoa Física,SP
576,CLI-00576,Empresa,RJ
577,CLI-00577,Empresa,PR
578,CLI-00578,Pessoa Física,SP
579,CLI-00579,Empresa,SC
580,CLI-00580,Empresa,RJ
581,CLI-00581,Pessoa Física,SP
582,CLI-00582,Empresa,SC
583,CLI-00583,Empresa,PR
584,CLI-00584,Pessoa Física,SP
585,CLI-00585,Pessoa Física,SC
586,CLI-00586,Pessoa Física,RJ
587,CLI-00587,Empresa,SP
588,CLI-00588,Pessoa Física,PR
589,CLI-00589,Pessoa Física,PR
590,CLI-00590,Pessoa Física,SC
591,CLI-00591,Empresa,PR
592,CLI-00592,Empresa,RJ
593,CLI-00593,Empresa,SC
594,CLI-00594,Empresa,MG
595,CLI-00595,Empresa,PR
596,CLI-00596,Empresa,RJ
597,CLI-00597,Pessoa Física,SP
598,CLI-00598,Pessoa Física,RJ
599,CLI-00599,Pessoa Física,SP
600,CLI-00600,Pessoa Física,PR
601,CLI-00601,Empresa,RJ
602,CLI-00602,Pessoa Física,PR
603,CLI-00603,Pessoa Física,RJ
604,CLI-00604,Empresa,SP
605,CLI-00605,Empresa,PR
606,CLI-00606,Empresa,PR
607,CLI-00607,Empresa,RJ
608,CLI-00608,Pessoa Física,RJ
609,CLI-00609,Pessoa Física,SC
610,CLI-00610,Pessoa Física,RJ
611,CLI-00611,Pessoa Física,PR
612,CLI-00612,Empresa,SP
613,CLI-00613,Pessoa Física,RJ
614,CLI-00614,Pessoa Física,MG
615,CLI-00615,Pessoa Física,RJ
616,CLI-00616,Empresa,SC
617,CLI-00617,Pessoa Física,PR
618,CLI-00618,Pessoa Física,SP
619,CLI-00619,Pessoa Física,SC
620,CLI-00620,Pessoa Física,PR
621,CLI-00621,Empresa,PR
622,CLI-00622,Empresa,PR
623,CLI-00623,Pessoa Física,MG
624,CLI-00624,Pessoa Física,MG
625,CLI-00625,Empresa,PR
626,CLI-00626,Pessoa Física,MG
627,CLI-00627,Empresa,SC
628,CLI-00628,Empresa,SP
629,CLI-00629,Pessoa Física,RJ
630,CLI-00630,Pessoa Física,MG
631,CLI-00631,Empresa,SC
632,CLI-00632,Pessoa Física,SC
633,CLI-00633,Pessoa Física,RJ
634,CLI-00634,Empresa,MG
635,CLI-00635,Empresa,SC
636,CLI-00636,Pessoa Física,SC
637,CLI-00637,Pessoa Física,RJ
638,CLI-00638,Empresa,SC
639,CLI-00639,Empresa,RJ
640,CLI-00640,Empresa,MG
641,CLI-00641,Pessoa Física,SP
642,CLI-00642,Empresa,PR
643,CLI-00643,Pessoa Física,SC
644,CLI-00644,Empresa,MG
645,CLI-00645,Empresa,SP
646,CLI-00646,Pessoa Física,RJ
647,CLI-00647,Pessoa Física,RJ
648,CLI-00648,Empresa,RJ
649,CLI-00649,Pessoa Física,SP
650,CLI-00650,Pessoa Física,SC
651,CLI-00651,Pessoa Física,MG
652,CLI-00652,Empresa,RJ
653,CLI-00653,Empresa,RJ
654,CLI-00654,Empresa,SC
655,CLI-00655,Pessoa Física,PR
656,CLI-00656,Pessoa Física,SP
657,CLI-00657,Pessoa Física,SC
658,CLI-00658,Pessoa Física,PR
659,CLI-00659,Empresa,MG
660,CLI-00660,Pessoa Física,MG
661,CLI-00661,Empresa,PR
662,CLI-00662,Pessoa Física,PR
663,CLI-00663,Empresa,MG
664,CLI-00664,Pessoa Física,RJ
665,CLI-00665,Empresa,MG
666,CLI-00666,Empresa,SC
667,CLI-00667,Empresa,MG
668,CLI-00668,Pessoa Física,SC
669,CLI-00669,Pessoa Física,RJ
670,CLI-00670,Empresa,RJ
671,CLI-00671,Empresa,SP
672,CLI-00672,Pessoa Física,SC
673,CLI-00673,Empresa,SC
674,CLI-00674,Pessoa Física,MG
675,CLI-00675,Empresa,PR
676,CLI-00676,Pessoa Física,MG
677,CLI-00677,Pessoa Física,SP
678,CLI-00678,Pessoa Física,RJ
679,CLI-00679,Empresa,MG
680,CLI-00680,Pessoa Física,PR
681,CLI-00681,Pessoa Física,RJ
682,CLI-00682,Empresa,PR
683,CLI-00683,Empresa,RJ
684,CLI-00684,Empresa,SC
685,CLI-00685,Pessoa Física,MG
686,CLI-00686,Empresa,SP
687,CLI-00687,Pessoa Física,SC
688,CLI-00688,Pessoa Física,SP
689,CLI-00689,Pessoa Física,MG
690,CLI-00690,Empresa,MG
691,CLI-00691,Pessoa Física,SC
692,CLI-00692,Pessoa Física,RJ
693,CLI-00693,Empresa,SP
694,CLI-00694,Empresa,SC
695,CLI-00695,Empresa,SC
696,CLI-00696,Pessoa Física,SP
697,CLI-00697,Pessoa Física,MG
698,CLI-00698,Pessoa Física,RJ
699,CLI-00699,Pessoa Física,PR
700,CLI-00700,Pessoa Física,SC
701,CLI-00701,Pessoa Física,RJ
702,CLI-00702,Empresa,MG
703,CLI-00703,Empresa,RJ
704,CLI-00704,Pessoa Física,SP
705,CLI-00705,Pessoa Física,PR
706,CLI-00706,Pessoa Física,MG
707,CLI-00707,Pessoa Física,PR
708,CLI-00708,Pessoa Física,RJ
709,CLI-00709,Empresa,PR
710,CLI-00710,Empresa,MG
711,CLI-00711,Pessoa Física,SC
712,CLI-00712,Empresa,RJ
713,CLI-00713,Pessoa Física,PR
714,CLI-00714,Empresa,MG
715,CLI-00715,Pessoa Física,RJ
716,CLI-00716,Pessoa Física,PR
717,CLI-00717,Empresa,RJ
718,CLI-00718,Pessoa Física,SP
719,CLI-00719,Empresa,SP
720,CLI-00720,Pessoa Física,MG
721,CLI-00721,Pessoa Física,MG
722,CLI-00722,Pessoa Física,PR
723,CLI-00723,Empresa,SC
724,CLI-00724,Empresa,PR
725,CLI-00725,Pessoa Física,SP
726,CLI-00726,Empresa,RJ
727,CLI-00727,Pessoa Física,RJ
728,CLI-00728,Pessoa Física,SC
729,CLI-00729,Pessoa Física,SP
730,CLI-00730,Empresa,RJ
731,CLI-00731,Empresa,MG
732,CLI-00732,Empresa,MG
733,CLI-00733,Empresa,MG
734,CLI-00734,Empresa,PR
735,CLI-00735,Empresa,SC
736,CLI-00736,Pessoa Física,PR
737,CLI-00737,Pessoa Física,RJ
738,CLI-00738,Empresa,RJ
739,CLI-00739,Pessoa Física,PR
740,CLI-00740,Empresa,PR
741,CLI-00741,Empresa,SP
742,CLI-00742,Pessoa Física,RJ
743,CLI-00743,Empresa,SC
744,CLI-00744,Pessoa Física,SC
745,CLI-00745,Empresa,SP
746,CLI-00746,Pessoa Física,RJ
747,CLI-00747,Pessoa Física,MG
748,CLI-00748,Pessoa Física,SP
749,CLI-00749,Pessoa Física,RJ
750,CLI-00750,Empresa,PR
751,CLI-00751,Empresa,PR
752,CLI-00752,Pessoa Física,PR
753,CLI-00753,Pessoa Física,SC
754,CLI-00754,Empresa,RJ
755,CLI-00755,Empresa,MG
756,CLI-00756,Empresa,SC
757,CLI-00757,Empresa,RJ
758,CLI-00758,Pessoa Física,MG
759,CLI-00759,Pessoa Física,SP
760,CLI-00760,Empresa,RJ
761,CLI-00761,Pessoa Física,PR
762,CLI-00762,Empresa,SC
763,CLI-00763,Pessoa Física,MG
764,CLI-00764,Pessoa Física,MG
765,CLI-00765,Empresa,SC
766,CLI-00766,Empresa,SC
767,CLI-00767,Pessoa Física,MG
768,CLI-00768,Pessoa Física,SP
769,CLI-00769,Empresa,PR
770,CLI-00770,Empresa,SC
771,CLI-00771,Empresa,SC
772,CLI-00772,Pessoa Física,RJ
773,CLI-00773,Empresa,SP
774,CLI-00774,Empresa,PR
775,CLI-00775,Pessoa Física,MG
776,CLI-00776,Empresa,SC
777,CLI-00777,Pessoa Física,SC
778,CLI-00778,Empresa,RJ
779,CLI-00779,Empresa,SC
780,CLI-00780,Pessoa Física,RJ
781,CLI-00781,Empresa,SC
782,CLI-00782,Pessoa Física,RJ
783,CLI-00783,Pessoa Física,SP
784,CLI-00784,Pessoa Física,MG
785,CLI-00785,Empresa,SC
786,CLI-00786,Empresa,MG
787,CLI-00787,Empresa,MG
788,CLI-00788,Empresa,SP
789,CLI-00789,Empresa,SC
790,CLI-00790,Pessoa Física,SC
791,CLI-00791,Pessoa Física,MG
792,CLI-00792,Empresa,PR
793,CLI-00793,Pessoa Física,SC
794,CLI-00794,Pessoa Física,PR
795,CLI-00795,Pessoa Física,SC
796,CLI-00796,Empresa,SC
797,CLI-00797,Empresa,SP
798,CLI-00798,Empresa,SP
799,CLI-00799,Empresa,RJ
800,CLI-00800,Pessoa Física,PR
801,CLI-00801,Pessoa Física,RJ
802,CLI-00802,Pessoa Física,SC
803,CLI-00803,Empresa,PR
804,CLI-00804,Empresa,MG
805,CLI-00805,Pessoa Física,PR
806,CLI-00806,Empresa,RJ
807,CLI-00807,Pessoa Física,MG
808,CLI-00808,Pessoa Física,PR
809,CLI-00809,Empresa,PR
810,CLI-00810,Empresa,SC
811,CLI-00811,Pessoa Física,SC
812,CLI-00812,Pessoa Física,RJ
813,CLI-00813,Pessoa Física,SC
814,CLI-00814,Pessoa Física,SC
815,CLI-00815,Pessoa Física,SP
816,CLI-00816,Pessoa Física,PR
817,CLI-00817,Pessoa Física,MG
818,CLI-00818,Empresa,SC
819,CLI-00819,Empresa,RJ
820,CLI-00820,Pessoa Física,SP
821,CLI-00821,Pessoa Física,PR
822,CLI-00822,Empresa,MG
823,CLI-00823,Pessoa Física,MG
824,CLI-00824,Pessoa Física,SC
825,CLI-00825,Pessoa Física,MG
826,CLI-00826,Empresa,SC
827,CLI-00827,Pessoa Física,PR
828,CLI-00828,Pessoa Física,PR
829,CLI-00829,Empresa,SP
830,CLI-00830,Pessoa Física,RJ
831,CLI-00831,Pessoa Física,RJ
832,CLI-00832,Empresa,SP
833,CLI-00833,Pessoa Física,SP
834,CLI-00834,Empresa,PR
835,CLI-00835,Empresa,PR
836,CLI-00836,Pessoa Física,MG
837,CLI-00837,Empresa,SC
838,CLI-00838,Pessoa Física,MG
839,CLI-00839,Pessoa Física,RJ
840,CLI-00840,Empresa,SC
841,CLI-00841,Pessoa Física,MG
842,CLI-00842,Pessoa Física,MG
843,CLI-00843,Empresa,SP
844,CLI-00844,Empresa,MG
845,CLI-00845,Empresa,MG
846,CLI-00846,Empresa,MG
847,CLI-00847,Pessoa Física,SP
848,CLI-00848,Pessoa Física,RJ
849,CLI-00849,Pessoa Física,SC
850,CLI-00850,Pessoa Física,RJ
851,CLI-00851,Empresa,SC
852,CLI-00852,Pessoa Física,PR
853,CLI-00853,Pessoa Física,PR
854,CLI-00854,Pessoa Física,PR
855,CLI-00855,Empresa,SP
856,CLI-00856,Empresa,MG
857,CLI-00857,Pessoa Física,SP
858,CLI-00858,Empresa,SC
859,CLI-00859,Empresa,RJ
860,CLI-00860,Empresa,SP
861,CLI-00861,Empresa,PR
862,CLI-00862,Pessoa Física,RJ
863,CLI-00863,Empresa,SC
864,CLI-00864,Empresa,SC
865,CLI-00865,Empresa,RJ
866,CLI-00866,Empresa,SP
867,CLI-00867,Empresa,MG
868,CLI-00868,Empresa,SP
869,CLI-00869,Empresa,MG
870,CLI-00870,Empresa,RJ
871,CLI-00871,Pessoa Física,MG
872,CLI-00872,Pessoa Física,RJ
873,CLI-00873,Pessoa Física,PR
874,CLI-00874,Pessoa Física,RJ
875,CLI-00875,Pessoa Física,SP
876,CLI-00876,Empresa,SP
877,CLI-00877,Empresa,RJ
878,CLI-00878,Empresa,RJ
879,CLI-00879,Pessoa Física,PR
880,CLI-00880,Empresa,PR
881,CLI-00881,Pessoa Física,SP
882,CLI-00882,Empresa,MG
883,CLI-00883,Empresa,PR
884,CLI-00884,Pessoa Física,SC
885,CLI-00885,Empresa,PR
886,CLI-00886,Empresa,RJ
887,CLI-00887,Pessoa Física,SC
888,CLI-00888,Empresa,MG
889,CLI-00889,Empresa,SC
890,CLI-00890,Empresa,SP
891,CLI-00891,Pessoa Física,SP
892,CLI-00892,Pessoa Física,MG
893,CLI-00893,Pessoa Física,RJ
894,CLI-00894,Empresa,SC
895,CLI-00895,Pessoa Física,RJ
896,CLI-00896,Empresa,SP
897,CLI-00897,Pessoa Física,SC
898,CLI-00898,Pessoa Física,PR
899,CLI-00899,Empresa,RJ
900,CLI-00900,Empresa,PR
901,CLI-00901,Empresa,PR
902,CLI-00902,Empresa,SP
903,CLI-00903,Pessoa Física,RJ
904,CLI-00904,Empresa,SC
905,CLI-00905,Pessoa Física,SP
906,CLI-00906,Empresa,SP
907,CLI-00907,Empresa,RJ
908,CLI-00908,Empresa,MG
909,CLI-00909,Empresa,MG
910,CLI-00910,Pessoa Física,SC
911,CLI-00911,Empresa,SC
912,CLI-00912,Empresa,SC
913,CLI-00913,Pessoa Física,PR
914,CLI-00914,Empresa,PR
915,CLI-00915,Empresa,SC
916,CLI-00916,Empresa,PR
917,CLI-00917,Pessoa Física,SC
918,CLI-00918,Empresa,PR
919,CLI-00919,Pessoa Física,SC
920,CLI-00920,Pessoa Física,SC
921,CLI-00921,Pessoa Física,RJ
922,CLI-00922,Pessoa Física,MG
923,CLI-00923,Pessoa Física,RJ
924,CLI-00924,Empresa,MG
925,CLI-00925,Empresa,PR
926,CLI-00926,Empresa,SC
927,CLI-00927,Pessoa Física,SC
928,CLI-00928,Pessoa Física,SP
929,CLI-00929,Empresa,MG
930,CLI-00930,Pessoa Física,SP
931,CLI-00931,Pessoa Física,SC
932,CLI-00932,Pessoa Física,RJ
933,CLI-00933,Pessoa Física,SC
934,CLI-00934,Pessoa Física,MG
935,CLI-00935,Pessoa Física,RJ
936,CLI-00936,Pessoa Física,MG
937,CLI-00937,Empresa,SC
938,CLI-00938,Pessoa Física,SP
939,CLI-00939,Empresa,RJ
940,CLI-00940,Pessoa Física,MG
941,CLI-00941,Empresa,SP
942,CLI-00942,Empresa,PR
943,CLI-00943,Empresa,SC
944,CLI-00944,Pessoa Física,PR
945,CLI-00945,Empresa,SP
946,CLI-00946,Empresa,PR
947,CLI-00947,Empresa,PR
948,CLI-00948,Pessoa Física,MG
949,CLI-00949,Pessoa Física,SP
950,CLI-00950,Pessoa Física,SC
951,CLI-00951,Empresa,RJ
952,CLI-00952,Empresa,MG
953,CLI-00953,Pessoa Física,MG
954,CLI-00954,Empresa,MG
955,CLI-00955,Pessoa Física,PR
956,CLI-00956,Pessoa Física,PR
957,CLI-00957,Pessoa Física,RJ
958,CLI-00958,Pessoa Física,PR
959,CLI-00959,Pessoa Física,RJ
960,CLI-00960,Pessoa Física,SC
961,CLI-00961,Pessoa Física,SC
962,CLI-00962,Empresa,RJ
963,CLI-00963,Pessoa Física,PR
964,CLI-00964,Pessoa Física,SC
965,CLI-00965,Pessoa Física,SC
966,CLI-00966,Pessoa Física,SP
967,CLI-00967,Pessoa Física,PR
968,CLI-00968,Empresa,SP
969,CLI-00969,Empresa,MG
970,CLI-00970,Empresa,SC
971,CLI-00971,Pessoa Física,SP
972,CLI-00972,Pessoa Física,SC
973,CLI-00973,Empresa,SC
974,CLI-00974,Pessoa Física,RJ
975,CLI-00975,Empresa,SP
976,CLI-00976,Empresa,SP
977,CLI-00977,Pessoa Física,PR
978,CLI-00978,Empresa,SP
979,CLI-00979,Empresa,SC
980,CLI-00980,Empresa,SC
981,CLI-00981,Empresa,SP
982,CLI-00982,Pessoa Física,MG
983,CLI-00983,Pessoa Física,SC
984,CLI-00984,Pessoa Física,RJ
985,CLI-00985,Pessoa Física,MG
986,CLI-00986,Pessoa Física,SC
987,CLI-00987,Empresa,MG
988,CLI-00988,Empresa,SP
989,CLI-00989,Empresa,SP
990,CLI-00990,Pessoa Física,RJ
991,CLI-00991,Empresa,MG
992,CLI-00992,Pessoa Física,SC
993,CLI-00993,Empresa,MG
994,CLI-00994,Pessoa Física,SP
995,CLI-00995,Empresa,PR
996,CLI-00996,Empresa,RJ
997,CLI-00997,Empresa,RJ
998,CLI-00998,Pessoa Física,RJ
999,CLI-00999,Empresa,SC
1000,CLI-01000,Empresa,PR
1001,CLI-01001,Empresa,MG
1002,CLI-01002,Empresa,RJ
1003,CLI-01003,Pessoa Física,RJ
1004,CLI-01004,Pessoa Física,SC
1005,CLI-01005,Empresa,MG
1006,CLI-01006,Empresa,SC
1007,CLI-01007,Empresa,PR
1008,CLI-01008,Pessoa Física,SP
1009,CLI-01009,Pessoa Física,PR
1010,CLI-01010,Pessoa Física,SC
1011,CLI-01011,Pessoa Física,PR
1012,CLI-01012,Pessoa Física,SP
1013,CLI-01013,Empresa,SP
1014,CLI-01014,Pessoa Física,MG
1015,CLI-01015,Empresa,SC
1016,CLI-01016,Pessoa Física,PR
1017,CLI-01017,Empresa,MG
1018,CLI-01018,Pessoa Física,RJ
1019,CLI-01019,Empresa,MG
1020,CLI-01020,Empresa,PR
1021,CLI-01021,Pessoa Física,MG
1022,CLI-01022,Pessoa Física,SC
1023,CLI-01023,Empresa,SC
1024,CLI-01024,Empresa,SC
1025,CLI-01025,Pessoa Física,PR
1026,CLI-01026,Pessoa Física,RJ
1027,CLI-01027,Pessoa Física,PR
1028,CLI-01028,Pessoa Física,MG
1029,CLI-01029,Pessoa Física,SC
1030,CLI-01030,Empresa,RJ
1031,CLI-01031,Empresa,PR
1032,CLI-01032,Pessoa Física,SP
1033,CLI-01033,Pessoa Física,RJ
1034,CLI-01034,Pessoa Física,PR
1035,CLI-01035,Pessoa Física,MG
1036,CLI-01036,Empresa,PR
1037,CLI-01037,Empresa,SP
1038,CLI-01038,Empresa,MG
1039,CLI-01039,Empresa,PR
1040,CLI-01040,Empresa,SP
1041,CLI-01041,Pessoa Física,SC
1042,CLI-01042,Pessoa Física,MG
1043,CLI-01043,Pessoa Física,RJ
1044,CLI-01044,Empresa,SC
1045,CLI-01045,Pessoa Física,MG
1046,CLI-01046,Empresa,RJ
1047,CLI-01047,Empresa,PR
1048,CLI-01048,Pessoa Física,SC
1049,CLI-01049,Pessoa Física,SP
1050,CLI-01050,Pessoa Física,SP
1051,CLI-01051,Pessoa Física,SP
1052,CLI-01052,Empresa,SC
1053,CLI-01053,Empresa,SC
1054,CLI-01054,Pessoa Física,PR
1055,CLI-01055,Empresa,MG
1056,CLI-01056,Empresa,MG
1057,CLI-01057,Empresa,MG
1058,CLI-01058,Empresa,PR
1059,CLI-01059,Pessoa Física,SP
1060,CLI-01060,Empresa,SP
1061,CLI-01061,Pessoa Física,SC
1062,CLI-01062,Empresa,SP
1063,CLI-01063,Pessoa Física,SC
1064,CLI-01064,Pessoa Física,MG
1065,CLI-01065,Pessoa Física,RJ
1066,CLI-01066,Empresa,MG
1067,CLI-01067,Empresa,MG
1068,CLI-01068,Pessoa Física,RJ
1069,CLI-01069,Empresa,MG
1070,CLI-01070,Pessoa Física,SC
1071,CLI-01071,Pessoa Física,PR
1072,CLI-01072,Empresa,MG
1073,CLI-01073,Pessoa Física,RJ
1074,CLI-01074,Pessoa Física,PR
1075,CLI-01075,Pessoa Física,PR
1076,CLI-01076,Empresa,SP
1077,CLI-01077,Pessoa Física,PR
1078,CLI-01078,Pessoa Física,SP
1079,CLI-01079,Empresa,RJ
1080,CLI-01080,Pessoa Física,RJ
1081,CLI-01081,Empresa,SC
1082,CLI-01082,Pessoa Física,RJ
1083,CLI-01083,Pessoa Física,SP
1084,CLI-01084,Pessoa Física,SP
1085,CLI-01085,Pessoa Física,SC
1086,CLI-01086,Empresa,SP
1087,CLI-01087,Pessoa Física,SP
1088,CLI-01088,Empresa,PR
1089,CLI-01089,Pessoa Física,RJ
1090,CLI-01090,Empresa,SC
1091,CLI-01091,Pessoa Física,PR
1092,CLI-01092,Pessoa Física,RJ
1093,CLI-01093,Empresa,RJ
1094,CLI-01094,Pessoa Física,RJ
1095,CLI-01095,Pessoa Física,PR
1096,CLI-01096,Pessoa Física,SP
1097,CLI-01097,Empresa,MG
1098,CLI-01098,Pessoa Física,SC
1099,CLI-01099,Empresa,MG
1100,CLI-01100,Empresa,RJ
1101,CLI-01101,Empresa,SC
1102,CLI-01102,Pessoa Física,MG
1103,CLI-01103,Pessoa Física,MG
1104,CLI-01104,Pessoa Física,SP
1105,CLI-01105,Empresa,MG
1106,CLI-01106,Pessoa Física,RJ
1107,CLI-01107,Pessoa Física,SP
1108,CLI-01108,Pessoa Física,SC
1109,CLI-01109,Empresa,RJ
1110,CLI-01110,Empresa,PR
1111,CLI-01111,Empresa,PR
1112,CLI-01112,Empresa,SP
1113,CLI-01113,Pessoa Física,SC
1114,CLI-01114,Empresa,PR
1115,CLI-01115,Pessoa Física,RJ
1116,CLI-01116,Empresa,RJ
1117,CLI-01117,Empresa,PR
1118,CLI-01118,Empresa,SP
1119,CLI-01119,Pessoa Física,MG
1120,CLI-01120,Pessoa Física,SP
1121,CLI-01121,Pessoa Física,RJ
1122,CLI-01122,Pessoa Física,SP
1123,CLI-01123,Empresa,PR
1124,CLI-01124,Empresa,SP
1125,CLI-01125,Pessoa Física,PR
1126,CLI-01126,Pessoa Física,MG
1127,CLI-01127,Empresa,MG
1128,CLI-01128,Pessoa Física,SP
1129,CLI-01129,Empresa,MG
1130,CLI-01130,Pessoa Física,PR
1131,CLI-01131,Pessoa Física,PR
1132,CLI-01132,Pessoa Física,SP
1133,CLI-01133,Empresa,MG
1134,CLI-01134,Empresa,MG
1135,CLI-01135,Pessoa Física,SC
1136,CLI-01136,Pessoa Física,MG
1137,CLI-01137,Pessoa Física,RJ
1138,CLI-01138,Pessoa Física,SC
1139,CLI-01139,Empresa,SC
1140,CLI-01140,Empresa,SC
1141,CLI-01141,Empresa,MG
1142,CLI-01142,Pessoa Física,PR
1143,CLI-01143,Empresa,PR
1144,CLI-01144,Pessoa Física,SP
1145,CLI-01145,Pessoa Física,SC
1146,CLI-01146,Pessoa Física,RJ
1147,CLI-01147,Empresa,PR
1148,CLI-01148,Pessoa Física,MG
1149,CLI-01149,Empresa,SC
1150,CLI-01150,Empresa,RJ
1151,CLI-01151,Pessoa Física,RJ
1152,CLI-01152,Pessoa Física,SP
1153,CLI-01153,Empresa,SC
1154,CLI-01154,Pessoa Física,SC
1155,CLI-01155,Empresa,SC
1156,CLI-01156,Pessoa Física,PR
1157,CLI-01157,Pessoa Física,RJ
1158,CLI-01158,Empresa,SC
1159,CLI-01159,Pessoa Física,SC
1160,CLI-01160,Empresa,PR
1161,CLI-01161,Empresa,SC
1162,CLI-01162,Empresa,SC
1163,CLI-01163,Empresa,PR
1164,CLI-01164,Empresa,MG
1165,CLI-01165,Empresa,MG
1166,CLI-01166,Pessoa Física,SC
1167,CLI-01167,Pessoa Física,PR
1168,CLI-01168,Pessoa Física,PR
1169,CLI-01169,Empresa,RJ
1170,CLI-01170,Pessoa Física,MG
1171,CLI-01171,Empresa,PR
1172,CLI-01172,Empresa,SP
1173,CLI-01173,Pessoa Física,RJ
1174,CLI-01174,Empresa,SC
1175,CLI-01175,Pessoa Física,SC
1176,CLI-01176,Empresa,SP
1177,CLI-01177,Pessoa Física,SP
1178,CLI-01178,Pessoa Física,SC
1179,CLI-01179,Empresa,MG
1180,CLI-01180,Empresa,RJ
1181,CLI-01181,Pessoa Física,PR
1182,CLI-01182,Empresa,SC
1183,CLI-01183,Pessoa Física,RJ
1184,CLI-01184,Empresa,RJ
1185,CLI-01185,Pessoa Física,SC
1186,CLI-01186,Pessoa Física,RJ
1187,CLI-01187,Pessoa Física,SC
1188,CLI-01188,Empresa,SC
1189,CLI-01189,Empresa,SP
1190,CLI-01190,Pessoa Física,SC
1191,CLI-01191,Empresa,PR
1192,CLI-01192,Empresa,SC
1193,CLI-01193,Empresa,MG
1194,CLI-01194,Pessoa Física,MG
1195,CLI-01195,Empresa,SP
1196,CLI-01196,Pessoa Física,RJ
1197,CLI-01197,Pessoa Física,PR
1198,CLI-01198,Empresa,MG
1199,CLI-01199,Pessoa Física,MG
1200,CLI-01200,Pessoa Física,SC
