pessoa_id,unidade,area,status
P00001,Camaçari,Compras,Ativo
P00002,Joinville,RH,Ativo
P00003,Joinville,TI,Ativo
P00004,Joinville,Compras,Ativo
P00005,Guarulhos,Produção,Ativo
P00006,Guarulhos,Logística,Ativo
P00007,Joinville,Logística,Ativo
P00008,Joinville,Engenharia,Ativo
P00009,Guarulhos,Produção,Ativo
P00010,Jaboticabal,RH,Ativo
P00011,Camaçari,Qualidade,Ativo
P00012,Guarulhos,Compras,Ativo
P00013,Camaçari,Produção,Ativo
P00014,Jaboticabal,Logística,Ativo
P00015,Camaçari,Logística,Ativo
P00016,Camaçari,Logística,Ativo
P00017,Jaboticabal,Engenharia,Ativo
P00018,Camaçari,Qualidade,Ativo
P00019,Jaboticabal,Qualidade,Ativo
P00020,Joinville,TI,Ativo
P00021,Jaboticabal,Compras,Ativo
P00022,Jaboticabal,Logística,Ativo
P00023,Joinville,Engenharia,Ativo
P00024,Jaboticabal,Compras,Ativo
P00025,Joinville,TI,Ativo
P00026,Guarulhos,TI,Ativo
P00027,Joinville,Logística,Ativo
P00028,Jaboticabal,TI,Ativo
P00029,Guarulhos,Produção,Ativo
P00030,Joinville,Compras,Ativo
P00031,Jaboticabal,Qualidade,Ativo
P00032,Joinville,Compras,Ativo
P00033,Jaboticabal,Compras,Ativo
P00034,Joinville,RH,Ativo
P00035,Camaçari,Engenharia,Ativo
P00036,Camaçari,Compras,Ativo
P00037,Jaboticabal,Produção,Ativo
P00038,Guarulhos,Logística,Ativo
P00039,Jaboticabal,TI,Ativo
P00040,Joinville,Logística,Ativo
P00041,Guarulhos,TI,Ativo
P00042,Joinville,Qualidade,Ativo
P00043,Guarulhos,Logística,Ativo
P00044,Jaboticabal,Engenharia,Ativo
P00045,Camaçari,Produção,Ativo
P00046,Camaçari,TI,Ativo
P00047,Jaboticabal,TI,Ativo
P00048,Jaboticabal,RH,Ativo
P00049,Jaboticabal,Compras,Ativo
P00050,Guarulhos,Compras,Ativo
P00051,Joinville,Qualidade,Ativo
P00052,Joinville,Qualidade,Ativo
P00053,Jaboticabal,RH,Ativo
P00054,Camaçari,Logística,Ativo
P00055,Camaçari,Engenharia,Ativo
P00056,Jaboticabal,Compras,Ativo
P00057,Joinville,RH,Ativo
P00058,Guarulhos,Engenharia,Ativo
P00059,Guarulhos,Produção,Ativo
P00060,Jaboticabal,RH,Ativo
P00061,Jaboticabal,Qualidade,Ativo
P00062,Camaçari,Produção,Ativo
P00063,Jaboticabal,Logística,Inativo
P00064,Guarulhos,Qualidade,Ativo
P00065,Camaçari,Engenharia,Ativo
P00066,Jaboticabal,Engenharia,Ativo
P00067,Guarulhos,Logística,Ativo
P00068,Guarulhos,TI,Ativo
P00069,Jaboticabal,Logística,Ativo
P00070,Camaçari,Produção,Ativo
P00071,Joinville,TI,Ativo
P00072,Guarulhos,Qualidade,Ativo
P00073,Jaboticabal,Engenharia,Ativo
P00074,Camaçari,Compras,Ativo
P00075,Jaboticabal,Produção,Ativo
P00076,Camaçari,TI,Inativo
P00077,Jaboticabal,Logística,Ativo
P00078,Jaboticabal,Compras,Ativo
P00079,Joinville,Produção,Ativo
P00080,Joinville,Engenharia,Inativo
P00081,Guarulhos,Qualidade,Ativo
P00082,Guarulhos,Logística,Ativo
P00083,Guarulhos,TI,Ativo
P00084,Camaçari,RH,Ativo
P00085,Camaçari,TI,Ativo
P00086,Jaboticabal,Produção,Ativo
P00087,Camaçari,Qualidade,Ativo
P00088,Jaboticabal,Engenharia,Ativo
P00089,Joinville,Qualidade,Inativo
P00090,Guarulhos,Engenharia,Ativo
P00091,Camaçari,Engenharia,Ativo
P00092,Jaboticabal,Produção,Ativo
P00093,Joinville,Engenharia,Ativo
P00094,Guarulhos,Engenharia,Ativo
P00095,Guarulhos,RH,Ativo
P00096,Camaçari,TI,Ativo
P00097,Jaboticabal,Compras,Ativo
P00098,Camaçari,Logística,Ativo
P00099,Jaboticabal,Qualidade,Ativo
P00100,Jaboticabal,Produção,Ativo
P00101,Joinville,TI,Ativo
P00102,Joinville,Logística,Ativo
P00103,Camaçari,Logística,Ativo
P00104,Joinville,RH,Ativo
P00105,Camaçari,Logística,Ativo
P00106,Joinville,Engenharia,Inativo
P00107,Jaboticabal,Compras,Ativo
P00108,Jaboticabal,Engenharia,Ativo
P00109,Jaboticabal,Logística,Ativo
P00110,Guarulhos,Compras,Ativo
P00111,Jaboticabal,RH,Ativo
P00112,Jaboticabal,RH,Ativo
P00113,Jaboticabal,TI,Ativo
P00114,Guarulhos,Logística,Ativo
P00115,Joinville,RH,Ativo
P00116,Joinville,TI,Ativo
P00117,Joinville,RH,Ativo
P00118,Jaboticabal,RH,Ativo
P00119,Joinville,Compras,Ativo
P00120,Camaçari,Logística,Ativo
P00121,Guarulhos,RH,Ativo
P00122,Joinville,Logística,Ativo
P00123,Camaçari,Engenharia,Ativo
P00124,Camaçari,Engenharia,Ativo
P00125,Guarulhos,Engenharia,Ativo
P00126,Guarulhos,RH,Ativo
P00127,Camaçari,Qualidade,Inativo
P00128,Guarulhos,Qualidade,Ativo
P00129,Jaboticabal,RH,Ativo
P00130,Joinville,RH,Ativo
P00131,Jaboticabal,RH,Ativo
P00132,Jaboticabal,RH,Ativo
P00133,Camaçari,RH,Ativo
P00134,Guarulhos,TI,Ativo
P00135,Jaboticabal,Logística,Inativo
P00136,Joinville,TI,Ativo
P00137,Joinville,Engenharia,Ativo
P00138,Guarulhos,TI,Ativo
P00139,Camaçari,RH,Ativo
P00140,Jaboticabal,TI,Inativo
P00141,Camaçari,Produção,Ativo
P00142,Guarulhos,Engenharia,Ativo
P00143,Camaçari,Engenharia,Ativo
P00144,Camaçari,TI,Ativo
P00145,Jaboticabal,RH,Ativo
P00146,Camaçari,TI,Ativo
P00147,Guarulhos,TI,Ativo
P00148,Camaçari,Qualidade,Ativo
P00149,Camaçari,Engenharia,Ativo
P00150,Camaçari,TI,Ativo
P00151,Joinville,Produção,Ativo
P00152,Joinville,Logística,Ativo
P00153,Joinville,RH,Ativo
P00154,Guarulhos,Engenharia,Ativo
P00155,Guarulhos,Engenharia,Ativo
P00156,Joinville,Engenharia,Ativo
P00157,Jaboticabal,RH,Ativo
P00158,Joinville,Engenharia,Ativo
P00159,Camaçari,TI,Ativo
P00160,Camaçari,Compras,Ativo
P00161,Joinville,RH,Ativo
P00162,Joinville,Qualidade,Ativo
P00163,Joinville,Engenharia,Ativo
P00164,Jaboticabal,RH,Ativo
P00165,Guarulhos,RH,Inativo
P00166,Guarulhos,Engenharia,Ativo
P00167,Camaçari,Engenharia,Ativo
P00168,Camaçari,RH,Ativo
P00169,Jaboticabal,TI,Ativo
P00170,Jaboticabal,Produção,Ativo
P00171,Guarulhos,Logística,Ativo
P00172,Guarulhos,RH,Ativo
P00173,Camaçari,Compras,Inativo
P00174,Guarulhos,Engenharia,Ativo
P00175,Jaboticabal,Compras,Ativo
P00176,Jaboticabal,Produção,Ativo
P00177,Guarulhos,RH,Ativo
P00178,Guarulhos,Engenharia,Ativo
P00179,Guarulhos,TI,Ativo
P00180,Guarulhos,Compras,Ativo
P00181,Jaboticabal,Qualidade,Ativo
P00182,Camaçari,Compras,Ativo
P00183,Jaboticabal,Produção,Ativo
P00184,Camaçari,Compras,Ativo
P00185,Camaçari,Produção,Ativo
P00186,Camaçari,Engenharia,Ativo
P00187,Jaboticabal,Logística,Ativo
P00188,Guarulhos,Logística,Ativo
P00189,Jaboticabal,Qualidade,Inativo
P00190,Joinville,Engenharia,Ativo
P00191,Camaçari,Logística,Ativo
P00192,Camaçari,Engenharia,Ativo
P00193,Guarulhos,Compras,Inativo
P00194,Guarulhos,Qualidade,Ativo
P00195,Guarulhos,Produção,Ativo
P00196,Guarulhos,Produção,Ativo
P00197,Jaboticabal,Qualidade,Ativo
P00198,Camaçari,Logística,Ativo
P00199,Jaboticabal,RH,Ativo
P00200,Guarulhos,TI,Ativo
P00201,Guarulhos,Qualidade,Ativo
P00202,Camaçari,Engenharia,Inativo
P00203,Jaboticabal,RH,Ativo
P00204,Guarulhos,RH,Ativo
P00205,Camaçari,Engenharia,Ativo
P00206,Camaçari,Qualidade,Ativo
P00207,Guarulhos,Compras,Ativo
P00208,Camaçari,TI,Ativo
P00209,Jaboticabal,Logística,Inativo
P00210,Guarulhos,TI,Ativo
P00211,Jaboticabal,Qualidade,Ativo
P00212,Camaçari,TI,Ativo
P00213,Camaçari,Engenharia,Ativo
P00214,Joinville,Logística,Ativo
P00215,Camaçari,Compras,Inativo
P00216,Guarulhos,Qualidade,Ativo
P00217,Camaçari,Engenharia,Ativo
P00218,Joinville,Produção,Ativo
P00219,Jaboticabal,TI,Ativo
P00220,Jaboticabal,Produção,Ativo
P00221,Camaçari,Engenharia,Ativo
P00222,Camaçari,TI,Ativo
P00223,Guarulhos,Logística,Ativo
P00224,Joinville,Logística,Ativo
P00225,Joinville,TI,Ativo
P00226,Joinville,Logística,Ativo
P00227,Jaboticabal,TI,Ativo
P00228,Joinville,Engenharia,Ativo
P00229,Joinville,RH,Ativo
P00230,Jaboticabal,Produção,Ativo
P00231,Jaboticabal,TI,Ativo
P00232,Guarulhos,RH,Ativo
P00233,Guarulhos,Compras,Ativo
P00234,Jaboticabal,Produção,Ativo
P00235,Joinville,RH,Ativo
P00236,Camaçari,RH,Ativo
P00237,Guarulhos,TI,Ativo
P00238,Camaçari,Logística,Ativo
P00239,Guarulhos,Produção,Ativo
P00240,Camaçari,TI,Ativo
P00241,Camaçari,Engenharia,Ativo
P00242,Jaboticabal,Engenharia,Ativo
P00243,Guarulhos,Logística,Ativo
P00244,Guarulhos,RH,Ativo
P00245,Jaboticabal,Produção,Ativo
P00246,Joinville,Produção,Ativo
P00247,Guarulhos,Compras,Ativo
P00248,Jaboticabal,Produção,Ativo
P00249,Camaçari,Engenharia,Ativo
P00250,Joinville,Compras,Ativo
P00251,Camaçari,Produção,Ativo
P00252,Joinville,TI,Ativo
P00253,Camaçari,Qualidade,Ativo
P00254,Guarulhos,Produção,Ativo
P00255,Guarulhos,TI,Ativo
P00256,Guarulhos,Logística,Ativo
P00257,Camaçari,Engenharia,Ativo
P00258,Jaboticabal,Engenharia,Inativo
P00259,Jaboticabal,TI,Ativo
P00260,Joinville,Engenharia,Ativo
P00261,Joinville,Produção,Ativo
P00262,Joinville,Logística,Ativo
P00263,Jaboticabal,Produção,Ativo
P00264,Jaboticabal,Qualidade,Ativo
P00265,Jaboticabal,TI,Ativo
P00266,Guarulhos,Engenharia,Ativo
P00267,Guarulhos,Engenharia,Ativo
P00268,Jaboticabal,Produção,Ativo
P00269,Joinville,RH,Ativo
P00270,Joinville,TI,Ativo
P00271,Guarulhos,TI,Ativo
P00272,Guarulhos,Qualidade,Ativo
P00273,Guarulhos,RH,Ativo
P00274,Jaboticabal,Logística,Ativo
P00275,Joinville,Qualidade,Ativo
P00276,Camaçari,Produção,Ativo
P00277,Guarulhos,RH,Inativo
P00278,Guarulhos,Logística,Ativo
P00279,Camaçari,RH,Ativo
P00280,Joinville,Produção,Ativo
P00281,Joinville,Qualidade,Ativo
P00282,Camaçari,RH,Ativo
P00283,Joinville,Compras,Ativo
P00284,Jaboticabal,Qualidade,Inativo
P00285,Jaboticabal,Produção,Ativo
P00286,Camaçari,RH,Ativo
P00287,Joinville,Qualidade,Ativo
P00288,Camaçari,TI,Ativo
P00289,Jaboticabal,Logística,Ativo
P00290,Guarulhos,RH,Ativo
P00291,Camaçari,Logística,Ativo
P00292,Joinville,Logística,Ativo
P00293,Joinville,Qualidade,Ativo
P00294,Guarulhos,RH,Ativo
P00295,Joinville,Engenharia,Ativo
P00296,Guarulhos,Compras,Ativo
P00297,Guarulhos,TI,Ativo
P00298,Jaboticabal,Produção,Ativo
P00299,Camaçari,TI,Ativo
P00300,Jaboticabal,Compras,Ativo
P00301,Joinville,RH,Ativo
P00302,Camaçari,RH,Ativo
P00303,Camaçari,TI,Ativo
P00304,Jaboticabal,Qualidade,Ativo
P00305,Guarulhos,Qualidade,Ativo
P00306,Camaçari,Logística,Ativo
P00307,Guarulhos,Produção,Ativo
P00308,Guarulhos,Logística,Ativo
P00309,Guarulhos,Logística,Inativo
P00310,Joinville,Engenharia,Ativo
P00311,Guarulhos,TI,Ativo
P00312,Jaboticabal,Produção,Ativo
P00313,Joinville,TI,Ativo
P00314,Jaboticabal,Compras,Ativo
P00315,Camaçari,Logística,Ativo
P00316,Guarulhos,Logística,Ativo
P00317,Camaçari,TI,Ativo
P00318,Camaçari,TI,Ativo
P00319,Camaçari,TI,Ativo
P00320,Jaboticabal,RH,Ativo
P00321,Guarulhos,Compras,Ativo
P00322,Camaçari,Logística,Ativo
P00323,Joinville,Produção,Ativo
P00324,Joinville,Logística,Ativo
P00325,Camaçari,Compras,Ativo
P00326,Joinville,TI,Ativo
P00327,Joinville,Engenharia,Ativo
P00328,Guarulhos,RH,Inativo
P00329,Joinville,Qualidade,Ativo
P00330,Guarulhos,TI,Ativo
P00331,Camaçari,Produção,Ativo
P00332,Jaboticabal,Qualidade,Ativo
P00333,Joinville,RH,Ativo
P00334,Camaçari,Logística,Ativo
P00335,Jaboticabal,RH,Ativo
P00336,Jaboticabal,Qualidade,Ativo
P00337,Guarulhos,Qualidade,Ativo
P00338,Jaboticabal,Produção,Inativo
P00339,Guarulhos,Engenharia,Ativo
P00340,Jaboticabal,Logística,Ativo
P00341,Camaçari,Logística,Ativo
P00342,Joinville,Produção,Ativo
P00343,Jaboticabal,RH,Ativo
P00344,Guarulhos,Compras,Ativo
P00345,Joinville,RH,Ativo
P00346,Joinville,Qualidade,Ativo
P00347,Camaçari,TI,Ativo
P00348,Camaçari,TI,Ativo
P00349,Jaboticabal,Produção,Ativo
P00350,Guarulhos,Compras,Ativo
P00351,Guarulhos,Engenharia,Ativo
P00352,Guarulhos,Produção,Ativo
P00353,Jaboticabal,Engenharia,Inativo
P00354,Camaçari,Produção,Ativo
P00355,Joinville,TI,Ativo
P00356,Jaboticabal,Qualidade,Ativo
P00357,Camaçari,RH,Ativo
P00358,Guarulhos,Qualidade,Ativo
P00359,Joinville,RH,Ativo
P00360,Camaçari,Produção,Ativo
P00361,Joinville,Produção,Ativo
P00362,Guarulhos,RH,Ativo
P00363,Joinville,Produção,Ativo
P00364,Joinville,Logística,Ativo
P00365,Guarulhos,TI,Ativo
P00366,Camaçari,Logística,Ativo
P00367,Joinville,Logística,Ativo
P00368,Guarulhos,Compras,Ativo
P00369,Joinville,RH,Ativo
P00370,Camaçari,RH,Ativo
P00371,Camaçari,RH,Ativo
P00372,Camaçari,RH,Ativo
P00373,Jaboticabal,Compras,Ativo
P00374,Jaboticabal,Compras,Ativo
P00375,Camaçari,TI,Ativo
P00376,Guarulhos,Engenharia,Ativo
P00377,Jaboticabal,Compras,Ativo
P00378,Guarulhos,Compras,Ativo
P00379,Guarulhos,Qualidade,Ativo
P00380,Camaçari,Logística,Ativo
P00381,Joinville,RH,Ativo
P00382,Camaçari,Compras,Ativo
P00383,Guarulhos,Produção,Ativo
P00384,Jaboticabal,Produção,Ativo
P00385,Guarulhos,Engenharia,Ativo
P00386,Camaçari,RH,Ativo
P00387,Jaboticabal,TI,Ativo
P00388,Guarulhos,Qualidade,Ativo
P00389,Jaboticabal,Qualidade,Ativo
P00390,Jaboticabal,Logística,Ativo
P00391,Camaçari,Qualidade,Ativo
P00392,Jaboticabal,Qualidade,Ativo
P00393,Camaçari,Qualidade,Inativo
P00394,Guarulhos,Qualidade,Ativo
P00395,Camaçari,Compras,Ativo
P00396,Joinville,Compras,Ativo
P00397,Guarulhos,Engenharia,Ativo
P00398,Guarulhos,TI,Inativo
P00399,Guarulhos,Compras,Ativo
P00400,Jaboticabal,Logística,Ativo
P00401,Guarulhos,Compras,Ativo
P00402,Camaçari,Qualidade,Ativo
P00403,Camaçari,Compras,Ativo
P00404,Guarulhos,Engenharia,Ativo
P00405,Camaçari,Compras,Ativo
P00406,Camaçari,RH,Ativo
P00407,Joinville,RH,Ativo
P00408,Camaçari,Compras,Ativo
P00409,Guarulhos,RH,Ativo
P00410,Jaboticabal,Produção,Ativo
P00411,Camaçari,RH,Ativo
P00412,Joinville,Compras,Ativo
P00413,Joinville,TI,Ativo
P00414,Jaboticabal,RH,Ativo
P00415,Camaçari,TI,Ativo
P00416,Camaçari,Compras,Ativo
P00417,Joinville,Produção,Ativo
P00418,Guarulhos,TI,Ativo
P00419,Camaçari,TI,Ativo
P00420,Joinville,Engenharia,Ativo
P00421,Guarulhos,Produção,Ativo
P00422,Jaboticabal,Compras,Ativo
P00423,Camaçari,RH,Ativo
P00424,Guarulhos,Engenharia,Ativo
P00425,Guarulhos,Logística,Ativo
P00426,Jaboticabal,Engenharia,Ativo
P00427,Jaboticabal,Logística,Ativo
P00428,Guarulhos,Qualidade,Ativo
P00429,Joinville,Logística,Ativo
P00430,Joinville,Engenharia,Ativo
P00431,Guarulhos,RH,Ativo
P00432,Camaçari,Logística,Inativo
P00433,Camaçari,Compras,Ativo
P00434,Joinville,Qualidade,Ativo
P00435,Joinville,Qualidade,Ativo
P00436,Camaçari,Logística,Ativo
P00437,Guarulhos,RH,Ativo
P00438,Jaboticabal,Produção,Ativo
P00439,Jaboticabal,Logística,Ativo
P00440,Camaçari,Compras,Ativo
P00441,Guarulhos,Qualidade,Ativo
P00442,Guarulhos,TI,Inativo
P00443,Guarulhos,Qualidade,Inativo
P00444,Camaçari,Engenharia,Ativo
P00445,Camaçari,RH,Ativo
P00446,Camaçari,Compras,Ativo
P00447,Guarulhos,Compras,Ativo
P00448,Camaçari,RH,Ativo
P00449,Camaçari,Produção,Ativo
P00450,Camaçari,TI,Inativo
P00451,Joinville,TI,Ativo
P00452,Jaboticabal,RH,Ativo
P00453,Guarulhos,Qualidade,Ativo
P00454,Camaçari,TI,Ativo
P00455,Camaçari,RH,Ativo
P00456,Joinville,Engenharia,Ativo
P00457,Camaçari,Qualidade,Ativo
P00458,Camaçari,Logística,Ativo
P00459,Camaçari,Compras,Ativo
P00460,Joinville,Qualidade,Ativo
P00461,Camaçari,Produção,Ativo
P00462,Camaçari,TI,Ativo
P00463,Joinville,RH,Ativo
P00464,Guarulhos,Produção,Ativo
P00465,Guarulhos,RH,Ativo
P00466,Guarulhos,Compras,Ativo
P00467,Guarulhos,Engenharia,Ativo
P00468,Jaboticabal,RH,Ativo
P00469,Joinville,TI,Ativo
P00470,Jaboticabal,Engenharia,Ativo
P00471,Guarulhos,Compras,Ativo
P00472,Joinville,TI,Inativo
P00473,Camaçari,Produção,Ativo
P00474,Joinville,Produção,Ativo
P00475,Jaboticabal,RH,Ativo
P00476,Joinville,TI,Ativo
P00477,Joinville,RH,Ativo
P00478,Camaçari,Engenharia,Inativo
P00479,Guarulhos,Qualidade,Ativo
P00480,Guarulhos,TI,Ativo
P00481,Joinville,Compras,Ativo
P00482,Guarulhos,Qualidade,Ativo
P00483,Camaçari,Engenharia,Inativo
P00484,Jaboticabal,RH,Ativo
P00485,Joinville,Compras,Ativo
P00486,Joinville,RH,Ativo
P00487,Guarulhos,RH,Ativo
P00488,Joinville,Produção,Ativo
P00489,Guarulhos,Produção,Ativo
P00490,Joinville,Produção,Ativo
P00491,Camaçari,Logística,Ativo
P00492,Jaboticabal,RH,Inativo
P00493,Guarulhos,TI,Ativo
P00494,Guarulhos,TI,Ativo
P00495,Joinville,RH,Ativo
P00496,Joinville,Qualidade,Ativo
P00497,Joinville,Compras,Inativo
P00498,Jaboticabal,Produção,Ativo
P00499,Jaboticabal,Logística,Ativo
P00500,Guarulhos,Compras,Ativo
P00501,Jaboticabal,TI,Ativo
P00502,Jaboticabal,TI,Ativo
P00503,Guarulhos,Produção,Ativo
P00504,Camaçari,Produção,Ativo
P00505,Guarulhos,Engenharia,Ativo
P00506,Joinville,Produção,Ativo
P00507,Jaboticabal,TI,Ativo
P00508,Joinville,RH,Inativo
P00509,Jaboticabal,Produção,Ativo
P00510,Guarulhos,TI,Inativo
P00511,Jaboticabal,Qualidade,Inativo
P00512,Joinville,Engenharia,Ativo
P00513,Guarulhos,Produção,Ativo
P00514,Guarulhos,Produção,Ativo
P00515,Joinville,TI,Ativo
P00516,Guarulhos,Qualidade,Ativo
P00517,Guarulhos,TI,Ativo
P00518,Joinville,Qualidade,Ativo
P00519,Camaçari,Qualidade,Ativo
P00520,Joinville,Engenharia,Ativo
P00521,Guarulhos,RH,Ativo
P00522,Jaboticabal,Logística,Inativo
P00523,Jaboticabal,Logística,Ativo
P00524,Jaboticabal,Logística,Ativo
P00525,Guarulhos,Logística,Ativo
P00526,Camaçari,Qualidade,Inativo
P00527,Joinville,Engenharia,Ativo
P00528,Joinville,Compras,Ativo
P00529,Joinville,Produção,Ativo
P00530,Camaçari,RH,Inativo
P00531,Jaboticabal,Logística,Ativo
P00532,Guarulhos,Logística,Ativo
P00533,Joinville,Compras,Ativo
P00534,Camaçari,TI,Ativo
P00535,Joinville,Logística,Ativo
P00536,Guarulhos,RH,Ativo
P00537,Joinville,Compras,Ativo
P00538,Joinville,Produção,Ativo
P00539,Guarulhos,Qualidade,Ativo
P00540,Joinville,TI,Inativo
P00541,Guarulhos,RH,Ativo
P00542,Guarulhos,Compras,Ativo
P00543,Jaboticabal,RH,Ativo
P00544,Guarulhos,TI,Ativo
P00545,Jaboticabal,Compras,Ativo
P00546,Guarulhos,Logística,Ativo
P00547,Joinville,Qualidade,Ativo
P00548,Joinville,TI,Ativo
P00549,Guarulhos,TI,Ativo
P00550,Joinville,RH,Ativo
P00551,Jaboticabal,TI,Ativo
P00552,Joinville,Produção,Ativo
P00553,Guarulhos,Qualidade,Inativo
P00554,Guarulhos,RH,Ativo
P00555,Guarulhos,TI,Ativo
P00556,Jaboticabal,TI,Inativo
P00557,Joinville,Produção,Ativo
P00558,Guarulhos,Produção,Ativo
P00559,Joinville,Qualidade,Ativo
P00560,Joinville,TI,Ativo
P00561,Jaboticabal,RH,Ativo
P00562,Joinville,TI,Ativo
P00563,Camaçari,RH,Ativo
P00564,Guarulhos,Logística,Ativo
P00565,Jaboticabal,Qualidade,Ativo
P00566,Joinville,Compras,Ativo
P00567,Camaçari,Logística,Ativo
P00568,Jaboticabal,Produção,Ativo
P00569,Camaçari,Compras,Ativo
P00570,Guarulhos,Produção,Ativo
P00571,Jaboticabal,Qualidade,Ativo
P00572,Joinville,Qualidade,Ativo
P00573,Guarulhos,RH,Ativo
P00574,Guarulhos,Qualidade,Inativo
P00575,Camaçari,Compras,Ativo
P00576,Jaboticabal,Logística,Ativo
P00577,Jaboticabal,Qualidade,Ativo
P00578,Camaçari,Qualidade,Ativo
P00579,Joinville,Produção,Ativo
P00580,Camaçari,Compras,Ativo
P00581,Jaboticabal,Qualidade,Ativo
P00582,Jaboticabal,Engenharia,Ativo
P00583,Joinville,RH,Ativo
P00584,Camaçari,Compras,Ativo
P00585,Camaçari,Qualidade,Inativo
P00586,Joinville,TI,Ativo
P00587,Camaçari,Engenharia,Ativo
P00588,Guarulhos,Compras,Ativo
P00589,Jaboticabal,TI,Ativo
P00590,Joinville,RH,Ativo
P00591,Guarulhos,Engenharia,Ativo
P00592,Joinville,Engenharia,Ativo
P00593,Camaçari,Engenharia,Ativo
P00594,Joinville,RH,Ativo
P00595,Guarulhos,TI,Ativo
P00596,Jaboticabal,Compras,Ativo
P00597,Jaboticabal,Logística,Ativo
P00598,Joinville,Logística,Ativo
P00599,Jaboticabal,Qualidade,Ativo
P00600,Joinville,Compras,Ativo
P00601,Joinville,Logística,Ativo
P00602,Guarulhos,TI,Ativo
P00603,Camaçari,Compras,Ativo
P00604,Camaçari,TI,Ativo
P00605,Jaboticabal,Qualidade,Ativo
P00606,Joinville,Compras,Ativo
P00607,Joinville,Qualidade,Ativo
P00608,Jaboticabal,Logística,Ativo
P00609,Guarulhos,Compras,Ativo
P00610,Joinville,Logística,Ativo
P00611,Camaçari,Engenharia,Ativo
P00612,Joinville,Produção,Ativo
P00613,Camaçari,Logística,Ativo
P00614,Guarulhos,Produção,Ativo
P00615,Joinville,Compras,Ativo
P00616,Camaçari,Qualidade,Ativo
P00617,Camaçari,Logística,Ativo
P00618,Jaboticabal,Engenharia,Ativo
P00619,Camaçari,Logística,Ativo
P00620,Camaçari,Produção,Ativo
P00621,Camaçari,Engenharia,Ativo
P00622,Joinville,Compras,Inativo
P00623,Camaçari,RH,Ativo
P00624,Camaçari,Produção,Ativo
P00625,Camaçari,Logística,Ativo
P00626,Jaboticabal,Produção,Ativo
P00627,Jaboticabal,Qualidade,Ativo
P00628,Camaçari,Produção,Ativo
P00629,Jaboticabal,RH,Ativo
P00630,Joinville,Logística,Ativo
P00631,Guarulhos,Qualidade,Ativo
P00632,Joinville,Engenharia,Ativo
P00633,Guarulhos,Logística,Ativo
P00634,Jaboticabal,Compras,Ativo
P00635,Joinville,Engenharia,Ativo
P00636,Camaçari,TI,Ativo
P00637,Camaçari,TI,Ativo
P00638,Jaboticabal,Compras,Inativo
P00639,Joinville,Logística,Ativo
P00640,Guarulhos,Logística,Ativo
P00641,Jaboticabal,Produção,Ativo
P00642,Joinville,Logística,Ativo
P00643,Joinville,Compras,Ativo
P00644,Camaçari,Engenharia,Ativo
P00645,Joinville,Compras,Inativo
P00646,Guarulhos,RH,Ativo
P00647,Jaboticabal,Engenharia,Ativo
P00648,Camaçari,RH,Ativo
P00649,Camaçari,Logística,Ativo
P00650,Joinville,Qualidade,Ativo
P00651,Joinville,TI,Ativo
P00652,Camaçari,Logística,Ativo
P00653,Joinville,RH,Ativo
P00654,Camaçari,RH,Ativo
P00655,Jaboticabal,TI,Ativo
P00656,Jaboticabal,Qualidade,Ativo
P00657,Jaboticabal,TI,Ativo
P00658,Camaçari,RH,Ativo
P00659,Joinville,Qualidade,Ativo
P00660,Camaçari,Produção,Ativo
P00661,Joinville,Qualidade,Ativo
P00662,Camaçari,TI,Ativo
P00663,Joinville,Engenharia,Ativo
P00664,Guarulhos,RH,Ativo
P00665,Guarulhos,Qualidade,Ativo
P00666,Camaçari,Produção,Ativo
P00667,Camaçari,TI,Ativo
P00668,Joinville,Produção,Inativo
P00669,Joinville,Compras,Ativo
P00670,Guarulhos,RH,Ativo
P00671,Guarulhos,Produção,Ativo
P00672,Camaçari,Logística,Ativo
P00673,Guarulhos,Compras,Inativo
P00674,Joinville,Qualidade,Ativo
P00675,Guarulhos,Engenharia,Ativo
P00676,Jaboticabal,Produção,Inativo
P00677,Guarulhos,Qualidade,Ativo
P00678,Jaboticabal,Logística,Ativo
P00679,Guarulhos,TI,Ativo
P00680,Joinville,Logística,Ativo
P00681,Guarulhos,TI,Ativo
P00682,Joinville,Compras,Ativo
P00683,Joinville,Produção,Ativo
P00684,Jaboticabal,Logística,Ativo
P00685,Camaçari,Compras,Ativo
P00686,Joinville,RH,Ativo
P00687,Jaboticabal,Logística,Ativo
P00688,Jaboticabal,RH,Ativo
P00689,Jaboticabal,Compras,Ativo
P00690,Jaboticabal,Qualidade,Ativo
P00691,Camaçari,Logística,Ativo
P00692,Guarulhos,Logística,Ativo
P00693,Jaboticabal,RH,Ativo
P00694,Guarulhos,Engenharia,Ativo
P00695,Guarulhos,Produção,Ativo
P00696,Joinville,RH,Ativo
P00697,Camaçari,Produção,Ativo
P00698,Camaçari,TI,Ativo
P00699,Guarulhos,Produção,Ativo
P00700,Camaçari,Logística,Ativo
P00701,Camaçari,Engenharia,Ativo
P00702,Camaçari,Logística,Inativo
P00703,Guarulhos,Compras,Ativo
P00704,Camaçari,TI,Ativo
P00705,Guarulhos,TI,Ativo
P00706,Guarulhos,Logística,Ativo
P00707,Camaçari,Logística,Ativo
P00708,Jaboticabal,TI,Ativo
P00709,Camaçari,Engenharia,Ativo
P00710,Jaboticabal,Logística,Ativo
P00711,Guarulhos,Logística,Ativo
P00712,Guarulhos,Compras,Ativo
P00713,Joinville,TI,Ativo
P00714,Jaboticabal,Compras,Ativo
P00715,Guarulhos,RH,Ativo
P00716,Joinville,TI,Ativo
P00717,Camaçari,Produção,Ativo
P00718,Camaçari,RH,Ativo
P00719,Guarulhos,RH,Ativo
P00720,Camaçari,Produção,Ativo
P00721,Guarulhos,RH,Ativo
P00722,Camaçari,Logística,Ativo
P00723,Camaçari,Compras,Ativo
P00724,Camaçari,Logística,Ativo
P00725,Joinville,RH,Ativo
P00726,Camaçari,Engenharia,Ativo
P00727,Joinville,Produção,Ativo
P00728,Camaçari,RH,Ativo
P00729,Joinville,TI,Ativo
P00730,Camaçari,RH,Ativo
P00731,Joinville,Compras,Ativo
P00732,Camaçari,Produção,Ativo
P00733,Joinville,Logística,Ativo
P00734,Camaçari,Produção,Ativo
P00735,Jaboticabal,Produção,Inativo
P00736,Joinville,Logística,Ativo
P00737,Guarulhos,Produção,Ativo
P00738,Joinville,Produção,Ativo
P00739,Joinville,RH,Ativo
P00740,Joinville,RH,Ativo
P00741,Jaboticabal,Engenharia,Ativo
P00742,Camaçari,Qualidade,Ativo
P00743,Guarulhos,TI,Ativo
P00744,Guarulhos,Engenharia,Ativo
P00745,Jaboticabal,Logística,Ativo
P00746,Jaboticabal,TI,Ativo
P00747,Jaboticabal,Produção,Ativo
P00748,Guarulhos,RH,Ativo
P00749,Jaboticabal,TI,Ativo
P00750,Joinville,Compras,Ativo
P00751,Camaçari,Logística,Ativo
P00752,Camaçari,Produção,Ativo
P00753,Joinville,Produção,Inativo
P00754,Camaçari,Produção,Ativo
P00755,Jaboticabal,Compras,Ativo
P00756,Guarulhos,Compras,Ativo
P00757,Jaboticabal,RH,Inativo
P00758,Joinville,Qualidade,Ativo
P00759,Camaçari,TI,Ativo
P00760,Camaçari,Logística,Ativo
P00761,Joinville,Compras,Ativo
P00762,Camaçari,TI,Ativo
P00763,Joinville,Produção,Ativo
P00764,Guarulhos,Produção,Ativo
P00765,Jaboticabal,Logística,Ativo
P00766,Camaçari,TI,Ativo
P00767,Joinville,Engenharia,Ativo
P00768,Camaçari,Compras,Ativo
P00769,Jaboticabal,Produção,Ativo
P00770,Jaboticabal,Compras,Ativo
P00771,Joinville,Produção,Ativo
P00772,Joinville,Produção,Ativo
P00773,Guarulhos,RH,Ativo
P00774,Camaçari,Produção,Ativo
P00775,Guarulhos,TI,Ativo
P00776,Camaçari,Logística,Ativo
P00777,Camaçari,Produção,Ativo
P00778,Joinville,Logística,Ativo
P00779,Joinville,Qualidade,Ativo
P00780,Guarulhos,Compras,Ativo
P00781,Jaboticabal,Engenharia,Ativo
P00782,Jaboticabal,TI,Inativo
P00783,Jaboticabal,Qualidade,Ativo
P00784,Camaçari,Engenharia,Ativo
P00785,Joinville,Compras,Ativo
P00786,Joinville,Produção,Ativo
P00787,Guarulhos,Qualidade,Ativo
P00788,Camaçari,RH,Ativo
P00789,Joinville,Compras,Ativo
P00790,Jaboticabal,TI,Ativo
P00791,Guarulhos,Compras,Ativo
P00792,Guarulhos,TI,Ativo
P00793,Jaboticabal,Produção,Ativo
P00794,Guarulhos,Engenharia,Inativo
P00795,Joinville,Compras,Ativo
P00796,Camaçari,Produção,Ativo
P00797,Jaboticabal,Produção,Ativo
P00798,Jaboticabal,Compras,Ativo
P00799,Camaçari,Qualidade,Inativo
P00800,Jaboticabal,Engenharia,Ativo
P00801,Guarulhos,RH,Ativo
P00802,Camaçari,TI,Ativo
P00803,Joinville,Produção,Ativo
P00804,Joinville,RH,Ativo
P00805,Camaçari,Compras,Inativo
P00806,Guarulhos,TI,Ativo
P00807,Joinville,Engenharia,Ativo
P00808,Camaçari,Produção,Ativo
P00809,Guarulhos,RH,Ativo
P00810,Jaboticabal,RH,Ativo
P00811,Jaboticabal,RH,Ativo
P00812,Camaçari,Compras,Ativo
P00813,Joinville,TI,Ativo
P00814,Joinville,Logística,Ativo
P00815,Jaboticabal,TI,Ativo
P00816,Camaçari,Produção,Ativo
P00817,Jaboticabal,Logística,Ativo
P00818,Guarulhos,Compras,Ativo
P00819,Guarulhos,Compras,Ativo
P00820,Jaboticabal,RH,Ativo
P00821,Camaçari,Engenharia,Ativo
P00822,Joinville,TI,Ativo
P00823,Jaboticabal,RH,Ativo
P00824,Camaçari,RH,Ativo
P00825,Jaboticabal,RH,Ativo
P00826,Guarulhos,Logística,Ativo
P00827,Camaçari,RH,Ativo
P00828,Guarulhos,Qualidade,Ativo
P00829,Guarulhos,Logística,Ativo
P00830,Camaçari,Logística,Ativo
P00831,Camaçari,Engenharia,Ativo
P00832,Camaçari,Logística,Ativo
P00833,Joinville,Produção,Ativo
P00834,Jaboticabal,Logística,Ativo
P00835,Camaçari,Compras,Ativo
P00836,Jaboticabal,TI,Ativo
P00837,Jaboticabal,RH,Ativo
P00838,Guarulhos,Produção,Ativo
P00839,Joinville,Qualidade,Ativo
P00840,Guarulhos,Compras,Ativo
P00841,Guarulhos,RH,Ativo
P00842,Camaçari,RH,Ativo
P00843,Joinville,Produção,Ativo
P00844,Joinville,TI,Ativo
P00845,Jaboticabal,Produção,Ativo
P00846,Guarulhos,TI,Ativo
P00847,Guarulhos,Engenharia,Ativo
P00848,Guarulhos,Produção,Ativo
P00849,Guarulhos,Produção,Ativo
P00850,Guarulhos,RH,Ativo
P00851,Guarulhos,RH,Ativo
P00852,Joinville,Engenharia,Ativo
P00853,Guarulhos,Engenharia,Ativo
P00854,Joinville,RH,Ativo
P00855,Jaboticabal,Qualidade,Ativo
P00856,Camaçari,TI,Ativo
P00857,Camaçari,Engenharia,Ativo
P00858,Guarulhos,Compras,Ativo
P00859,Camaçari,Produção,Ativo
P00860,Guarulhos,Produção,Ativo
P00861,Camaçari,Produção,Ativo
P00862,Guarulhos,Engenharia,Ativo
P00863,Joinville,RH,Ativo
P00864,Jaboticabal,Engenharia,Ativo
P00865,Camaçari,Engenharia,Ativo
P00866,Joinville,TI,Ativo
P00867,Guarulhos,Compras,Ativo
P00868,Joinville,Compras,Ativo
P00869,Jaboticabal,Compras,Inativo
P00870,Guarulhos,Qualidade,Ativo
P00871,Camaçari,TI,Ativo
P00872,Guarulhos,TI,Ativo
P00873,Jaboticabal,Produção,Ativo
P00874,Jaboticabal,Qualidade,Ativo
P00875,Guarulhos,Qualidade,Ativo
P00876,Joinville,Qualidade,Ativo
P00877,Camaçari,Engenharia,Ativo
P00878,Jaboticabal,Compras,Ativo
P00879,Camaçari,Logística,Ativo
P00880,Guarulhos,TI,Ativo
P00881,Guarulhos,Compras,Ativo
P00882,Guarulhos,Compras,Ativo
P00883,Guarulhos,Logística,Ativo
P00884,Jaboticabal,Produção,Ativo
P00885,Joinville,TI,Ativo
P00886,Camaçari,Logística,Ativo
P00887,Jaboticabal,Compras,Ativo
P00888,Jaboticabal,RH,Ativo
P00889,Joinville,Logística,Ativo
P00890,Camaçari,Qualidade,Ativo
P00891,Joinville,TI,Ativo
P00892,Camaçari,Produção,Ativo
P00893,Jaboticabal,Logística,Ativo
P00894,Camaçari,Logística,Ativo
P00895,Joinville,Engenharia,Ativo
P00896,Jaboticabal,Logística,Ativo
P00897,Joinville,RH,Ativo
P00898,Joinville,Compras,Ativo
P00899,Jaboticabal,Compras,Ativo
P00900,Joinville,Qualidade,Ativo
P00901,Jaboticabal,Qualidade,Ativo
P00902,Guarulhos,RH,Ativo
P00903,Camaçari,RH,Inativo
P00904,Jaboticabal,Compras,Ativo
P00905,Guarulhos,Engenharia,Ativo
P00906,Jaboticabal,Compras,Ativo
P00907,Joinville,Engenharia,Ativo
P00908,Guarulhos,Qualidade,Ativo
P00909,Jaboticabal,Qualidade,Ativo
P00910,Guarulhos,Qualidade,Ativo
P00911,Guarulhos,RH,Ativo
P00912,Jaboticabal,Produção,Ativo
P00913,Camaçari,Compras,Ativo
P00914,Jaboticabal,Produção,Ativo
P00915,Guarulhos,Engenharia,Ativo
P00916,Jaboticabal,Qualidade,Ativo
P00917,Jaboticabal,Qualidade,Ativo
P00918,Guarulhos,Logística,Ativo
P00919,Joinville,Logística,Ativo
P00920,Joinville,TI,Ativo
P00921,Camaçari,TI,Ativo
P00922,Jaboticabal,Logística,Ativo
P00923,Guarulhos,Qualidade,Ativo
P00924,Joinville,TI,Ativo
P00925,Camaçari,Qualidade,Ativo
P00926,Camaçari,Logística,Ativo
P00927,Guarulhos,Engenharia,Ativo
P00928,Joinville,Compras,Ativo
P00929,Camaçari,Engenharia,Ativo
P00930,Joinville,Qualidade,Ativo
P00931,Joinville,Engenharia,Ativo
P00932,Guarulhos,Compras,Ativo
P00933,Camaçari,Engenharia,Ativo
P00934,Joinville,TI,Ativo
P00935,Jaboticabal,Logística,Ativo
P00936,Camaçari,Engenharia,Ativo
P00937,Guarulhos,Logística,Ativo
P00938,Camaçari,Logística,Ativo
P00939,Jaboticabal,Qualidade,Ativo
P00940,Guarulhos,Engenharia,Ativo
P00941,Jaboticabal,TI,Ativo
P00942,Guarulhos,TI,Ativo
P00943,Jaboticabal,Qualidade,Ativo
P00944,Jaboticabal,Produção,Ativo
P00945,Camaçari,Qualidade,Ativo
P00946,Joinville,Qualidade,Ativo
P00947,Camaçari,TI,Ativo
P00948,Guarulhos,Engenharia,Ativo
P00949,Joinville,Produção,Ativo
P00950,Joinville,RH,Ativo
P00951,Guarulhos,Compras,Ativo
P00952,Camaçari,RH,Ativo
P00953,Jaboticabal,TI,Ativo
P00954,Joinville,Compras,Ativo
P00955,Joinville,Logística,Ativo
P00956,Jaboticabal,Qualidade,Ativo
P00957,Joinville,Engenharia,Ativo
P00958,Guarulhos,Compras,Ativo
P00959,Camaçari,Compras,Ativo
P00960,Jaboticabal,TI,Ativo
P00961,Jaboticabal,RH,Ativo
P00962,Joinville,Engenharia,Ativo
P00963,Guarulhos,Produção,Ativo
P00964,Joinville,Engenharia,Ativo
P00965,Jaboticabal,Compras,Ativo
P00966,Camaçari,Logística,Ativo
P00967,Guarulhos,RH,Ativo
P00968,Jaboticabal,Compras,Ativo
P00969,Joinville,Compras,Inativo
P00970,Guarulhos,Qualidade,Ativo
P00971,Camaçari,RH,Ativo
P00972,Joinville,RH,Ativo
P00973,Guarulhos,Engenharia,Ativo
P00974,Guarulhos,Engenharia,Ativo
P00975,Guarulhos,Qualidade,Ativo
P00976,Joinville,Engenharia,Ativo
P00977,Guarulhos,Qualidade,Ativo
P00978,Camaçari,Engenharia,Ativo
P00979,Guarulhos,Engenharia,Ativo
P00980,Joinville,Engenharia,Ativo
P00981,Jaboticabal,TI,Ativo
P00982,Guarulhos,RH,Ativo
P00983,Guarulhos,Logística,Ativo
P00984,Jaboticabal,Engenharia,Ativo
P00985,Jaboticabal,Qualidade,Ativo
P00986,Joinville,Engenharia,Ativo
P00987,Camaçari,RH,Ativo
P00988,Joinville,Logística,Ativo
P00989,Guarulhos,RH,Ativo
P00990,Jaboticabal,Logística,Ativo
P00991,Joinville,Engenharia,Ativo
P00992,Guarulhos,RH,Ativo
P00993,Joinville,TI,Ativo
P00994,Jaboticabal,Logística,Ativo
P00995,Joinville,TI,Ativo
P00996,Guarulhos,TI,Ativo
P00997,Joinville,TI,Ativo
P00998,Camaçari,Compras,Ativo
P00999,Jaboticabal,Logística,Ativo
P01000,Guarulhos,RH,Ativo
P01001,Guarulhos,Engenharia,Ativo
P01002,Camaçari,Compras,Ativo
P01003,Jaboticabal,Logística,Ativo
P01004,Camaçari,Produção,Ativo
P01005,Guarulhos,Compras,Ativo
P01006,Camaçari,Logística,Ativo
P01007,Joinville,Qualidade,Ativo
P01008,Camaçari,Engenharia,Ativo
P01009,Camaçari,TI,Ativo
P01010,Camaçari,Qualidade,Ativo
P01011,Jaboticabal,Compras,Ativo
P01012,Joinville,Engenharia,Ativo
P01013,Joinville,Logística,Ativo
P01014,Jaboticabal,Compras,Ativo
P01015,Jaboticabal,Produção,Ativo
P01016,Camaçari,Qualidade,Ativo
P01017,Guarulhos,Compras,Ativo
P01018,Guarulhos,TI,Inativo
P01019,Camaçari,RH,Ativo
P01020,Camaçari,Compras,Ativo
P01021,Camaçari,Produção,Ativo
P01022,Camaçari,Compras,Ativo
P01023,Camaçari,RH,Ativo
P01024,Camaçari,Compras,Ativo
P01025,Guarulhos,Compras,Ativo
P01026,Camaçari,Engenharia,Ativo
P01027,Guarulhos,Produção,Ativo
P01028,Jaboticabal,Qualidade,Ativo
P01029,Camaçari,Engenharia,Inativo
P01030,Jaboticabal,RH,Ativo
P01031,Camaçari,Produção,Ativo
P01032,Jaboticabal,Engenharia,Ativo
P01033,Jaboticabal,Engenharia,Inativo
P01034,Joinville,RH,Ativo
P01035,Joinville,Qualidade,Ativo
P01036,Camaçari,Qualidade,Ativo
P01037,Guarulhos,Produção,Ativo
P01038,Camaçari,TI,Ativo
P01039,Jaboticabal,Engenharia,Ativo
P01040,Guarulhos,Compras,Ativo
P01041,Camaçari,Engenharia,Ativo
P01042,Guarulhos,RH,Ativo
P01043,Camaçari,Engenharia,Ativo
P01044,Jaboticabal,Logística,Ativo
P01045,Guarulhos,Compras,Ativo
P01046,Camaçari,Engenharia,Ativo
P01047,Guarulhos,Qualidade,Ativo
P01048,Joinville,RH,Ativo
P01049,Camaçari,Produção,Ativo
P01050,Jaboticabal,Compras,Ativo
P01051,Joinville,Compras,Ativo
P01052,Jaboticabal,Logística,Ativo
P01053,Jaboticabal,Engenharia,Ativo
P01054,Jaboticabal,Logística,Ativo
P01055,Jaboticabal,RH,Ativo
P01056,Camaçari,Compras,Ativo
P01057,Joinville,Qualidade,Ativo
P01058,Camaçari,Logística,Ativo
P01059,Joinville,Produção,Ativo
P01060,Guarulhos,Compras,Ativo
P01061,Joinville,Produção,Ativo
P01062,Guarulhos,TI,Ativo
P01063,Joinville,Engenharia,Inativo
P01064,Camaçari,Qualidade,Inativo
P01065,Jaboticabal,Engenharia,Ativo
P01066,Camaçari,Engenharia,Ativo
P01067,Jaboticabal,Engenharia,Ativo
P01068,Guarulhos,Produção,Ativo
P01069,Jaboticabal,Qualidade,Ativo
P01070,Jaboticabal,Engenharia,Inativo
P01071,Guarulhos,TI,Ativo
P01072,Joinville,RH,Ativo
P01073,Camaçari,Qualidade,Ativo
P01074,Jaboticabal,Qualidade,Ativo
P01075,Joinville,TI,Inativo
P01076,Guarulhos,Produção,Ativo
P01077,Jaboticabal,TI,Ativo
P01078,Joinville,Produção,Ativo
P01079,Jaboticabal,RH,Ativo
P01080,Camaçari,Engenharia,Ativo
P01081,Camaçari,Compras,Ativo
P01082,Camaçari,Logística,Ativo
P01083,Jaboticabal,Qualidade,Ativo
P01084,Joinville,RH,Ativo
P01085,Joinville,RH,Ativo
P01086,Guarulhos,TI,Ativo
P01087,Camaçari,Engenharia,Ativo
P01088,Jaboticabal,Produção,Ativo
P01089,Jaboticabal,RH,Ativo
P01090,Joinville,Qualidade,Ativo
P01091,Jaboticabal,Produção,Ativo
P01092,Guarulhos,Engenharia,Ativo
P01093,Guarulhos,Logística,Ativo
P01094,Joinville,Qualidade,Ativo
P01095,Camaçari,TI,Ativo
P01096,Jaboticabal,RH,Ativo
P01097,Joinville,Qualidade,Ativo
P01098,Camaçari,Produção,Ativo
P01099,Joinville,Engenharia,Ativo
P01100,Jaboticabal,RH,Ativo
P01101,Jaboticabal,Logística,Ativo
P01102,Camaçari,Qualidade,Ativo
P01103,Jaboticabal,Logística,Ativo
P01104,Joinville,Engenharia,Ativo
P01105,Guarulhos,RH,Ativo
P01106,Joinville,RH,Ativo
P01107,Guarulhos,Logística,Ativo
P01108,Guarulhos,Produção,Ativo
P01109,Joinville,Qualidade,Inativo
P01110,Guarulhos,Qualidade,Ativo
P01111,Jaboticabal,RH,Ativo
P01112,Camaçari,Engenharia,Ativo
P01113,Jaboticabal,TI,Ativo
P01114,Joinville,Qualidade,Ativo
P01115,Guarulhos,Logística,Ativo
P01116,Jaboticabal,Engenharia,Ativo
P01117,Camaçari,Engenharia,Inativo
P01118,Guarulhos,Compras,Ativo
P01119,Jaboticabal,Engenharia,Ativo
P01120,Jaboticabal,RH,Ativo
P01121,Guarulhos,Logística,Ativo
P01122,Guarulhos,Produção,Ativo
P01123,Guarulhos,RH,Ativo
P01124,Guarulhos,Logística,Ativo
P01125,Joinville,Logística,Ativo
P01126,Jaboticabal,RH,Ativo
P01127,Guarulhos,RH,Ativo
P01128,Jaboticabal,TI,Ativo
P01129,Jaboticabal,Engenharia,Ativo
P01130,Jaboticabal,Engenharia,Ativo
P01131,Joinville,Produção,Ativo
P01132,Joinville,RH,Ativo
P01133,Guarulhos,Qualidade,Inativo
P01134,Camaçari,Produção,Ativo
P01135,Guarulhos,Produção,Ativo
P01136,Guarulhos,Qualidade,Ativo
P01137,Guarulhos,TI,Ativo
P01138,Camaçari,Logística,Ativo
P01139,Joinville,RH,Ativo
P01140,Guarulhos,RH,Ativo
P01141,Joinville,Compras,Ativo
P01142,Joinville,RH,Ativo
P01143,Guarulhos,Compras,Ativo
P01144,Joinville,RH,Ativo
P01145,Guarulhos,RH,Ativo
P01146,Guarulhos,TI,Ativo
P01147,Jaboticabal,RH,Ativo
P01148,Guarulhos,Logística,Ativo
P01149,Camaçari,Compras,Ativo
P01150,Guarulhos,RH,Ativo
P01151,Camaçari,TI,Ativo
P01152,Joinville,Engenharia,Ativo
P01153,Jaboticabal,Engenharia,Ativo
P01154,Jaboticabal,TI,Ativo
P01155,Joinville,Compras,Ativo
P01156,Guarulhos,TI,Ativo
P01157,Guarulhos,RH,Ativo
P01158,Guarulhos,Qualidade,Ativo
P01159,Jaboticabal,Qualidade,Ativo
P01160,Camaçari,Logística,Ativo
P01161,Joinville,TI,Ativo
P01162,Camaçari,Engenharia,Ativo
P01163,Joinville,TI,Ativo
P01164,Joinville,TI,Inativo
P01165,Jaboticabal,Compras,Ativo
P01166,Camaçari,RH,Ativo
P01167,Joinville,Qualidade,Ativo
P01168,Camaçari,TI,Ativo
P01169,Camaçari,TI,Ativo
P01170,Guarulhos,Produção,Ativo
P01171,Jaboticabal,Engenharia,Ativo
P01172,Joinville,Engenharia,Ativo
P01173,Camaçari,Produção,Ativo
P01174,Camaçari,RH,Ativo
P01175,Joinville,Qualidade,Ativo
P01176,Jaboticabal,Qualidade,Ativo
P01177,Jaboticabal,Qualidade,Ativo
P01178,Guarulhos,Produção,Ativo
P01179,Joinville,Logística,Ativo
P01180,Camaçari,Qualidade,Ativo
P01181,Joinville,Compras,Ativo
P01182,Joinville,RH,Ativo
P01183,Camaçari,Compras,Ativo
P01184,Guarulhos,RH,Ativo
P01185,Camaçari,Compras,Ativo
P01186,Jaboticabal,Logística,Inativo
P01187,Guarulhos,Compras,Ativo
P01188,Jaboticabal,Produção,Ativo
P01189,Jaboticabal,Qualidade,Ativo
P01190,Joinville,Produção,Ativo
P01191,Guarulhos,Qualidade,Ativo
P01192,Joinville,Compras,Ativo
P01193,Jaboticabal,Produção,Inativo
P01194,Jaboticabal,Logística,Ativo
P01195,Joinville,TI,Ativo
P01196,Joinville,Produção,Ativo
P01197,Guarulhos,TI,Inativo
P01198,Camaçari,TI,Ativo
P01199,Jaboticabal,TI,Ativo
P01200,Jaboticabal,RH,Ativo
P01201,Guarulhos,Logística,Ativo
P01202,Joinville,RH,Ativo
P01203,Guarulhos,Qualidade,Ativo
P01204,Guarulhos,Qualidade,Ativo
P01205,Camaçari,Compras,Ativo
P01206,Jaboticabal,RH,Ativo
P01207,Guarulhos,TI,Ativo
P01208,Jaboticabal,Compras,Ativo
P01209,Camaçari,Qualidade,Ativo
P01210,Guarulhos,Engenharia,Ativo
P01211,Guarulhos,Engenharia,Ativo
P01212,Joinville,Logística,Ativo
P01213,Jaboticabal,Qualidade,Ativo
P01214,Jaboticabal,TI,Ativo
P01215,Joinville,TI,Ativo
P01216,Jaboticabal,Logística,Inativo
P01217,Joinville,Engenharia,Inativo
P01218,Camaçari,Qualidade,Ativo
P01219,Guarulhos,Qualidade,Ativo
P01220,Guarulhos,TI,Ativo
P01221,Jaboticabal,Qualidade,Ativo
P01222,Joinville,Produção,Ativo
P01223,Joinville,Logística,Ativo
P01224,Joinville,Qualidade,Ativo
P01225,Joinville,Qualidade,Ativo
P01226,Jaboticabal,RH,Ativo
P01227,Camaçari,Compras,Ativo
P01228,Guarulhos,Produção,Ativo
P01229,Camaçari,Logística,Ativo
P01230,Jaboticabal,Logística,Ativo
P01231,Joinville,Engenharia,Ativo
P01232,Jaboticabal,Compras,Ativo
P01233,Guarulhos,Qualidade,Ativo
P01234,Camaçari,Compras,Ativo
P01235,Jaboticabal,Logística,Ativo
P01236,Camaçari,Logística,Ativo
P01237,Joinville,Logística,Ativo
P01238,Jaboticabal,RH,Ativo
P01239,Jaboticabal,Produção,Ativo
P01240,Joinville,Produção,Ativo
P01241,Joinville,Compras,Ativo
P01242,Camaçari,Logística,Ativo
P01243,Camaçari,RH,Ativo
P01244,Camaçari,Qualidade,Ativo
P01245,Joinville,Produção,Ativo
P01246,Joinville,Qualidade,Ativo
P01247,Jaboticabal,Compras,Ativo
P01248,Camaçari,RH,Ativo
P01249,Joinville,Compras,Ativo
P01250,Guarulhos,Engenharia,Ativo
P01251,Joinville,Qualidade,Inativo
P01252,Joinville,Compras,Ativo
P01253,Guarulhos,Logística,Ativo
P01254,Joinville,Engenharia,Ativo
P01255,Guarulhos,Logística,Ativo
P01256,Joinville,Qualidade,Ativo
P01257,Jaboticabal,Compras,Ativo
P01258,Camaçari,Logística,Ativo
P01259,Joinville,RH,Ativo
P01260,Guarulhos,Compras,Ativo
P01261,Guarulhos,TI,Ativo
P01262,Joinville,Produção,Ativo
P01263,Jaboticabal,Qualidade,Ativo
P01264,Guarulhos,Engenharia,Ativo
P01265,Guarulhos,TI,Ativo
P01266,Guarulhos,Produção,Ativo
P01267,Joinville,Compras,Ativo
P01268,Camaçari,TI,Ativo
P01269,Camaçari,Produção,Inativo
P01270,Camaçari,Engenharia,Ativo
P01271,Guarulhos,RH,Ativo
P01272,Guarulhos,Produção,Ativo
P01273,Joinville,Compras,Ativo
P01274,Jaboticabal,Engenharia,Ativo
P01275,Joinville,TI,Ativo
P01276,Joinville,Engenharia,Ativo
P01277,Guarulhos,RH,Ativo
P01278,Jaboticabal,Qualidade,Ativo
P01279,Joinville,Produção,Ativo
P01280,Jaboticabal,Engenharia,Ativo
P01281,Jaboticabal,Engenharia,Ativo
P01282,Joinville,TI,Ativo
P01283,Joinville,TI,Ativo
P01284,Camaçari,RH,Ativo
P01285,Jaboticabal,Produção,Ativo
P01286,Joinville,Logística,Ativo
P01287,Camaçari,TI,Ativo
P01288,Joinville,Qualidade,Ativo
P01289,Camaçari,RH,Ativo
P01290,Camaçari,RH,Ativo
P01291,Joinville,Compras,Ativo
P01292,Camaçari,TI,Ativo
P01293,Jaboticabal,RH,Ativo
P01294,Camaçari,Produção,Ativo
P01295,Guarulhos,TI,Ativo
P01296,Jaboticabal,Engenharia,Ativo
P01297,Camaçari,Engenharia,Ativo
P01298,Guarulhos,Qualidade,Ativo
P01299,Guarulhos,Qualidade,Ativo
P01300,Jaboticabal,RH,Ativo
P01301,Jaboticabal,Engenharia,Ativo
P01302,Joinville,Produção,Ativo
P01303,Joinville,Produção,Ativo
P01304,Camaçari,Produção,Ativo
P01305,Jaboticabal,Qualidade,Ativo
P01306,Joinville,Produção,Ativo
P01307,Guarulhos,Compras,Ativo
P01308,Guarulhos,Engenharia,Ativo
P01309,Joinville,TI,Ativo
P01310,Camaçari,Compras,Ativo
P01311,Joinville,Qualidade,Ativo
P01312,Guarulhos,TI,Ativo
P01313,Camaçari,Compras,Ativo
P01314,Joinville,Produção,Ativo
P01315,Camaçari,Engenharia,Ativo
P01316,Camaçari,Produção,Ativo
P01317,Camaçari,Produção,Ativo
P01318,Camaçari,Produção,Ativo
P01319,Jaboticabal,Compras,Ativo
P01320,Camaçari,Logística,Ativo
P01321,Jaboticabal,Logística,Ativo
P01322,Guarulhos,Produção,Ativo
P01323,Joinville,TI,Ativo
P01324,Jaboticabal,RH,Ativo
P01325,Camaçari,Compras,Inativo
P01326,Guarulhos,Engenharia,Ativo
P01327,Camaçari,Compras,Inativo
P01328,Jaboticabal,RH,Ativo
P01329,Joinville,Logística,Ativo
P01330,Jaboticabal,Logística,Ativo
P01331,Joinville,Compras,Ativo
P01332,Guarulhos,Qualidade,Ativo
P01333,Guarulhos,Logística,Ativo
P01334,Jaboticabal,TI,Ativo
P01335,Joinville,Qualidade,Ativo
P01336,Joinville,Engenharia,Ativo
P01337,Guarulhos,Qualidade,Ativo
P01338,Guarulhos,Compras,Ativo
P01339,Guarulhos,Produção,Ativo
P01340,Camaçari,Qualidade,Ativo
P01341,Guarulhos,Logística,Ativo
P01342,Guarulhos,TI,Ativo
P01343,Joinville,RH,Ativo
P01344,Joinville,TI,Ativo
P01345,Joinville,Qualidade,Inativo
P01346,Joinville,RH,Ativo
P01347,Joinville,Produção,Ativo
P01348,Joinville,Logística,Ativo
P01349,Guarulhos,Engenharia,Ativo
P01350,Camaçari,TI,Ativo
P01351,Guarulhos,Qualidade,Ativo
P01352,Joinville,RH,Ativo
P01353,Jaboticabal,Qualidade,Ativo
P01354,Jaboticabal,Engenharia,Ativo
P01355,Guarulhos,TI,Ativo
P01356,Guarulhos,RH,Ativo
P01357,Jaboticabal,TI,Ativo
P01358,Camaçari,TI,Ativo
P01359,Jaboticabal,Logística,Ativo
P01360,Jaboticabal,RH,Ativo
P01361,Joinville,Qualidade,Ativo
P01362,Joinville,Produção,Ativo
P01363,Jaboticabal,TI,Ativo
P01364,Joinville,Produção,Ativo
P01365,Guarulhos,RH,Ativo
P01366,Guarulhos,Produção,Ativo
P01367,Jaboticabal,Logística,Ativo
P01368,Camaçari,RH,Ativo
P01369,Joinville,Produção,Ativo
P01370,Guarulhos,Qualidade,Ativo
P01371,Camaçari,Qualidade,Ativo
P01372,Camaçari,Compras,Ativo
P01373,Joinville,RH,Ativo
P01374,Joinville,TI,Ativo
P01375,Camaçari,Logística,Ativo
P01376,Camaçari,Logística,Ativo
P01377,Guarulhos,RH,Ativo
P01378,Jaboticabal,Qualidade,Ativo
P01379,Joinville,RH,Inativo
P01380,Jaboticabal,Compras,Ativo
P01381,Jaboticabal,Compras,Ativo
P01382,Guarulhos,Qualidade,Ativo
P01383,Guarulhos,TI,Ativo
P01384,Jaboticabal,RH,Ativo
P01385,Camaçari,RH,Ativo
P01386,Guarulhos,Engenharia,Ativo
P01387,Guarulhos,Logística,Ativo
P01388,Guarulhos,Engenharia,Ativo
P01389,Joinville,RH,Ativo
P01390,Camaçari,RH,Ativo
P01391,Joinville,TI,Ativo
P01392,Guarulhos,Produção,Ativo
P01393,Guarulhos,Compras,Ativo
P01394,Camaçari,Logística,Ativo
P01395,Camaçari,TI,Inativo
P01396,Guarulhos,TI,Ativo
P01397,Joinville,Qualidade,Ativo
P01398,Camaçari,TI,Ativo
P01399,Camaçari,Compras,Ativo
P01400,Joinville,RH,Ativo
P01401,Camaçari,Engenharia,Ativo
P01402,Guarulhos,Engenharia,Ativo
P01403,Guarulhos,Qualidade,Ativo
P01404,Jaboticabal,Engenharia,Ativo
P01405,Jaboticabal,Logística,Ativo
P01406,Camaçari,Logística,Ativo
P01407,Joinville,Compras,Ativo
P01408,Camaçari,TI,Ativo
P01409,Jaboticabal,Engenharia,Ativo
P01410,Guarulhos,Logística,Ativo
P01411,Guarulhos,Produção,Ativo
P01412,Camaçari,Compras,Ativo
P01413,Guarulhos,Engenharia,Ativo
P01414,Guarulhos,Qualidade,Ativo
P01415,Camaçari,Produção,Ativo
P01416,Guarulhos,Logística,Ativo
P01417,Jaboticabal,Produção,Ativo
P01418,Camaçari,RH,Ativo
P01419,Guarulhos,Compras,Ativo
P01420,Joinville,TI,Ativo
P01421,Joinville,RH,Ativo
P01422,Guarulhos,Engenharia,Ativo
P01423,Joinville,Qualidade,Ativo
P01424,Joinville,Engenharia,Ativo
P01425,Jaboticabal,Qualidade,Ativo
P01426,Joinville,Engenharia,Ativo
P01427,Guarulhos,Logística,Ativo
P01428,Camaçari,Qualidade,Ativo
P01429,Joinville,Qualidade,Ativo
P01430,Guarulhos,Qualidade,Ativo
P01431,Guarulhos,Engenharia,Ativo
P01432,Guarulhos,Produção,Ativo
P01433,Camaçari,Produção,Ativo
P01434,Camaçari,Qualidade,Ativo
P01435,Camaçari,Engenharia,Ativo
P01436,Guarulhos,TI,Ativo
P01437,Joinville,RH,Ativo
P01438,Jaboticabal,Compras,Ativo
P01439,Joinville,Compras,Ativo
P01440,Guarulhos,Produção,Ativo
P01441,Joinville,Produção,Ativo
P01442,Jaboticabal,Engenharia,Ativo
P01443,Guarulhos,Logística,Ativo
P01444,Joinville,RH,Ativo
P01445,Joinville,RH,Ativo
P01446,Camaçari,Qualidade,Ativo
P01447,Joinville,Compras,Ativo
P01448,Jaboticabal,RH,Ativo
P01449,Camaçari,RH,Ativo
P01450,Camaçari,Produção,Ativo
P01451,Jaboticabal,RH,Ativo
P01452,Camaçari,Engenharia,Ativo
P01453,Joinville,TI,Ativo
P01454,Joinville,Produção,Ativo
P01455,Jaboticabal,Engenharia,Ativo
P01456,Jaboticabal,Qualidade,Ativo
P01457,Jaboticabal,RH,Ativo
P01458,Guarulhos,Compras,Ativo
P01459,Camaçari,RH,Ativo
P01460,Jaboticabal,Logística,Inativo
P01461,Joinville,TI,Ativo
P01462,Camaçari,Produção,Ativo
P01463,Jaboticabal,RH,Ativo
P01464,Guarulhos,Qualidade,Ativo
P01465,Camaçari,Compras,Ativo
P01466,Guarulhos,Logística,Inativo
P01467,Camaçari,TI,Ativo
P01468,Camaçari,RH,Ativo
P01469,Camaçari,RH,Ativo
P01470,Jaboticabal,Produção,Ativo
P01471,Joinville,Produção,Ativo
P01472,Camaçari,Logística,Ativo
P01473,Camaçari,Engenharia,Ativo
P01474,Camaçari,Compras,Ativo
P01475,Camaçari,Engenharia,Ativo
P01476,Camaçari,TI,Ativo
P01477,Camaçari,Produção,Ativo
P01478,Camaçari,Produção,Ativo
P01479,Jaboticabal,Qualidade,Ativo
P01480,Camaçari,Engenharia,Ativo
P01481,Joinville,Engenharia,Ativo
P01482,Camaçari,TI,Ativo
P01483,Joinville,RH,Ativo
P01484,Joinville,Compras,Ativo
P01485,Jaboticabal,Compras,Ativo
P01486,Joinville,TI,Inativo
P01487,Jaboticabal,RH,Ativo
P01488,Guarulhos,Engenharia,Ativo
P01489,Jaboticabal,Engenharia,Ativo
P01490,Guarulhos,RH,Ativo
P01491,Guarulhos,Produção,Ativo
P01492,Guarulhos,Qualidade,Ativo
P01493,Camaçari,Logística,Ativo
P01494,Jaboticabal,Compras,Ativo
P01495,Guarulhos,RH,Ativo
P01496,Camaçari,TI,Ativo
P01497,Joinville,RH,Ativo
P01498,Camaçari,Qualidade,Ativo
P01499,Joinville,Produção,Ativo
P01500,Joinville,RH,Ativo
