cliente_id;codigo_cliente;tipo_pessoa;uf;data_cadastro;status
1;  CLI-00001  ;Pessoa Jurídica;MG;2022-03-21;Ativo
2;  CLI-00002  ;Pessoa Jurídica;SC;2024-06-26;Ativo
3;  CLI-00003  ;Pessoa Física;SC;2023-07-20;Ativo
4;  CLI-00004  ;Pessoa Física;PR;2024-05-09;Ativo
5;CLI-00005;Pessoa Jurídica;SC;2024-10-10;Ativo
6;CLI-00006;Pessoa Física;SP;2022-04-26;Ativo
7;CLI-00007;Pessoa Física;SP;2024-11-25;Ativo
8;CLI-00008;Pessoa Jurídica;RJ;2021-07-06;Inativo
9;CLI-00009;Pessoa Jurídica;MG;2023-07-31;Ativo
10;CLI-00010;Pessoa Jurídica;RJ;2023-02-21;Ativo
11;CLI-00011;Pessoa Jurídica;PR;2024-04-14;Ativo
12;CLI-00012;Pessoa Física;RJ;2023-03-20;Inativo
13;CLI-00013;Pessoa Física;MG;2025-03-04;Ativo
14;CLI-00014;Pessoa Física;PR;2023-05-11;Inativo
15;CLI-00015;Pessoa Jurídica;RJ;2021-07-12;Ativo
16;CLI-00016;Pessoa Jurídica;SC;2021-12-20;Ativo
17;CLI-00017;Pessoa Física;MG;2023-11-20;Ativo
18;CLI-00018;Pessoa Jurídica;PR;2022-01-17;Ativo
19;CLI-00019;Pessoa Física;PR;2022-12-19;Ativo
20;CLI-00020;Pessoa Física;RJ;2023-09-12;Ativo
21;CLI-00021;Pessoa Jurídica;PR;2022-05-26;Ativo
22;CLI-00022;Pessoa Jurídica;PR;2022-07-27;Ativo
23;CLI-00023;Pessoa Física;SP;2022-12-19;Ativo
24;CLI-00024;Pessoa Jurídica;RJ;2022-10-13;Inativo
25;CLI-00025;Pessoa Física;RJ;2023-11-05;Ativo
26;CLI-00026;Pessoa Física;RJ;2025-06-24;Ativo
27;CLI-00027;Pessoa Física;SC;2022-06-14;Inativo
28;CLI-00028;Pessoa Jurídica;PR;2023-02-03;Ativo
29;CLI-00029;Pessoa Jurídica;RJ;2023-07-09;Ativo
30;CLI-00030;Pessoa Física;MG;2025-05-10;Ativo
31;CLI-00031;Pessoa Física;SC;2024-10-23;Ativo
32;CLI-00032;Pessoa Jurídica;MG;2025-02-22;Ativo
33;CLI-00033;Pessoa Física;PR;2023-07-31;Ativo
34;CLI-00034;Pessoa Jurídica;PR;2025-04-17;Ativo
35;CLI-00035;Pessoa Física;RJ;2022-01-19;Ativo
36;CLI-00036;Pessoa Física;RJ;2025-02-26;Ativo
37;CLI-00037;Pessoa Física;SC;2024-01-02;Ativo
38;CLI-00038;Pessoa Física;RJ;2023-04-03;Ativo
39;CLI-00039;Pessoa Física;MG;2025-01-03;Ativo
40;CLI-00040;Pessoa Jurídica;RJ;2022-09-23;Ativo
41;CLI-00041;Pessoa Física;PR;2023-06-24;Ativo
42;CLI-00042;Pessoa Jurídica;RJ;2022-11-26;Ativo
43;CLI-00043;Pessoa Jurídica;PR;2024-10-08;Ativo
44;CLI-00044;Pessoa Física;PR;2021-11-25;Ativo
45;CLI-00045;Pessoa Física;SP;2025-05-13;Ativo
46;CLI-00046;Pessoa Física;PR;2021-08-24;Ativo
47;CLI-00047;Pessoa Jurídica;SC;2025-04-03;Ativo
48;CLI-00048;Pessoa Jurídica;SP;2022-01-23;Ativo
49;CLI-00049;Pessoa Jurídica;SP;2022-04-03;Ativo
50;CLI-00050;Pessoa Física;SP;2024-03-03;Ativo
51;CLI-00051;Pessoa Jurídica;PR;2022-10-07;Ativo
52;CLI-00052;Pessoa Física;PR;2023-09-01;Ativo
53;CLI-00053;Pessoa Jurídica;RJ;2023-05-01;Ativo
54;CLI-00054;Pessoa Jurídica;PR;2023-05-15;Ativo
55;CLI-00055;Pessoa Física;RJ;2021-10-16;Ativo
56;CLI-00056;Pessoa Física;SC;2023-12-19;Ativo
57;CLI-00057;Pessoa Jurídica;RJ;2025-05-17;Ativo
58;CLI-00058;Pessoa Jurídica;PR;2022-12-13;Ativo
59;CLI-00059;Pessoa Jurídica;PR;2023-01-20;Ativo
60;CLI-00060;Pessoa Física;MG;2025-01-15;Ativo
61;CLI-00061;Pessoa Física;RJ;2021-08-19;Ativo
62;CLI-00062;Pessoa Física;SC;2021-07-24;Ativo
63;CLI-00063;Pessoa Jurídica;MG;2024-04-06;Ativo
64;CLI-00064;Pessoa Jurídica;SC;2024-04-05;Ativo
65;CLI-00065;Pessoa Jurídica;MG;2023-10-10;Ativo
66;CLI-00066;Pessoa Física;RJ;2023-03-17;Ativo
67;CLI-00067;Pessoa Física;RJ;2024-07-17;Ativo
68;CLI-00068;Pessoa Física;SC;2021-11-15;Inativo
69;CLI-00069;Pessoa Física;PR;2025-06-22;Ativo
70;CLI-00070;Pessoa Jurídica;SC;2024-05-04;Ativo
71;CLI-00071;Pessoa Física;PR;2023-02-01;Ativo
72;CLI-00072;Pessoa Física;SC;2023-06-04;Ativo
73;CLI-00073;Pessoa Jurídica;SP;2022-11-29;Ativo
74;CLI-00074;Pessoa Física;SP;2021-08-13;Inativo
75;CLI-00075;Pessoa Jurídica;RJ;2024-07-13;Ativo
76;CLI-00076;Pessoa Jurídica;PR;2024-05-25;Ativo
77;CLI-00077;Pessoa Jurídica;PR;2023-09-18;Ativo
78;CLI-00078;Pessoa Física;MG;2024-12-23;Ativo
79;CLI-00079;Pessoa Física;PR;2022-10-26;Ativo
80;CLI-00080;Pessoa Jurídica;RJ;2023-04-21;Ativo
81;CLI-00081;Pessoa Jurídica;MG;2024-09-13;Ativo
82;CLI-00082;Pessoa Jurídica;RJ;2021-12-08;Ativo
83;CLI-00083;Pessoa Jurídica;SP;2023-04-06;Ativo
84;CLI-00084;Pessoa Jurídica;MG;2023-03-24;Ativo
85;CLI-00085;Pessoa Jurídica;SP;2025-01-02;Inativo
86;CLI-00086;Pessoa Jurídica;MG;2022-03-05;Ativo
87;CLI-00087;Pessoa Jurídica;MG;2022-03-22;Ativo
88;CLI-00088;Pessoa Física;RJ;2024-09-13;Ativo
89;CLI-00089;Pessoa Jurídica;SC;2024-01-29;Ativo
90;CLI-00090;Pessoa Física;MG;2022-11-05;Ativo
91;CLI-00091;Pessoa Jurídica;PR;2024-12-02;Inativo
92;CLI-00092;Pessoa Jurídica;MG;2024-03-26;Ativo
93;CLI-00093;Pessoa Jurídica;PR;2021-09-19;Ativo
94;CLI-00094;Pessoa Física;SP;2024-07-02;Ativo
95;CLI-00095;Pessoa Física;PR;2022-01-30;Ativo
96;CLI-00096;Pessoa Física;PR;2021-10-25;Ativo
97;CLI-00097;Pessoa Jurídica;SP;2022-11-18;Ativo
98;CLI-00098;Pessoa Jurídica;RJ;2023-01-17;Ativo
99;CLI-00099;Pessoa Jurídica;SP;2023-10-08;Ativo
100;CLI-00100;Pessoa Jurídica;PR;2021-06-15;Ativo
101;CLI-00101;Pessoa Física;SP;2022-10-02;Ativo
102;CLI-00102;Pessoa Física;RJ;2021-11-30;Ativo
103;CLI-00103;Pessoa Física;SP;2023-11-09;Ativo
104;CLI-00104;Pessoa Física;MG;2023-12-15;Ativo
105;CLI-00105;Pessoa Jurídica;RJ;2023-02-19;Ativo
106;CLI-00106;Pessoa Física;SP;2024-08-10;Ativo
107;CLI-00107;Pessoa Física;SP;2023-11-19;Ativo
108;CLI-00108;Pessoa Jurídica;SP;2025-06-01;Ativo
109;CLI-00109;Pessoa Física;SC;2023-06-26;Ativo
110;CLI-00110;Pessoa Jurídica;RJ;2021-11-17;Ativo
111;CLI-00111;Pessoa Física;RJ;2021-09-06;Ativo
112;CLI-00112;Pessoa Jurídica;SP;2021-10-01;Ativo
113;CLI-00113;Pessoa Física;PR;2023-03-21;Ativo
114;CLI-00114;Pessoa Física;MG;2024-11-25;Ativo
115;CLI-00115;Pessoa Jurídica;SP;2025-06-20;Ativo
116;CLI-00116;Pessoa Física;SP;2021-12-19;Ativo
117;CLI-00117;Pessoa Jurídica;MG;2023-09-20;Ativo
118;CLI-00118;Pessoa Jurídica;MG;2023-10-02;Ativo
119;CLI-00119;Pessoa Física;MG;2024-07-28;Inativo
120;CLI-00120;Pessoa Jurídica;SP;2023-04-04;Ativo
121;CLI-00121;Pessoa Jurídica;SP;2023-06-11;Ativo
122;CLI-00122;Pessoa Jurídica;RJ;2023-06-17;Inativo
123;CLI-00123;Pessoa Jurídica;SP;2024-04-17;Ativo
124;CLI-00124;Pessoa Jurídica;MG;2022-06-18;Ativo
125;CLI-00125;Pessoa Física;SP;2022-03-31;Ativo
126;CLI-00126;Pessoa Jurídica;RJ;2021-10-05;Ativo
127;CLI-00127;Pessoa Física;SC;2024-08-03;Ativo
128;CLI-00128;Pessoa Jurídica;MG;2025-02-22;Ativo
129;CLI-00129;Pessoa Física;PR;2024-06-25;Ativo
130;CLI-00130;Pessoa Física;SC;2023-01-26;Ativo
131;CLI-00131;Pessoa Jurídica;RJ;2022-05-16;Ativo
132;CLI-00132;Pessoa Jurídica;MG;2025-03-24;Ativo
133;CLI-00133;Pessoa Física;MG;2021-05-26;Ativo
134;CLI-00134;Pessoa Física;MG;2024-04-18;Ativo
135;CLI-00135;Pessoa Jurídica;SP;2025-02-05;Inativo
136;CLI-00136;Pessoa Jurídica;PR;2021-07-15;Ativo
137;CLI-00137;Pessoa Física;SP;2025-01-31;Ativo
138;CLI-00138;Pessoa Jurídica;SP;2023-02-24;Ativo
139;CLI-00139;Pessoa Jurídica;SC;2022-12-31;Ativo
140;CLI-00140;Pessoa Física;SP;2024-06-13;Ativo
141;CLI-00141;Pessoa Jurídica;PR;2023-09-12;Ativo
142;CLI-00142;Pessoa Física;PR;2021-10-19;Ativo
143;CLI-00143;Pessoa Física;SP;2022-03-18;Ativo
144;CLI-00144;Pessoa Física;PR;2025-04-30;Ativo
145;CLI-00145;Pessoa Física;SC;2023-10-08;Inativo
146;CLI-00146;Pessoa Física;RJ;2024-02-21;Ativo
147;CLI-00147;Pessoa Jurídica;MG;2024-03-16;Ativo
148;CLI-00148;Pessoa Jurídica;SC;2025-06-05;Ativo
149;CLI-00149;Pessoa Jurídica;RJ;2021-05-29;Ativo
150;CLI-00150;Pessoa Física;MG;2021-11-03;Ativo
151;CLI-00151;Pessoa Física;SP;2023-09-12;Ativo
152;CLI-00152;Pessoa Jurídica;RJ;2022-10-03;Ativo
153;CLI-00153;Pessoa Jurídica;SC;2022-11-11;Ativo
154;CLI-00154;Pessoa Jurídica;PR;2024-06-12;Ativo
155;CLI-00155;Pessoa Jurídica;SP;2025-02-19;Ativo
156;CLI-00156;Pessoa Jurídica;SC;2025-03-08;Ativo
157;CLI-00157;Pessoa Física;SC;2021-10-01;Ativo
158;CLI-00158;Pessoa Física;PR;2023-01-08;Ativo
159;CLI-00159;Pessoa Jurídica;SC;2025-06-06;Ativo
160;CLI-00160;Pessoa Jurídica;SP;2021-12-04;Inativo
161;CLI-00161;Pessoa Física;MG;2024-03-05;Ativo
162;CLI-00162;Pessoa Jurídica;RJ;2024-06-07;Ativo
163;CLI-00163;Pessoa Física;RJ;2022-03-21;Ativo
164;CLI-00164;Pessoa Jurídica;SP;2021-12-13;Ativo
165;CLI-00165;Pessoa Física;PR;2022-04-12;Ativo
166;CLI-00166;Pessoa Física;SC;2025-06-22;Ativo
167;CLI-00167;Pessoa Jurídica;SC;2024-11-02;Inativo
168;CLI-00168;Pessoa Jurídica;PR;2021-05-25;Ativo
169;CLI-00169;Pessoa Jurídica;PR;2023-03-25;Ativo
170;CLI-00170;Pessoa Física;PR;2023-08-08;Ativo
171;CLI-00171;Pessoa Física;RJ;2022-08-06;Ativo
172;CLI-00172;Pessoa Jurídica;MG;2021-07-04;Ativo
173;CLI-00173;Pessoa Física;PR;2022-12-03;Ativo
174;CLI-00174;Pessoa Física;PR;2024-02-19;Ativo
175;CLI-00175;Pessoa Física;RJ;2022-10-08;Ativo
176;CLI-00176;Pessoa Física;SC;2021-06-04;Ativo
177;CLI-00177;Pessoa Física;SC;2022-08-31;Ativo
178;CLI-00178;Pessoa Jurídica;RJ;2024-05-15;Ativo
179;CLI-00179;Pessoa Jurídica;SC;2021-12-31;Ativo
180;CLI-00180;Pessoa Física;MG;2024-03-31;Ativo
181;CLI-00181;Pessoa Jurídica;RJ;2022-09-04;Ativo
182;CLI-00182;Pessoa Jurídica;RJ;2021-08-19;Ativo
183;CLI-00183;Pessoa Jurídica;MG;2022-08-06;Ativo
184;CLI-00184;Pessoa Física;MG;2022-04-14;Ativo
185;CLI-00185;Pessoa Jurídica;SP;2021-08-19;Ativo
186;CLI-00186;Pessoa Física;PR;2023-05-14;Ativo
187;CLI-00187;Pessoa Física;SP;2022-03-11;Inativo
188;CLI-00188;Pessoa Jurídica;PR;2025-06-08;Ativo
189;CLI-00189;Pessoa Física;PR;2022-02-02;Ativo
190;CLI-00190;Pessoa Física;SP;2024-01-13;Ativo
191;CLI-00191;Pessoa Jurídica;PR;2024-08-23;Ativo
192;CLI-00192;Pessoa Jurídica;MG;2023-04-18;Ativo
193;CLI-00193;Pessoa Jurídica;MG;2024-06-28;Inativo
194;CLI-00194;Pessoa Física;RJ;2023-12-17;Ativo
195;CLI-00195;Pessoa Física;MG;2024-05-05;Ativo
196;CLI-00196;Pessoa Jurídica;RJ;2021-11-09;Ativo
197;CLI-00197;Pessoa Física;PR;2021-05-28;Ativo
198;CLI-00198;Pessoa Física;SC;2023-07-28;Ativo
199;CLI-00199;Pessoa Física;SC;2024-09-10;Ativo
200;CLI-00200;Pessoa Física;PR;2024-07-04;Inativo
201;CLI-00201;Pessoa Jurídica;SC;2022-08-05;Ativo
202;CLI-00202;Pessoa Jurídica;PR;2021-06-20;Ativo
203;CLI-00203;Pessoa Jurídica;MG;2024-03-14;Ativo
204;CLI-00204;Pessoa Jurídica;SP;2024-09-16;Ativo
205;CLI-00205;Pessoa Física;SP;2022-12-21;Ativo
206;CLI-00206;Pessoa Física;SC;2024-07-29;Ativo
207;CLI-00207;Pessoa Jurídica;SC;2024-06-28;Ativo
208;CLI-00208;Pessoa Jurídica;SP;2022-05-28;Ativo
209;CLI-00209;Pessoa Jurídica;SP;2022-03-18;Ativo
210;CLI-00210;Pessoa Jurídica;PR;2024-03-22;Ativo
211;CLI-00211;Pessoa Jurídica;SP;2025-01-22;Ativo
212;CLI-00212;Pessoa Jurídica;MG;2025-02-20;Ativo
213;CLI-00213;Pessoa Jurídica;SP;2022-01-30;Ativo
214;CLI-00214;Pessoa Jurídica;SC;2025-04-15;Ativo
215;CLI-00215;Pessoa Jurídica;RJ;2023-07-18;Ativo
216;CLI-00216;Pessoa Jurídica;PR;2023-06-24;Ativo
217;CLI-00217;Pessoa Jurídica;RJ;2023-11-20;Ativo
218;CLI-00218;Pessoa Jurídica;RJ;2024-09-21;Inativo
219;CLI-00219;Pessoa Jurídica;SC;2024-09-15;Ativo
220;CLI-00220;Pessoa Jurídica;RJ;2023-05-20;Ativo
221;CLI-00221;Pessoa Física;RJ;2025-06-05;Ativo
222;CLI-00222;Pessoa Física;PR;2024-03-21;Ativo
223;CLI-00223;Pessoa Física;MG;2022-03-03;Ativo
224;CLI-00224;Pessoa Jurídica;MG;2024-03-25;Ativo
225;CLI-00225;Pessoa Jurídica;PR;2024-12-26;Ativo
226;CLI-00226;Pessoa Física;SP;2023-02-08;Ativo
227;CLI-00227;Pessoa Física;PR;2024-05-03;Ativo
228;CLI-00228;Pessoa Jurídica;RJ;2025-04-10;Ativo
229;CLI-00229;Pessoa Física;SC;2021-09-05;Ativo
230;CLI-00230;Pessoa Jurídica;PR;2023-05-29;Ativo
231;CLI-00231;Pessoa Física;SP;2022-01-01;Ativo
232;CLI-00232;Pessoa Jurídica;MG;2022-11-25;Ativo
233;CLI-00233;Pessoa Física;SC;2023-08-26;Inativo
234;CLI-00234;Pessoa Física;MG;2021-12-29;Ativo
235;CLI-00235;Pessoa Física;SP;2024-04-15;Ativo
236;CLI-00236;Pessoa Física;PR;2022-07-25;Ativo
237;CLI-00237;Pessoa Jurídica;SC;2022-05-30;Ativo
238;CLI-00238;Pessoa Jurídica;RJ;2025-06-24;Ativo
239;CLI-00239;Pessoa Jurídica;PR;2021-11-24;Ativo
240;CLI-00240;Pessoa Física;SP;2023-02-06;Ativo
241;CLI-00241;Pessoa Jurídica;PR;2023-12-18;Ativo
242;CLI-00242;Pessoa Jurídica;RJ;2024-10-02;Ativo
243;CLI-00243;Pessoa Física;SP;2022-02-11;Ativo
244;CLI-00244;Pessoa Jurídica;PR;2022-06-18;Ativo
245;CLI-00245;Pessoa Física;RJ;2021-07-24;Ativo
246;CLI-00246;Pessoa Jurídica;SC;2025-03-16;Ativo
247;CLI-00247;Pessoa Física;MG;2024-02-28;Ativo
248;CLI-00248;Pessoa Jurídica;RJ;2025-03-05;Ativo
249;CLI-00249;Pessoa Jurídica;SP;2024-05-20;Ativo
250;CLI-00250;Pessoa Física;RJ;2021-06-07;Ativo
251;CLI-00251;Pessoa Física;PR;2021-07-30;Ativo
252;CLI-00252;Pessoa Jurídica;SP;2022-06-14;Ativo
253;CLI-00253;Pessoa Física;SP;2024-06-09;Ativo
254;CLI-00254;Pessoa Física;RJ;2024-03-21;Ativo
255;CLI-00255;Pessoa Jurídica;SC;2021-12-02;Ativo
256;CLI-00256;Pessoa Física;PR;2022-04-09;Inativo
257;CLI-00257;Pessoa Física;RJ;2021-06-30;Inativo
258;CLI-00258;Pessoa Jurídica;RJ;2023-09-08;Ativo
259;CLI-00259;Pessoa Física;SC;2024-12-23;Ativo
260;CLI-00260;Pessoa Física;MG;2025-04-20;Ativo
261;CLI-00261;Pessoa Jurídica;MG;2023-06-20;Ativo
262;CLI-00262;Pessoa Física;PR;2024-07-19;Ativo
263;CLI-00263;Pessoa Jurídica;PR;2025-04-07;Ativo
264;CLI-00264;Pessoa Física;SP;2021-10-07;Ativo
265;CLI-00265;Pessoa Jurídica;SP;2021-08-14;Inativo
266;CLI-00266;Pessoa Jurídica;RJ;2021-06-18;Ativo
267;CLI-00267;Pessoa Física;RJ;2025-06-20;Ativo
268;CLI-00268;Pessoa Jurídica;PR;2022-10-01;Ativo
269;CLI-00269;Pessoa Física;MG;2025-03-01;Ativo
270;CLI-00270;Pessoa Física;SC;2021-09-29;Ativo
271;CLI-00271;Pessoa Jurídica;SC;2023-03-13;Ativo
272;CLI-00272;Pessoa Física;MG;2025-02-20;Ativo
273;CLI-00273;Pessoa Física;SP;2023-09-12;Ativo
274;CLI-00274;Pessoa Física;MG;2022-08-05;Ativo
275;CLI-00275;Pessoa Jurídica;SC;2023-11-24;Ativo
276;CLI-00276;Pessoa Jurídica;SC;2021-12-26;Ativo
277;CLI-00277;Pessoa Jurídica;RJ;2024-01-03;Ativo
278;CLI-00278;Pessoa Física;RJ;2022-07-19;Ativo
279;CLI-00279;Pessoa Jurídica;SC;2025-05-17;Ativo
280;CLI-00280;Pessoa Física;PR;2024-08-26;Ativo
281;CLI-00281;Pessoa Jurídica;PR;2023-09-10;Ativo
282;CLI-00282;Pessoa Jurídica;RJ;2024-03-31;Ativo
283;CLI-00283;Pessoa Jurídica;RJ;2023-04-18;Ativo
284;CLI-00284;Pessoa Jurídica;SC;2022-05-29;Inativo
285;CLI-00285;Pessoa Física;PR;2023-04-26;Ativo
286;CLI-00286;Pessoa Jurídica;PR;2023-01-04;Ativo
287;CLI-00287;Pessoa Física;MG;2024-03-09;Ativo
288;CLI-00288;Pessoa Física;MG;2022-02-10;Inativo
289;CLI-00289;Pessoa Física;MG;2021-06-26;Ativo
290;CLI-00290;Pessoa Física;SP;2022-08-01;Ativo
291;CLI-00291;Pessoa Jurídica;SC;2023-04-14;Ativo
292;CLI-00292;Pessoa Jurídica;PR;2025-01-13;Ativo
293;CLI-00293;Pessoa Jurídica;MG;2025-01-04;Ativo
294;CLI-00294;Pessoa Jurídica;SC;2023-07-09;Ativo
295;CLI-00295;Pessoa Física;MG;2023-01-05;Ativo
296;CLI-00296;Pessoa Física;SP;2021-10-16;Ativo
297;CLI-00297;Pessoa Jurídica;SP;2024-01-13;Inativo
298;CLI-00298;Pessoa Física;SC;2021-09-11;Ativo
299;CLI-00299;Pessoa Física;MG;2023-04-12;Ativo
300;CLI-00300;Pessoa Jurídica;RJ;2021-10-06;Ativo
301;CLI-00301;Pessoa Jurídica;SC;2024-03-02;Ativo
302;CLI-00302;Pessoa Física;SP;2021-11-18;Ativo
303;CLI-00303;Pessoa Jurídica;SC;2024-02-17;Ativo
304;CLI-00304;Pessoa Jurídica;MG;2022-03-26;Ativo
305;CLI-00305;Pessoa Física;SC;2021-11-04;Ativo
306;CLI-00306;Pessoa Física;RJ;2022-06-12;Ativo
307;CLI-00307;Pessoa Jurídica;SP;2023-03-05;Ativo
308;CLI-00308;Pessoa Física;MG;2024-12-19;Inativo
309;CLI-00309;Pessoa Jurídica;MG;2024-10-18;Ativo
310;CLI-00310;Pessoa Jurídica;SC;2024-10-09;Ativo
311;CLI-00311;Pessoa Física;MG;2022-06-19;Ativo
312;CLI-00312;Pessoa Jurídica;SC;2025-04-01;Ativo
313;CLI-00313;Pessoa Física;RJ;2024-10-15;Ativo
314;CLI-00314;Pessoa Física;RJ;2024-01-13;Ativo
315;CLI-00315;Pessoa Jurídica;MG;2023-02-23;Ativo
316;CLI-00316;Pessoa Física;SP;2023-10-01;Ativo
317;CLI-00317;Pessoa Física;SP;2023-12-22;Ativo
318;CLI-00318;Pessoa Física;PR;2025-01-28;Ativo
319;CLI-00319;Pessoa Física;MG;2022-10-09;Ativo
320;CLI-00320;Pessoa Jurídica;PR;2023-06-17;Ativo
321;CLI-00321;Pessoa Jurídica;SC;2023-02-04;Ativo
322;CLI-00322;Pessoa Física;SC;2023-09-13;Ativo
323;CLI-00323;Pessoa Física;SP;2024-09-23;Ativo
324;CLI-00324;Pessoa Jurídica;PR;2024-10-17;Ativo
325;CLI-00325;Pessoa Física;PR;2025-04-14;Ativo
326;CLI-00326;Pessoa Jurídica;PR;2025-01-27;Ativo
327;CLI-00327;Pessoa Física;SC;2022-03-01;Ativo
328;CLI-00328;Pessoa Jurídica;PR;2021-12-06;Ativo
329;CLI-00329;Pessoa Jurídica;RJ;2021-07-10;Ativo
330;CLI-00330;Pessoa Jurídica;SP;2021-12-08;Inativo
331;CLI-00331;Pessoa Física;SC;2024-07-02;Ativo
332;CLI-00332;Pessoa Jurídica;SP;2022-02-23;Ativo
333;CLI-00333;Pessoa Jurídica;MG;2022-08-07;Ativo
334;CLI-00334;Pessoa Jurídica;SC;2022-09-15;Ativo
335;CLI-00335;Pessoa Jurídica;SC;2024-09-06;Ativo
336;CLI-00336;Pessoa Física;MG;2021-09-21;Ativo
337;CLI-00337;Pessoa Física;PR;2021-10-03;Ativo
338;CLI-00338;Pessoa Jurídica;PR;2023-10-05;Ativo
339;CLI-00339;Pessoa Jurídica;MG;2021-09-26;Ativo
340;CLI-00340;Pessoa Física;PR;2022-07-10;Ativo
341;CLI-00341;Pessoa Jurídica;RJ;2021-08-27;Ativo
342;CLI-00342;Pessoa Física;SP;2022-09-29;Ativo
343;CLI-00343;Pessoa Física;SC;2023-03-16;Ativo
344;CLI-00344;Pessoa Física;SC;2023-07-17;Ativo
345;CLI-00345;Pessoa Física;SP;2023-01-19;Ativo
346;CLI-00346;Pessoa Jurídica;MG;2021-11-03;Ativo
347;CLI-00347;Pessoa Jurídica;PR;2022-02-22;Ativo
348;CLI-00348;Pessoa Física;SP;2025-04-21;Ativo
349;CLI-00349;Pessoa Jurídica;MG;2021-09-14;Inativo
350;CLI-00350;Pessoa Jurídica;SC;2021-09-09;Ativo
351;CLI-00351;Pessoa Física;SP;2023-05-04;Ativo
352;CLI-00352;Pessoa Física;RJ;2023-09-11;Inativo
353;CLI-00353;Pessoa Jurídica;SP;2023-10-29;Ativo
354;CLI-00354;Pessoa Física;PR;2021-05-23;Ativo
355;CLI-00355;Pessoa Física;SP;2021-08-09;Ativo
356;CLI-00356;Pessoa Jurídica;MG;2023-09-16;Ativo
357;CLI-00357;Pessoa Jurídica;PR;2023-11-04;Ativo
358;CLI-00358;Pessoa Jurídica;RJ;2021-10-20;Ativo
359;CLI-00359;Pessoa Física;RJ;2021-05-25;Ativo
360;CLI-00360;Pessoa Jurídica;PR;2024-11-23;Inativo
361;CLI-00361;Pessoa Jurídica;SP;2022-08-17;Ativo
362;CLI-00362;Pessoa Física;SP;2021-08-02;Ativo
363;CLI-00363;Pessoa Física;MG;2024-09-23;Ativo
364;CLI-00364;Pessoa Jurídica;MG;2022-03-07;Ativo
365;CLI-00365;Pessoa Jurídica;PR;2023-04-16;Ativo
366;CLI-00366;Pessoa Jurídica;RJ;2021-12-30;Ativo
367;CLI-00367;Pessoa Jurídica;RJ;2023-10-02;Ativo
368;CLI-00368;Pessoa Física;PR;2023-07-17;Ativo
369;CLI-00369;Pessoa Física;SP;2023-06-28;Ativo
370;CLI-00370;Pessoa Jurídica;MG;2023-01-28;Ativo
371;CLI-00371;Pessoa Física;SC;2024-10-04;Ativo
372;CLI-00372;Pessoa Física;SP;2024-10-27;Ativo
373;CLI-00373;Pessoa Física;SC;2021-10-29;Ativo
374;CLI-00374;Pessoa Jurídica;MG;2021-10-02;Ativo
375;CLI-00375;Pessoa Física;PR;2021-11-30;Inativo
376;CLI-00376;Pessoa Jurídica;RJ;2025-03-20;Ativo
377;CLI-00377;Pessoa Física;RJ;2022-09-17;Ativo
378;CLI-00378;Pessoa Jurídica;SP;2023-02-24;Ativo
379;CLI-00379;Pessoa Jurídica;SC;2021-12-07;Inativo
380;CLI-00380;Pessoa Física;RJ;2023-12-15;Inativo
381;CLI-00381;Pessoa Jurídica;SP;2023-11-30;Ativo
382;CLI-00382;Pessoa Física;PR;2023-10-03;Ativo
383;CLI-00383;Pessoa Física;MG;2023-09-13;Ativo
384;CLI-00384;Pessoa Física;MG;2022-08-30;Ativo
385;CLI-00385;Pessoa Jurídica;SP;2025-03-13;Ativo
386;CLI-00386;Pessoa Física;PR;2021-12-24;Ativo
387;CLI-00387;Pessoa Física;RJ;2023-12-26;Ativo
388;CLI-00388;Pessoa Jurídica;MG;2023-02-27;Ativo
389;CLI-00389;Pessoa Física;PR;2025-04-05;Ativo
390;CLI-00390;Pessoa Física;RJ;2023-10-03;Ativo
391;CLI-00391;Pessoa Jurídica;PR;2023-03-30;Ativo
392;CLI-00392;Pessoa Jurídica;PR;2024-04-04;Ativo
393;CLI-00393;Pessoa Jurídica;MG;2022-08-20;Inativo
394;CLI-00394;Pessoa Física;MG;2022-03-11;Inativo
395;CLI-00395;Pessoa Jurídica;MG;2025-01-08;Ativo
396;CLI-00396;Pessoa Jurídica;MG;2022-07-31;Ativo
397;CLI-00397;Pessoa Jurídica;MG;2022-04-13;Inativo
398;CLI-00398;Pessoa Jurídica;SP;2023-03-02;Ativo
399;CLI-00399;Pessoa Física;RJ;2021-07-22;Ativo
400;CLI-00400;Pessoa Física;MG;2022-04-22;Ativo
401;CLI-00401;Pessoa Física;SC;2022-04-14;Ativo
402;CLI-00402;Pessoa Jurídica;RJ;2023-09-20;Ativo
403;CLI-00403;Pessoa Física;RJ;2025-03-26;Ativo
404;CLI-00404;Pessoa Física;SP;2025-04-16;Ativo
405;CLI-00405;Pessoa Física;SP;2022-06-27;Ativo
406;CLI-00406;Pessoa Jurídica;RJ;2023-04-11;Ativo
407;CLI-00407;Pessoa Física;RJ;2021-09-13;Ativo
408;CLI-00408;Pessoa Física;SC;2021-12-07;Ativo
409;CLI-00409;Pessoa Física;MG;2021-11-07;Ativo
410;CLI-00410;Pessoa Jurídica;SC;2023-01-22;Ativo
411;CLI-00411;Pessoa Jurídica;PR;2022-11-07;Ativo
412;CLI-00412;Pessoa Jurídica;SC;2024-05-02;Ativo
413;CLI-00413;Pessoa Jurídica;PR;2023-02-10;Ativo
414;CLI-00414;Pessoa Física;RJ;2025-05-25;Ativo
415;CLI-00415;Pessoa Física;RJ;2021-10-28;Ativo
416;CLI-00416;Pessoa Jurídica;SC;2021-11-28;Ativo
417;CLI-00417;Pessoa Física;RJ;2023-04-04;Ativo
418;CLI-00418;Pessoa Jurídica;MG;2022-03-05;Ativo
419;CLI-00419;Pessoa Física;SC;2025-05-06;Ativo
420;CLI-00420;Pessoa Física;PR;2023-03-04;Inativo
421;CLI-00421;Pessoa Física;RJ;2022-04-26;Ativo
422;CLI-00422;Pessoa Jurídica;PR;2021-11-24;Ativo
423;CLI-00423;Pessoa Física;RJ;2023-09-06;Ativo
424;CLI-00424;Pessoa Física;PR;2021-07-06;Ativo
425;CLI-00425;Pessoa Jurídica;SP;2024-09-22;Ativo
426;CLI-00426;Pessoa Jurídica;PR;2023-04-13;Ativo
427;CLI-00427;Pessoa Física;PR;2022-04-29;Ativo
428;CLI-00428;Pessoa Física;RJ;2023-09-17;Ativo
429;CLI-00429;Pessoa Jurídica;PR;2021-11-20;Ativo
430;CLI-00430;Pessoa Jurídica;PR;2025-05-31;Inativo
431;CLI-00431;Pessoa Jurídica;MG;2022-07-20;Ativo
432;CLI-00432;Pessoa Física;PR;2021-09-29;Ativo
433;CLI-00433;Pessoa Física;SC;2023-01-15;Ativo
434;CLI-00434;Pessoa Jurídica;MG;2022-04-14;Ativo
435;CLI-00435;Pessoa Jurídica;PR;2022-06-12;Ativo
436;CLI-00436;Pessoa Física;PR;2023-06-12;Ativo
437;CLI-00437;Pessoa Jurídica;MG;2022-06-04;Ativo
438;CLI-00438;Pessoa Física;PR;2022-08-22;Ativo
439;CLI-00439;Pessoa Física;RJ;2024-11-25;Ativo
440;CLI-00440;Pessoa Física;PR;2021-06-18;Inativo
441;CLI-00441;Pessoa Jurídica;MG;2022-06-20;Ativo
442;CLI-00442;Pessoa Jurídica;SC;2022-02-05;Ativo
443;CLI-00443;Pessoa Jurídica;RJ;2023-01-06;Ativo
444;CLI-00444;Pessoa Física;SC;2022-05-25;Ativo
445;CLI-00445;Pessoa Jurídica;MG;2021-10-07;Ativo
446;CLI-00446;Pessoa Jurídica;PR;2022-04-19;Inativo
447;CLI-00447;Pessoa Jurídica;PR;2021-06-03;Ativo
448;CLI-00448;Pessoa Física;MG;2024-06-08;Ativo
449;CLI-00449;Pessoa Jurídica;MG;2022-05-30;Ativo
450;CLI-00450;Pessoa Jurídica;SC;2023-11-07;Inativo
451;CLI-00451;Pessoa Jurídica;SP;2024-07-25;Ativo
452;CLI-00452;Pessoa Física;PR;2021-12-24;Ativo
453;CLI-00453;Pessoa Jurídica;SP;2024-11-20;Ativo
454;CLI-00454;Pessoa Jurídica;SP;2022-03-10;Ativo
455;CLI-00455;Pessoa Física;SP;2022-11-11;Ativo
456;CLI-00456;Pessoa Física;PR;2024-12-18;Ativo
457;CLI-00457;Pessoa Jurídica;PR;2024-12-09;Ativo
458;CLI-00458;Pessoa Física;MG;2025-03-26;Ativo
459;CLI-00459;Pessoa Física;SP;2022-03-29;Ativo
460;CLI-00460;Pessoa Física;MG;2025-04-28;Ativo
461;CLI-00461;Pessoa Física;MG;2022-03-03;Ativo
462;CLI-00462;Pessoa Jurídica;MG;2022-05-20;Inativo
463;CLI-00463;Pessoa Física;RJ;2024-10-06;Ativo
464;CLI-00464;Pessoa Jurídica;SP;2021-12-26;Inativo
465;CLI-00465;Pessoa Jurídica;RJ;2024-06-21;Inativo
466;CLI-00466;Pessoa Física;PR;2021-11-19;Ativo
467;CLI-00467;Pessoa Física;PR;2023-04-02;Ativo
468;CLI-00468;Pessoa Jurídica;SP;2024-04-13;Ativo
469;CLI-00469;Pessoa Jurídica;SC;2025-02-08;Ativo
470;CLI-00470;Pessoa Jurídica;MG;2024-08-17;Ativo
471;CLI-00471;Pessoa Jurídica;SP;2024-03-25;Ativo
472;CLI-00472;Pessoa Jurídica;SC;2023-03-22;Ativo
473;CLI-00473;Pessoa Física;MG;2024-09-20;Ativo
474;CLI-00474;Pessoa Jurídica;PR;2023-05-22;Ativo
475;CLI-00475;Pessoa Física;SC;2024-09-08;Ativo
476;CLI-00476;Pessoa Jurídica;PR;2024-04-18;Ativo
477;CLI-00477;Pessoa Física;PR;2024-07-12;Ativo
478;CLI-00478;Pessoa Jurídica;MG;2021-10-22;Ativo
479;CLI-00479;Pessoa Jurídica;MG;2023-10-03;Ativo
480;CLI-00480;Pessoa Física;RJ;2023-03-08;Ativo
481;CLI-00481;Pessoa Jurídica;SP;2022-03-19;Ativo
482;CLI-00482;Pessoa Jurídica;SP;2022-11-06;Ativo
483;CLI-00483;Pessoa Física;SP;2024-08-28;Ativo
484;CLI-00484;Pessoa Jurídica;SP;2023-06-21;Ativo
485;CLI-00485;Pessoa Jurídica;SC;2023-03-13;Ativo
486;CLI-00486;Pessoa Física;PR;2022-06-23;Ativo
487;CLI-00487;Pessoa Jurídica;MG;2024-10-25;Ativo
488;CLI-00488;Pessoa Física;MG;2023-11-05;Inativo
489;CLI-00489;Pessoa Jurídica;SC;2024-09-09;Ativo
490;CLI-00490;Pessoa Jurídica;SC;2021-11-02;Ativo
491;CLI-00491;Pessoa Física;PR;2025-03-07;Ativo
492;CLI-00492;Pessoa Física;PR;2022-08-26;Ativo
493;CLI-00493;Pessoa Jurídica;MG;2022-07-25;Ativo
494;CLI-00494;Pessoa Jurídica;PR;2022-10-11;Ativo
495;CLI-00495;Pessoa Jurídica;MG;2024-10-26;Ativo
496;CLI-00496;Pessoa Física;RJ;2023-05-11;Ativo
497;CLI-00497;Pessoa Jurídica;SC;2023-07-28;Ativo
498;CLI-00498;Pessoa Física;SC;2023-12-18;Ativo
499;CLI-00499;Pessoa Física;PR;2024-09-05;Ativo
500;CLI-00500;Pessoa Física;SC;2024-11-12;Ativo
501;CLI-00501;Pessoa Jurídica;PR;2022-07-28;Ativo
502;CLI-00502;Pessoa Jurídica;PR;2025-01-30;Ativo
503;CLI-00503;Pessoa Jurídica;PR;2024-02-09;Ativo
504;CLI-00504;Pessoa Jurídica;PR;2022-06-07;Ativo
505;CLI-00505;Pessoa Jurídica;RJ;2021-11-07;Ativo
506;CLI-00506;Pessoa Jurídica;RJ;2021-07-21;Ativo
507;CLI-00507;Pessoa Física;SP;2022-05-09;Ativo
508;CLI-00508;Pessoa Jurídica;RJ;2024-06-26;Inativo
509;CLI-00509;Pessoa Jurídica;RJ;2021-05-26;Ativo
510;CLI-00510;Pessoa Física;RJ;2021-07-03;Ativo
511;CLI-00511;Pessoa Jurídica;RJ;2022-07-30;Ativo
512;CLI-00512;Pessoa Jurídica;SP;2023-03-06;Ativo
513;CLI-00513;Pessoa Física;PR;2025-06-26;Inativo
514;CLI-00514;Pessoa Jurídica;RJ;2024-02-24;Ativo
515;CLI-00515;Pessoa Física;SC;2024-08-18;Ativo
516;CLI-00516;Pessoa Física;RJ;2022-11-29;Ativo
517;CLI-00517;Pessoa Física;SP;2024-06-17;Ativo
518;CLI-00518;Pessoa Física;RJ;2025-03-05;Ativo
519;CLI-00519;Pessoa Física;MG;2022-08-15;Ativo
520;CLI-00520;Pessoa Jurídica;PR;2023-11-10;Ativo
521;CLI-00521;Pessoa Jurídica;PR;2022-08-14;Ativo
522;CLI-00522;Pessoa Jurídica;MG;2021-10-09;Ativo
523;CLI-00523;Pessoa Jurídica;SC;2024-04-14;Ativo
524;CLI-00524;Pessoa Jurídica;SC;2022-06-24;Ativo
525;CLI-00525;Pessoa Física;RJ;2025-06-13;Ativo
526;CLI-00526;Pessoa Física;SP;2024-10-18;Ativo
527;CLI-00527;Pessoa Física;RJ;2021-11-24;Ativo
528;CLI-00528;Pessoa Jurídica;MG;2022-08-08;Ativo
529;CLI-00529;Pessoa Física;RJ;2023-07-26;Ativo
530;CLI-00530;Pessoa Jurídica;SC;2023-04-23;Ativo
531;CLI-00531;Pessoa Jurídica;SP;2025-04-15;Ativo
532;CLI-00532;Pessoa Física;PR;2025-02-08;Ativo
533;CLI-00533;Pessoa Jurídica;RJ;2025-05-20;Ativo
534;CLI-00534;Pessoa Física;MG;2024-09-01;Ativo
535;CLI-00535;Pessoa Física;RJ;2024-03-14;Ativo
536;CLI-00536;Pessoa Jurídica;SP;2022-03-03;Ativo
537;CLI-00537;Pessoa Física;PR;2023-05-25;Ativo
538;CLI-00538;Pessoa Jurídica;RJ;2023-11-23;Ativo
539;CLI-00539;Pessoa Física;PR;2022-06-17;Ativo
540;CLI-00540;Pessoa Física;RJ;2021-10-17;Ativo
541;CLI-00541;Pessoa Jurídica;SP;2022-09-03;Ativo
542;CLI-00542;Pessoa Jurídica;PR;2024-05-31;Inativo
543;CLI-00543;Pessoa Física;RJ;2025-05-12;Ativo
544;CLI-00544;Pessoa Física;SC;2022-05-25;Ativo
545;CLI-00545;Pessoa Jurídica;MG;2023-08-08;Ativo
546;CLI-00546;Pessoa Jurídica;SC;2023-11-29;Ativo
547;CLI-00547;Pessoa Jurídica;MG;2025-03-29;Ativo
548;CLI-00548;Pessoa Física;SC;2022-07-18;Ativo
549;CLI-00549;Pessoa Física;PR;2024-08-06;Ativo
550;CLI-00550;Pessoa Jurídica;PR;2024-11-06;Ativo
551;CLI-00551;Pessoa Jurídica;SP;2024-08-08;Ativo
552;CLI-00552;Pessoa Jurídica;SP;2024-12-14;Ativo
553;CLI-00553;Pessoa Jurídica;PR;2022-10-31;Inativo
554;CLI-00554;Pessoa Física;RJ;2023-05-21;Ativo
555;CLI-00555;Pessoa Jurídica;SP;2021-09-18;Ativo
556;CLI-00556;Pessoa Jurídica;MG;2023-06-06;Ativo
557;CLI-00557;Pessoa Física;PR;2022-05-27;Ativo
558;CLI-00558;Pessoa Jurídica;SP;2022-11-02;Ativo
559;CLI-00559;Pessoa Jurídica;SP;2022-12-08;Ativo
560;CLI-00560;Pessoa Física;SC;2024-02-14;Ativo
561;CLI-00561;Pessoa Jurídica;SP;2024-09-12;Ativo
562;CLI-00562;Pessoa Física;MG;2024-05-20;Inativo
563;CLI-00563;Pessoa Física;MG;2022-06-11;Ativo
564;CLI-00564;Pessoa Jurídica;RJ;2021-07-29;Ativo
565;CLI-00565;Pessoa Física;SP;2023-11-25;Ativo
566;CLI-00566;Pessoa Física;MG;2024-01-11;Ativo
567;CLI-00567;Pessoa Física;SP;2021-06-14;Ativo
568;CLI-00568;Pessoa Física;SP;2024-11-24;Ativo
569;CLI-00569;Pessoa Física;SC;2021-06-11;Ativo
570;CLI-00570;Pessoa Física;SC;2021-07-24;Ativo
571;CLI-00571;Pessoa Física;RJ;2021-11-18;Ativo
572;CLI-00572;Pessoa Física;SP;2024-08-15;Ativo
573;CLI-00573;Pessoa Jurídica;MG;2022-01-26;Ativo
574;CLI-00574;Pessoa Jurídica;MG;2022-11-30;Ativo
575;CLI-00575;Pessoa Física;PR;2025-01-04;Ativo
576;CLI-00576;Pessoa Física;SC;2022-06-06;Ativo
577;CLI-00577;Pessoa Física;RJ;2021-09-11;Ativo
578;CLI-00578;Pessoa Física;SC;2024-09-23;Ativo
579;CLI-00579;Pessoa Jurídica;SC;2025-04-21;Ativo
580;CLI-00580;Pessoa Física;PR;2023-09-16;Ativo
581;CLI-00581;Pessoa Física;SP;2024-03-23;Ativo
582;CLI-00582;Pessoa Física;RJ;2022-12-15;Ativo
583;CLI-00583;Pessoa Física;MG;2024-03-04;Ativo
584;CLI-00584;Pessoa Física;PR;2024-10-19;Ativo
585;CLI-00585;Pessoa Física;MG;2021-07-03;Ativo
586;CLI-00586;Pessoa Jurídica;MG;2021-10-17;Ativo
587;CLI-00587;Pessoa Física;RJ;2023-09-13;Ativo
588;CLI-00588;Pessoa Física;SP;2022-02-07;Ativo
589;CLI-00589;Pessoa Jurídica;MG;2023-06-27;Ativo
590;CLI-00590;Pessoa Jurídica;SC;2023-09-06;Ativo
591;CLI-00591;Pessoa Física;SC;2023-01-16;Inativo
592;CLI-00592;Pessoa Jurídica;MG;2022-02-07;Ativo
593;CLI-00593;Pessoa Jurídica;MG;2025-06-22;Ativo
594;CLI-00594;Pessoa Física;SC;2022-11-24;Ativo
595;CLI-00595;Pessoa Jurídica;SP;2025-06-12;Ativo
596;CLI-00596;Pessoa Jurídica;PR;2024-06-22;Ativo
597;CLI-00597;Pessoa Jurídica;MG;2021-12-07;Ativo
598;CLI-00598;Pessoa Física;PR;2024-09-06;Ativo
599;CLI-00599;Pessoa Jurídica;MG;2024-11-30;Ativo
600;CLI-00600;Pessoa Física;SC;2023-10-06;Inativo
601;CLI-00601;Pessoa Física;SC;2021-11-08;Ativo
602;CLI-00602;Pessoa Jurídica;SP;2021-08-18;Ativo
603;CLI-00603;Pessoa Física;MG;2024-01-27;Ativo
604;CLI-00604;Pessoa Jurídica;MG;2021-08-25;Ativo
605;CLI-00605;Pessoa Física;PR;2023-02-23;Ativo
606;CLI-00606;Pessoa Física;MG;2022-03-18;Ativo
607;CLI-00607;Pessoa Física;SC;2022-05-20;Inativo
608;CLI-00608;Pessoa Física;SC;2021-11-21;Ativo
609;CLI-00609;Pessoa Física;SP;2022-05-30;Ativo
610;CLI-00610;Pessoa Jurídica;RJ;2023-07-24;Ativo
611;CLI-00611;Pessoa Física;MG;2024-04-25;Ativo
612;CLI-00612;Pessoa Jurídica;MG;2022-06-27;Ativo
613;CLI-00613;Pessoa Jurídica;SP;2023-08-10;Ativo
614;CLI-00614;Pessoa Jurídica;MG;2021-09-02;Ativo
615;CLI-00615;Pessoa Física;RJ;2025-01-29;Ativo
616;CLI-00616;Pessoa Jurídica;SP;2024-04-22;Inativo
617;CLI-00617;Pessoa Jurídica;MG;2024-08-26;Ativo
618;CLI-00618;Pessoa Física;MG;2021-10-23;Ativo
619;CLI-00619;Pessoa Jurídica;PR;2025-01-09;Ativo
620;CLI-00620;Pessoa Física;SP;2024-05-24;Ativo
621;CLI-00621;Pessoa Física;RJ;2023-06-26;Ativo
622;CLI-00622;Pessoa Jurídica;RJ;2022-10-14;Ativo
623;CLI-00623;Pessoa Física;MG;2024-11-18;Ativo
624;CLI-00624;Pessoa Jurídica;SP;2023-04-18;Ativo
625;CLI-00625;Pessoa Jurídica;MG;2022-03-28;Ativo
626;CLI-00626;Pessoa Física;RJ;2021-09-18;Ativo
627;CLI-00627;Pessoa Jurídica;SC;2025-02-09;Ativo
628;CLI-00628;Pessoa Jurídica;SC;2023-05-27;Ativo
629;CLI-00629;Pessoa Jurídica;SP;2021-12-20;Ativo
630;CLI-00630;Pessoa Física;PR;2023-05-08;Ativo
631;CLI-00631;Pessoa Física;MG;2023-02-09;Ativo
632;CLI-00632;Pessoa Física;SC;2023-02-07;Ativo
633;CLI-00633;Pessoa Física;RJ;2022-08-04;Ativo
634;CLI-00634;Pessoa Física;RJ;2021-10-02;Ativo
635;CLI-00635;Pessoa Física;RJ;2021-10-10;Ativo
636;CLI-00636;Pessoa Física;SC;2022-04-26;Ativo
637;CLI-00637;Pessoa Jurídica;SC;2021-07-14;Ativo
638;CLI-00638;Pessoa Jurídica;PR;2024-04-29;Ativo
639;CLI-00639;Pessoa Jurídica;PR;2025-04-28;Ativo
640;CLI-00640;Pessoa Jurídica;SC;2023-07-24;Ativo
641;CLI-00641;Pessoa Física;PR;2023-12-06;Ativo
642;CLI-00642;Pessoa Física;SC;2024-05-22;Ativo
643;CLI-00643;Pessoa Física;SP;2023-03-12;Inativo
644;CLI-00644;Pessoa Jurídica;SP;2023-05-27;Ativo
645;CLI-00645;Pessoa Física;SP;2022-01-26;Ativo
646;CLI-00646;Pessoa Física;SC;2022-03-02;Ativo
647;CLI-00647;Pessoa Física;SC;2025-05-29;Ativo
648;CLI-00648;Pessoa Jurídica;MG;2021-10-30;Ativo
649;CLI-00649;Pessoa Física;RJ;2021-12-22;Ativo
650;CLI-00650;Pessoa Física;RJ;2022-07-16;Ativo
651;CLI-00651;Pessoa Física;MG;2022-05-05;Ativo
652;CLI-00652;Pessoa Jurídica;RJ;2025-02-22;Ativo
653;CLI-00653;Pessoa Física;SC;2022-06-14;Ativo
654;CLI-00654;Pessoa Jurídica;PR;2022-01-15;Ativo
655;CLI-00655;Pessoa Jurídica;SP;2022-11-20;Ativo
656;CLI-00656;Pessoa Jurídica;PR;2023-04-16;Inativo
657;CLI-00657;Pessoa Jurídica;PR;2022-05-24;Ativo
658;CLI-00658;Pessoa Jurídica;RJ;2023-04-02;Ativo
659;CLI-00659;Pessoa Física;SP;2021-08-20;Ativo
660;CLI-00660;Pessoa Física;SP;2022-12-13;Ativo
661;CLI-00661;Pessoa Jurídica;SP;2022-12-04;Inativo
662;CLI-00662;Pessoa Física;RJ;2021-11-14;Ativo
663;CLI-00663;Pessoa Jurídica;SC;2022-02-23;Ativo
664;CLI-00664;Pessoa Física;RJ;2023-01-18;Ativo
665;CLI-00665;Pessoa Física;SP;2023-08-24;Ativo
666;CLI-00666;Pessoa Física;SC;2023-03-09;Ativo
667;CLI-00667;Pessoa Jurídica;RJ;2022-08-11;Ativo
668;CLI-00668;Pessoa Jurídica;PR;2023-12-30;Ativo
669;CLI-00669;Pessoa Física;MG;2025-04-17;Ativo
670;CLI-00670;Pessoa Jurídica;SP;2023-05-09;Ativo
671;CLI-00671;Pessoa Física;RJ;2024-07-07;Ativo
672;CLI-00672;Pessoa Física;SC;2023-10-16;Ativo
673;CLI-00673;Pessoa Jurídica;SP;2022-09-19;Ativo
674;CLI-00674;Pessoa Jurídica;RJ;2024-12-19;Ativo
675;CLI-00675;Pessoa Física;SP;2024-07-13;Inativo
676;CLI-00676;Pessoa Jurídica;PR;2025-03-04;Ativo
677;CLI-00677;Pessoa Física;SP;2022-05-06;Ativo
678;CLI-00678;Pessoa Jurídica;SP;2022-06-29;Ativo
679;CLI-00679;Pessoa Física;RJ;2025-03-06;Ativo
680;CLI-00680;Pessoa Jurídica;SP;2021-09-23;Ativo
681;CLI-00681;Pessoa Física;SC;2024-04-15;Ativo
682;CLI-00682;Pessoa Física;SC;2022-05-21;Ativo
683;CLI-00683;Pessoa Física;SC;2024-05-28;Ativo
684;CLI-00684;Pessoa Jurídica;SP;2024-03-01;Ativo
685;CLI-00685;Pessoa Jurídica;MG;2024-10-01;Ativo
686;CLI-00686;Pessoa Física;PR;2022-03-15;Ativo
687;CLI-00687;Pessoa Jurídica;MG;2021-12-27;Ativo
688;CLI-00688;Pessoa Jurídica;PR;2021-11-14;Ativo
689;CLI-00689;Pessoa Jurídica;SP;2023-06-02;Ativo
690;CLI-00690;Pessoa Física;SP;2022-09-25;Ativo
691;CLI-00691;Pessoa Jurídica;PR;2022-12-13;Ativo
692;CLI-00692;Pessoa Física;SP;2022-06-03;Ativo
693;CLI-00693;Pessoa Jurídica;RJ;2023-05-21;Ativo
694;CLI-00694;Pessoa Jurídica;SP;2022-01-26;Ativo
695;CLI-00695;Pessoa Física;SP;2024-05-08;Inativo
696;CLI-00696;Pessoa Jurídica;PR;2025-01-17;Ativo
697;CLI-00697;Pessoa Jurídica;SC;2023-04-18;Ativo
698;CLI-00698;Pessoa Física;SP;2025-01-30;Ativo
699;CLI-00699;Pessoa Jurídica;MG;2023-12-28;Inativo
700;CLI-00700;Pessoa Jurídica;PR;2024-11-21;Ativo
39;CLI-00039;Pessoa Física;MG;2025-01-03;Ativo
176;CLI-00176;Pessoa Física;SC;2021-06-04;Ativo
650;CLI-00650;Pessoa Física;RJ;2022-07-16;Ativo
802;CLI-00001;Pessoa Jurídica;MG;31/02/2026;Ativo
