pendencia_id,cliente_id,responsavel_id,data_abertura,tipo,prioridade,status
1,1,16,2026-01-31,Documento ausente,Baixa,Aberta
2,2,14,2025-08-24,Cadastro desatualizado,Baixa,Resolvida
3,2,26,2026-06-12,Guia vencida,Baixa,Aberta
4,3,1,2025-12-05,Divergência fiscal,Média,Resolvida
5,4,2,2025-11-10,Documento ausente,Baixa,Aberta
6,4,8,2025-11-30,Documento ausente,Baixa,Aberta
7,4,24,2026-03-09,Guia vencida,Alta,Resolvida
8,5,1,2025-10-22,Documento ausente,Baixa,Resolvida
9,5,33,2025-11-26,Guia vencida,Baixa,Resolvida
10,6,7,2025-07-14,Divergência fiscal,Média,Resolvida
11,6,28,2025-08-10,Documento ausente,Baixa,Aberta
12,6,19,2025-12-09,Guia vencida,Média,Aberta
13,7,16,2025-10-12,Documento ausente,Alta,Aberta
14,7,26,2025-11-27,Divergência fiscal,Baixa,Aberta
15,7,32,2026-06-03,Cadastro desatualizado,Baixa,Aberta
16,8,16,2025-09-04,Guia vencida,Baixa,Aberta
17,9,28,2025-07-21,Documento ausente,Baixa,Resolvida
18,9,32,2025-09-05,Divergência fiscal,Alta,Aberta
19,9,6,2026-05-30,Divergência fiscal,Alta,Resolvida
20,10,16,2025-12-24,Cadastro desatualizado,Alta,Resolvida
21,11,21,2025-10-11,Cadastro desatualizado,Média,Aberta
22,11,35,2026-03-26,Guia vencida,Alta,Resolvida
23,11,17,2026-04-27,Cadastro desatualizado,Baixa,Aberta
24,12,21,2025-07-09,Guia vencida,Alta,Resolvida
25,12,8,2026-03-30,Cadastro desatualizado,Média,Resolvida
26,13,13,2025-07-08,Divergência fiscal,Alta,Resolvida
27,13,22,2025-10-31,Guia vencida,Baixa,Aberta
28,13,9,2026-02-22,Divergência fiscal,Baixa,Resolvida
29,13,9,2026-04-04,Documento ausente,Baixa,Aberta
30,14,3,2025-10-04,Guia vencida,Alta,Resolvida
31,15,8,2025-07-06,Guia vencida,Baixa,Aberta
32,15,3,2025-12-09,Documento ausente,Baixa,Aberta
33,15,30,2026-02-04,Documento ausente,Alta,Aberta
34,16,34,2025-09-09,Divergência fiscal,Média,Aberta
35,16,5,2025-12-10,Cadastro desatualizado,Média,Resolvida
36,16,21,2026-02-04,Cadastro desatualizado,Baixa,Aberta
37,16,1,2026-04-06,Divergência fiscal,Baixa,Resolvida
38,16,11,2026-05-15,Divergência fiscal,Baixa,Aberta
39,17,22,2025-12-04,Divergência fiscal,Média,Resolvida
40,17,13,2025-12-25,Cadastro desatualizado,Média,Aberta
41,17,17,2026-02-26,Cadastro desatualizado,Alta,Resolvida
42,17,29,2026-03-24,Cadastro desatualizado,Baixa,Aberta
43,18,6,2025-07-28,Guia vencida,Baixa,Resolvida
44,18,4,2026-04-06,Guia vencida,Baixa,Resolvida
45,19,27,2025-07-15,Cadastro desatualizado,Baixa,Resolvida
46,19,1,2026-03-02,Cadastro desatualizado,Média,Aberta
47,20,15,2026-01-02,Cadastro desatualizado,Baixa,Aberta
48,20,22,2026-02-19,Guia vencida,Alta,Aberta
49,20,28,2026-05-29,Cadastro desatualizado,Média,Resolvida
50,21,21,2025-11-12,Cadastro desatualizado,Média,Aberta
51,21,15,2026-03-06,Guia vencida,Alta,Aberta
52,21,9,2026-05-31,Divergência fiscal,Média,Aberta
53,22,24,2026-06-04,Guia vencida,Baixa,Aberta
54,23,1,2025-07-05,Cadastro desatualizado,Baixa,Aberta
55,23,5,2025-10-04,Documento ausente,Baixa,Aberta
56,23,10,2025-12-20,Cadastro desatualizado,Alta,Aberta
57,24,12,2025-08-04,Guia vencida,Baixa,Aberta
58,24,28,2026-02-05,Cadastro desatualizado,Média,Aberta
59,24,19,2026-04-05,Divergência fiscal,Alta,Aberta
60,24,10,2026-05-19,Documento ausente,Alta,Resolvida
61,25,30,2026-02-07,Guia vencida,Média,Resolvida
62,26,25,2025-12-02,Guia vencida,Baixa,Resolvida
63,26,15,2026-05-25,Guia vencida,Alta,Aberta
64,27,8,2025-12-01,Divergência fiscal,Alta,Aberta
65,28,10,2025-07-04,Divergência fiscal,Baixa,Resolvida
66,28,14,2025-10-02,Cadastro desatualizado,Baixa,Aberta
67,29,14,2025-10-05,Documento ausente,Alta,Resolvida
68,29,35,2025-11-10,Divergência fiscal,Média,Resolvida
69,29,31,2026-01-29,Documento ausente,Alta,Resolvida
70,29,29,2026-03-29,Cadastro desatualizado,Baixa,Resolvida
71,29,10,2026-05-02,Divergência fiscal,Média,Aberta
72,30,26,2025-08-09,Documento ausente,Alta,Resolvida
73,31,18,2025-08-09,Documento ausente,Média,Aberta
74,31,22,2025-11-09,Cadastro desatualizado,Média,Aberta
75,31,5,2026-02-08,Guia vencida,Baixa,Resolvida
76,31,35,2026-02-28,Divergência fiscal,Baixa,Resolvida
77,31,21,2026-04-01,Divergência fiscal,Média,Aberta
78,32,11,2025-08-10,Documento ausente,Baixa,Aberta
79,32,1,2025-08-27,Divergência fiscal,Baixa,Aberta
80,32,20,2025-12-07,Divergência fiscal,Alta,Resolvida
81,32,28,2026-05-11,Divergência fiscal,Baixa,Resolvida
82,32,23,2026-06-06,Cadastro desatualizado,Baixa,Resolvida
83,34,15,2025-09-24,Documento ausente,Alta,Resolvida
84,34,2,2026-03-21,Divergência fiscal,Baixa,Resolvida
85,34,5,2026-04-23,Divergência fiscal,Média,Aberta
86,35,18,2025-07-01,Cadastro desatualizado,Média,Resolvida
87,35,18,2026-02-10,Guia vencida,Baixa,Aberta
88,36,1,2025-09-11,Guia vencida,Média,Resolvida
89,36,3,2026-01-04,Divergência fiscal,Baixa,Resolvida
90,37,35,2025-08-16,Documento ausente,Média,Resolvida
91,37,28,2025-11-04,Guia vencida,Média,Resolvida
92,37,13,2026-03-03,Guia vencida,Baixa,Aberta
93,37,15,2026-04-05,Guia vencida,Baixa,Resolvida
94,37,1,2026-05-02,Divergência fiscal,Média,Aberta
95,38,27,2025-08-13,Divergência fiscal,Baixa,Resolvida
96,38,11,2025-11-14,Cadastro desatualizado,Baixa,Resolvida
97,38,18,2025-12-20,Guia vencida,Média,Resolvida
98,38,35,2026-05-28,Documento ausente,Baixa,Resolvida
99,39,24,2025-07-06,Divergência fiscal,Alta,Resolvida
100,39,27,2026-06-15,Cadastro desatualizado,Alta,Resolvida
101,40,16,2025-09-08,Guia vencida,Média,Resolvida
102,41,33,2025-09-24,Guia vencida,Baixa,Aberta
103,41,2,2026-03-24,Cadastro desatualizado,Baixa,Aberta
104,41,8,2026-05-06,Divergência fiscal,Média,Resolvida
105,42,22,2025-07-07,Documento ausente,Alta,Aberta
106,42,1,2025-08-06,Cadastro desatualizado,Média,Resolvida
107,42,13,2026-04-29,Documento ausente,Alta,Resolvida
108,43,25,2025-07-31,Cadastro desatualizado,Baixa,Resolvida
109,43,30,2025-09-02,Documento ausente,Média,Resolvida
110,43,21,2026-03-25,Cadastro desatualizado,Baixa,Resolvida
111,44,3,2025-06-30,Cadastro desatualizado,Baixa,Resolvida
112,45,32,2025-07-19,Cadastro desatualizado,Baixa,Resolvida
113,45,2,2026-03-25,Documento ausente,Alta,Aberta
114,45,2,2026-05-28,Cadastro desatualizado,Baixa,Aberta
115,46,13,2025-11-01,Guia vencida,Média,Aberta
116,46,33,2026-01-05,Guia vencida,Média,Resolvida
117,46,33,2026-03-30,Documento ausente,Média,Resolvida
118,47,13,2025-07-12,Documento ausente,Média,Aberta
119,47,4,2025-10-31,Guia vencida,Baixa,Resolvida
120,47,30,2026-01-27,Cadastro desatualizado,Média,Aberta
121,47,35,2026-02-27,Documento ausente,Baixa,Resolvida
122,47,22,2026-06-01,Divergência fiscal,Alta,Resolvida
123,48,27,2026-04-25,Guia vencida,Baixa,Resolvida
124,48,6,2026-06-05,Documento ausente,Alta,Aberta
125,49,1,2025-11-03,Divergência fiscal,Baixa,Resolvida
126,49,8,2025-11-27,Guia vencida,Alta,Aberta
127,49,18,2026-02-26,Guia vencida,Alta,Resolvida
128,49,4,2026-06-04,Cadastro desatualizado,Alta,Aberta
129,50,19,2025-12-09,Divergência fiscal,Alta,Aberta
130,50,35,2026-05-09,Documento ausente,Baixa,Aberta
131,51,3,2025-07-09,Cadastro desatualizado,Baixa,Resolvida
132,51,33,2025-08-20,Documento ausente,Alta,Aberta
133,51,13,2026-03-12,Guia vencida,Alta,Aberta
134,52,25,2025-09-06,Guia vencida,Alta,Resolvida
135,52,17,2025-12-08,Divergência fiscal,Alta,Aberta
136,52,18,2026-02-04,Cadastro desatualizado,Média,Resolvida
137,52,1,2026-04-06,Guia vencida,Alta,Resolvida
138,53,22,2025-09-29,Guia vencida,Alta,Resolvida
139,53,4,2025-12-03,Divergência fiscal,Alta,Aberta
140,54,6,2025-07-03,Cadastro desatualizado,Alta,Resolvida
141,54,7,2026-03-26,Documento ausente,Média,Aberta
142,55,35,2025-09-15,Documento ausente,Alta,Resolvida
143,55,31,2025-10-23,Divergência fiscal,Baixa,Aberta
144,55,5,2025-12-19,Divergência fiscal,Média,Resolvida
145,55,12,2026-05-05,Divergência fiscal,Média,Resolvida
146,55,10,2026-06-06,Divergência fiscal,Alta,Aberta
147,56,29,2025-07-18,Guia vencida,Alta,Aberta
148,56,30,2025-10-23,Guia vencida,Baixa,Resolvida
149,57,6,2026-01-30,Guia vencida,Alta,Aberta
150,57,24,2026-03-18,Cadastro desatualizado,Alta,Resolvida
151,57,33,2026-05-09,Documento ausente,Baixa,Aberta
152,58,25,2026-02-06,Cadastro desatualizado,Média,Aberta
153,58,14,2026-05-15,Cadastro desatualizado,Baixa,Aberta
154,59,33,2026-01-08,Divergência fiscal,Alta,Aberta
155,59,19,2026-01-25,Cadastro desatualizado,Alta,Resolvida
156,59,26,2026-03-01,Guia vencida,Média,Resolvida
157,59,1,2026-04-29,Documento ausente,Alta,Resolvida
158,60,23,2025-12-31,Divergência fiscal,Média,Aberta
159,60,30,2026-02-02,Cadastro desatualizado,Média,Aberta
160,60,35,2026-02-27,Cadastro desatualizado,Baixa,Resolvida
161,60,25,2026-04-11,Cadastro desatualizado,Alta,Aberta
162,60,10,2026-05-10,Divergência fiscal,Alta,Resolvida
163,61,34,2025-08-06,Divergência fiscal,Média,Aberta
164,61,22,2025-10-12,Documento ausente,Alta,Aberta
165,62,16,2025-07-10,Divergência fiscal,Baixa,Aberta
166,62,21,2025-08-09,Documento ausente,Média,Aberta
167,62,28,2025-09-05,Divergência fiscal,Baixa,Resolvida
168,62,30,2025-09-24,Documento ausente,Baixa,Aberta
169,63,3,2025-07-08,Divergência fiscal,Média,Aberta
170,63,10,2025-11-21,Divergência fiscal,Baixa,Resolvida
171,63,28,2025-12-11,Divergência fiscal,Baixa,Resolvida
172,63,17,2026-04-21,Divergência fiscal,Alta,Resolvida
173,64,7,2025-07-29,Documento ausente,Baixa,Resolvida
174,64,13,2026-01-23,Divergência fiscal,Baixa,Resolvida
175,64,34,2026-05-07,Documento ausente,Baixa,Resolvida
176,65,8,2026-02-08,Documento ausente,Média,Resolvida
177,65,7,2026-06-01,Documento ausente,Baixa,Aberta
178,66,2,2025-08-10,Guia vencida,Alta,Resolvida
179,66,13,2026-03-06,Guia vencida,Baixa,Resolvida
180,67,15,2025-06-28,Divergência fiscal,Baixa,Aberta
181,67,14,2025-12-25,Documento ausente,Baixa,Resolvida
182,67,21,2026-05-08,Divergência fiscal,Média,Resolvida
183,68,5,2025-07-06,Documento ausente,Baixa,Aberta
184,68,4,2026-02-02,Documento ausente,Baixa,Resolvida
185,68,14,2026-03-07,Documento ausente,Baixa,Resolvida
186,68,23,2026-04-11,Cadastro desatualizado,Média,Aberta
187,69,25,2025-08-01,Guia vencida,Alta,Aberta
188,69,21,2025-10-22,Cadastro desatualizado,Baixa,Resolvida
189,69,13,2026-05-10,Divergência fiscal,Alta,Resolvida
190,69,2,2026-06-01,Guia vencida,Média,Aberta
191,70,1,2025-07-25,Divergência fiscal,Baixa,Aberta
192,70,34,2025-09-24,Guia vencida,Baixa,Aberta
193,70,19,2026-01-28,Documento ausente,Baixa,Resolvida
194,70,1,2026-03-25,Guia vencida,Baixa,Resolvida
195,70,19,2026-06-11,Divergência fiscal,Baixa,Aberta
196,71,21,2026-02-06,Documento ausente,Alta,Resolvida
197,71,12,2026-03-01,Documento ausente,Alta,Resolvida
198,72,30,2025-08-04,Cadastro desatualizado,Alta,Aberta
199,72,25,2026-01-08,Documento ausente,Média,Resolvida
200,72,8,2026-05-12,Divergência fiscal,Baixa,Aberta
201,73,7,2026-02-20,Cadastro desatualizado,Média,Resolvida
202,73,22,2026-06-09,Cadastro desatualizado,Alta,Resolvida
203,74,8,2025-09-12,Documento ausente,Baixa,Resolvida
204,74,21,2025-12-07,Guia vencida,Baixa,Aberta
205,74,13,2026-02-24,Cadastro desatualizado,Média,Aberta
206,74,32,2026-05-14,Cadastro desatualizado,Alta,Aberta
207,75,17,2025-12-16,Divergência fiscal,Baixa,Resolvida
208,76,6,2025-12-04,Cadastro desatualizado,Baixa,Aberta
209,76,28,2026-01-11,Cadastro desatualizado,Alta,Resolvida
210,76,7,2026-04-27,Divergência fiscal,Média,Resolvida
211,77,26,2025-08-06,Cadastro desatualizado,Alta,Resolvida
212,77,6,2026-04-10,Divergência fiscal,Média,Aberta
213,78,25,2026-03-07,Guia vencida,Média,Resolvida
214,78,7,2026-04-27,Guia vencida,Média,Resolvida
215,79,28,2025-10-04,Guia vencida,Baixa,Aberta
216,79,2,2026-02-20,Guia vencida,Média,Resolvida
217,79,33,2026-04-22,Documento ausente,Baixa,Aberta
218,80,18,2025-09-23,Documento ausente,Média,Resolvida
219,80,19,2025-12-05,Divergência fiscal,Baixa,Resolvida
220,81,8,2026-02-25,Cadastro desatualizado,Média,Resolvida
221,82,30,2025-08-10,Guia vencida,Baixa,Aberta
222,82,26,2026-01-31,Cadastro desatualizado,Baixa,Resolvida
223,82,19,2026-03-01,Cadastro desatualizado,Alta,Resolvida
224,82,14,2026-04-19,Documento ausente,Baixa,Resolvida
225,83,3,2025-07-09,Divergência fiscal,Alta,Resolvida
226,83,26,2025-08-11,Documento ausente,Média,Resolvida
227,83,27,2025-12-04,Guia vencida,Baixa,Aberta
228,83,5,2026-02-12,Guia vencida,Baixa,Resolvida
229,84,4,2026-01-20,Divergência fiscal,Média,Resolvida
230,84,32,2026-04-11,Documento ausente,Média,Aberta
231,84,9,2026-05-03,Guia vencida,Baixa,Aberta
232,85,8,2025-09-16,Cadastro desatualizado,Baixa,Resolvida
233,85,20,2025-11-17,Documento ausente,Média,Aberta
234,85,5,2026-04-25,Divergência fiscal,Média,Resolvida
235,86,1,2025-07-17,Divergência fiscal,Média,Aberta
236,86,7,2026-01-29,Guia vencida,Média,Aberta
237,86,26,2026-06-10,Guia vencida,Média,Aberta
238,87,30,2025-08-05,Cadastro desatualizado,Baixa,Aberta
239,87,25,2025-12-04,Guia vencida,Alta,Aberta
240,89,33,2025-12-27,Documento ausente,Alta,Resolvida
241,89,31,2026-04-30,Documento ausente,Alta,Aberta
242,89,3,2026-06-05,Divergência fiscal,Média,Resolvida
243,90,23,2026-01-08,Documento ausente,Alta,Aberta
244,90,21,2026-02-05,Guia vencida,Média,Aberta
245,90,27,2026-03-05,Documento ausente,Alta,Resolvida
246,90,8,2026-04-03,Documento ausente,Média,Aberta
247,90,17,2026-06-01,Documento ausente,Alta,Aberta
248,91,28,2025-07-07,Guia vencida,Alta,Resolvida
249,91,27,2025-09-06,Guia vencida,Baixa,Resolvida
250,92,20,2025-07-08,Cadastro desatualizado,Baixa,Resolvida
251,92,33,2025-08-20,Documento ausente,Baixa,Resolvida
252,92,14,2026-03-15,Cadastro desatualizado,Média,Resolvida
253,92,3,2026-05-13,Cadastro desatualizado,Média,Aberta
254,92,3,2026-06-05,Cadastro desatualizado,Média,Resolvida
255,93,24,2025-12-21,Documento ausente,Baixa,Resolvida
256,93,21,2026-05-02,Divergência fiscal,Baixa,Resolvida
257,93,22,2026-05-29,Guia vencida,Média,Aberta
258,94,12,2025-07-11,Cadastro desatualizado,Alta,Aberta
259,94,2,2025-09-07,Guia vencida,Baixa,Aberta
260,94,30,2026-03-13,Cadastro desatualizado,Alta,Resolvida
261,95,8,2025-07-19,Divergência fiscal,Baixa,Resolvida
262,95,28,2025-08-10,Cadastro desatualizado,Alta,Resolvida
263,95,16,2025-10-21,Guia vencida,Baixa,Aberta
264,96,4,2025-09-07,Divergência fiscal,Média,Resolvida
265,96,4,2025-11-24,Guia vencida,Baixa,Aberta
266,97,12,2025-11-24,Divergência fiscal,Baixa,Resolvida
267,97,3,2026-01-09,Divergência fiscal,Baixa,Aberta
268,97,14,2026-05-06,Guia vencida,Média,Resolvida
269,98,1,2025-07-13,Documento ausente,Baixa,Resolvida
270,98,28,2025-08-31,Documento ausente,Média,Resolvida
271,98,8,2025-10-05,Divergência fiscal,Baixa,Resolvida
272,98,18,2025-12-08,Guia vencida,Baixa,Aberta
273,99,35,2025-09-13,Guia vencida,Média,Aberta
274,99,6,2026-02-28,Guia vencida,Baixa,Aberta
275,100,24,2025-12-10,Guia vencida,Média,Aberta
276,101,31,2025-09-08,Cadastro desatualizado,Baixa,Resolvida
277,101,5,2025-12-09,Cadastro desatualizado,Baixa,Aberta
278,101,9,2026-04-05,Cadastro desatualizado,Média,Aberta
279,101,7,2026-05-29,Cadastro desatualizado,Média,Aberta
280,102,31,2025-07-20,Divergência fiscal,Média,Aberta
281,102,24,2025-09-07,Documento ausente,Alta,Aberta
282,102,29,2026-02-11,Guia vencida,Baixa,Aberta
283,102,2,2026-04-05,Cadastro desatualizado,Média,Aberta
284,104,22,2025-08-26,Guia vencida,Alta,Aberta
285,104,27,2025-10-28,Divergência fiscal,Média,Aberta
286,104,21,2026-04-01,Guia vencida,Baixa,Resolvida
287,104,10,2026-04-30,Divergência fiscal,Alta,Resolvida
288,105,13,2025-11-24,Guia vencida,Média,Aberta
289,105,16,2026-02-11,Documento ausente,Média,Resolvida
290,106,33,2026-01-13,Guia vencida,Média,Resolvida
291,106,15,2026-02-05,Divergência fiscal,Baixa,Aberta
292,106,14,2026-03-24,Divergência fiscal,Média,Aberta
293,106,27,2026-05-30,Divergência fiscal,Média,Aberta
294,107,22,2025-07-06,Documento ausente,Baixa,Resolvida
295,107,25,2025-11-06,Guia vencida,Baixa,Aberta
296,107,33,2026-03-07,Documento ausente,Baixa,Aberta
297,108,31,2025-07-07,Documento ausente,Baixa,Aberta
298,108,10,2025-08-26,Divergência fiscal,Alta,Resolvida
299,108,34,2025-11-28,Documento ausente,Baixa,Aberta
300,108,21,2026-02-10,Guia vencida,Alta,Resolvida
301,108,25,2026-04-06,Documento ausente,Baixa,Resolvida
302,109,9,2025-08-03,Guia vencida,Média,Resolvida
303,109,29,2025-11-09,Guia vencida,Baixa,Resolvida
304,110,28,2025-10-09,Divergência fiscal,Média,Aberta
305,110,19,2026-02-12,Guia vencida,Alta,Aberta
306,111,17,2025-07-12,Guia vencida,Média,Resolvida
307,111,2,2025-09-14,Documento ausente,Alta,Aberta
308,111,34,2025-11-09,Guia vencida,Alta,Resolvida
309,111,29,2026-01-04,Divergência fiscal,Alta,Aberta
310,112,17,2026-02-06,Divergência fiscal,Média,Resolvida
311,113,1,2025-10-05,Guia vencida,Baixa,Aberta
312,113,3,2026-03-08,Documento ausente,Baixa,Aberta
313,114,13,2026-04-25,Divergência fiscal,Alta,Resolvida
314,115,13,2025-07-05,Divergência fiscal,Alta,Aberta
315,115,8,2025-09-10,Guia vencida,Média,Aberta
316,115,34,2025-11-08,Guia vencida,Alta,Resolvida
317,115,20,2025-12-08,Cadastro desatualizado,Baixa,Aberta
318,116,26,2025-10-15,Documento ausente,Alta,Resolvida
319,116,28,2025-12-07,Guia vencida,Baixa,Aberta
320,117,16,2025-08-13,Cadastro desatualizado,Média,Aberta
321,117,30,2025-11-08,Divergência fiscal,Alta,Aberta
322,117,18,2025-12-03,Cadastro desatualizado,Alta,Resolvida
323,118,15,2025-08-23,Documento ausente,Média,Aberta
324,118,6,2026-02-25,Documento ausente,Média,Resolvida
325,118,11,2026-04-04,Divergência fiscal,Baixa,Resolvida
326,119,16,2025-10-03,Cadastro desatualizado,Baixa,Aberta
327,119,34,2026-03-13,Cadastro desatualizado,Alta,Resolvida
328,119,33,2026-04-12,Divergência fiscal,Média,Aberta
329,120,17,2025-08-25,Guia vencida,Alta,Resolvida
330,120,16,2026-01-05,Divergência fiscal,Baixa,Aberta
331,120,30,2026-04-09,Documento ausente,Baixa,Aberta
332,120,27,2026-06-08,Documento ausente,Média,Resolvida
333,122,14,2025-12-04,Cadastro desatualizado,Alta,Resolvida
334,123,3,2026-05-20,Cadastro desatualizado,Média,Resolvida
335,123,26,2026-05-27,Cadastro desatualizado,Média,Resolvida
336,124,10,2025-07-14,Documento ausente,Baixa,Aberta
337,124,16,2025-12-09,Guia vencida,Média,Resolvida
338,125,8,2026-05-08,Guia vencida,Baixa,Aberta
339,126,2,2025-06-28,Documento ausente,Baixa,Resolvida
340,127,25,2025-08-19,Divergência fiscal,Média,Aberta
341,127,34,2025-11-04,Guia vencida,Baixa,Aberta
342,127,6,2026-02-01,Divergência fiscal,Média,Aberta
343,127,19,2026-02-19,Documento ausente,Baixa,Resolvida
344,128,24,2025-07-03,Cadastro desatualizado,Alta,Aberta
345,128,9,2025-09-10,Guia vencida,Média,Aberta
346,128,22,2025-10-03,Divergência fiscal,Alta,Resolvida
347,128,11,2026-02-28,Documento ausente,Média,Resolvida
348,128,11,2026-05-16,Divergência fiscal,Alta,Resolvida
349,129,19,2025-08-11,Guia vencida,Média,Resolvida
350,129,27,2025-09-04,Guia vencida,Baixa,Aberta
351,129,12,2026-04-13,Guia vencida,Baixa,Resolvida
352,130,24,2025-09-06,Divergência fiscal,Média,Resolvida
353,130,29,2025-11-07,Divergência fiscal,Baixa,Aberta
354,130,10,2026-02-22,Divergência fiscal,Média,Aberta
355,130,4,2026-04-09,Divergência fiscal,Média,Resolvida
356,131,6,2025-07-13,Cadastro desatualizado,Baixa,Resolvida
357,131,33,2025-09-01,Guia vencida,Baixa,Resolvida
358,131,30,2025-12-29,Documento ausente,Baixa,Aberta
359,131,32,2026-05-24,Divergência fiscal,Média,Resolvida
360,132,17,2025-08-05,Divergência fiscal,Alta,Aberta
361,133,22,2025-09-15,Guia vencida,Baixa,Aberta
362,133,5,2025-10-16,Cadastro desatualizado,Média,Aberta
363,133,4,2026-03-13,Cadastro desatualizado,Média,Resolvida
364,134,30,2025-09-13,Divergência fiscal,Média,Resolvida
365,134,14,2025-09-23,Documento ausente,Alta,Resolvida
366,134,4,2026-01-28,Documento ausente,Média,Aberta
367,135,32,2025-09-06,Cadastro desatualizado,Baixa,Aberta
368,135,16,2026-01-22,Guia vencida,Baixa,Resolvida
369,136,8,2026-04-02,Documento ausente,Alta,Aberta
370,137,18,2025-08-06,Guia vencida,Alta,Resolvida
371,137,25,2025-09-26,Documento ausente,Média,Aberta
372,138,16,2025-10-01,Documento ausente,Média,Aberta
373,138,8,2026-01-20,Divergência fiscal,Alta,Resolvida
374,138,15,2026-02-19,Documento ausente,Baixa,Resolvida
375,139,14,2025-07-08,Divergência fiscal,Baixa,Resolvida
376,139,28,2025-11-10,Divergência fiscal,Alta,Aberta
377,139,1,2026-01-30,Cadastro desatualizado,Alta,Resolvida
378,139,9,2026-06-09,Guia vencida,Média,Aberta
379,140,14,2025-07-23,Divergência fiscal,Média,Aberta
380,140,34,2025-12-19,Documento ausente,Baixa,Aberta
381,141,8,2025-07-09,Divergência fiscal,Média,Resolvida
382,141,5,2025-08-13,Documento ausente,Alta,Aberta
383,141,13,2025-08-24,Documento ausente,Alta,Resolvida
384,141,21,2025-11-04,Documento ausente,Média,Resolvida
385,141,14,2026-06-11,Divergência fiscal,Baixa,Aberta
386,142,7,2025-07-10,Guia vencida,Média,Aberta
387,142,6,2025-09-19,Documento ausente,Média,Resolvida
388,142,30,2026-03-31,Guia vencida,Alta,Aberta
389,142,1,2026-05-09,Divergência fiscal,Alta,Aberta
390,143,17,2025-07-27,Cadastro desatualizado,Baixa,Aberta
391,143,5,2026-04-02,Guia vencida,Alta,Aberta
392,144,11,2025-08-14,Guia vencida,Alta,Resolvida
393,144,30,2025-08-31,Documento ausente,Baixa,Resolvida
394,144,7,2025-12-07,Documento ausente,Média,Aberta
395,144,3,2026-05-08,Documento ausente,Alta,Resolvida
396,145,5,2025-08-05,Cadastro desatualizado,Média,Resolvida
397,145,21,2025-11-29,Cadastro desatualizado,Alta,Resolvida
398,146,4,2025-09-01,Cadastro desatualizado,Alta,Resolvida
399,146,15,2025-11-02,Documento ausente,Baixa,Resolvida
400,146,26,2026-02-07,Guia vencida,Média,Aberta
401,146,8,2026-05-14,Cadastro desatualizado,Média,Resolvida
402,147,13,2025-12-18,Divergência fiscal,Baixa,Resolvida
403,147,9,2025-12-27,Documento ausente,Média,Aberta
404,147,33,2026-05-14,Documento ausente,Baixa,Aberta
405,147,30,2026-06-08,Cadastro desatualizado,Baixa,Resolvida
406,148,3,2025-09-01,Documento ausente,Média,Aberta
407,148,7,2025-11-06,Guia vencida,Baixa,Resolvida
408,148,20,2026-04-01,Guia vencida,Média,Aberta
409,149,11,2025-08-12,Guia vencida,Média,Resolvida
410,149,27,2025-11-05,Divergência fiscal,Alta,Aberta
411,149,17,2026-04-19,Divergência fiscal,Baixa,Aberta
412,150,29,2025-11-06,Guia vencida,Média,Resolvida
413,150,18,2025-12-29,Divergência fiscal,Alta,Resolvida
414,150,17,2026-02-15,Cadastro desatualizado,Média,Aberta
415,151,6,2025-07-02,Documento ausente,Baixa,Resolvida
416,151,18,2025-08-28,Divergência fiscal,Alta,Resolvida
417,151,5,2026-03-08,Divergência fiscal,Baixa,Resolvida
418,151,3,2026-04-03,Divergência fiscal,Alta,Aberta
419,152,34,2025-07-18,Documento ausente,Baixa,Resolvida
420,152,27,2025-08-08,Guia vencida,Baixa,Aberta
421,152,4,2025-09-06,Guia vencida,Alta,Resolvida
422,152,23,2025-12-08,Guia vencida,Média,Resolvida
423,152,4,2025-12-24,Cadastro desatualizado,Baixa,Aberta
424,152,26,2026-05-03,Cadastro desatualizado,Baixa,Resolvida
425,153,10,2025-10-28,Cadastro desatualizado,Alta,Resolvida
426,153,22,2025-12-06,Divergência fiscal,Média,Aberta
427,153,35,2026-03-14,Cadastro desatualizado,Média,Aberta
428,154,21,2025-12-09,Documento ausente,Baixa,Resolvida
429,154,32,2026-01-02,Cadastro desatualizado,Alta,Aberta
430,154,14,2026-01-27,Cadastro desatualizado,Alta,Aberta
431,154,18,2026-06-06,Guia vencida,Baixa,Resolvida
432,155,22,2025-12-07,Divergência fiscal,Alta,Resolvida
433,155,26,2026-03-08,Cadastro desatualizado,Média,Resolvida
434,155,4,2026-04-03,Divergência fiscal,Alta,Resolvida
435,155,18,2026-04-22,Divergência fiscal,Média,Aberta
436,156,8,2026-04-15,Divergência fiscal,Média,Resolvida
437,157,30,2025-08-11,Documento ausente,Baixa,Resolvida
438,157,23,2026-04-07,Divergência fiscal,Baixa,Resolvida
439,158,14,2025-08-11,Divergência fiscal,Baixa,Resolvida
440,158,7,2025-12-07,Cadastro desatualizado,Baixa,Aberta
441,158,29,2026-01-28,Guia vencida,Baixa,Aberta
442,158,29,2026-03-06,Divergência fiscal,Média,Aberta
443,159,18,2026-03-07,Documento ausente,Baixa,Resolvida
444,160,31,2026-02-04,Cadastro desatualizado,Alta,Resolvida
445,160,10,2026-03-03,Guia vencida,Baixa,Aberta
446,161,3,2025-09-08,Documento ausente,Baixa,Aberta
447,161,4,2025-12-08,Divergência fiscal,Média,Resolvida
448,161,15,2025-12-31,Guia vencida,Média,Resolvida
449,162,17,2025-07-05,Cadastro desatualizado,Média,Aberta
450,162,14,2025-09-23,Documento ausente,Alta,Aberta
451,162,11,2025-12-20,Documento ausente,Média,Resolvida
452,163,31,2025-10-02,Cadastro desatualizado,Alta,Aberta
453,163,34,2025-12-07,Divergência fiscal,Média,Aberta
454,164,13,2025-06-27,Cadastro desatualizado,Média,Resolvida
455,164,24,2026-05-30,Documento ausente,Alta,Resolvida
456,166,25,2025-10-10,Guia vencida,Alta,Resolvida
457,166,15,2025-12-07,Cadastro desatualizado,Média,Aberta
458,167,24,2026-01-23,Documento ausente,Alta,Resolvida
459,167,23,2026-02-28,Guia vencida,Média,Aberta
460,167,24,2026-04-10,Guia vencida,Baixa,Aberta
461,167,15,2026-06-15,Guia vencida,Média,Resolvida
462,168,7,2025-11-05,Cadastro desatualizado,Média,Resolvida
463,168,23,2025-12-10,Documento ausente,Alta,Resolvida
464,169,17,2025-09-01,Cadastro desatualizado,Alta,Aberta
465,169,19,2025-11-10,Guia vencida,Alta,Aberta
466,171,30,2025-07-18,Guia vencida,Média,Resolvida
467,171,18,2025-09-29,Cadastro desatualizado,Baixa,Resolvida
468,172,34,2025-08-28,Divergência fiscal,Média,Aberta
469,172,18,2026-02-10,Documento ausente,Baixa,Resolvida
470,172,15,2026-05-02,Guia vencida,Baixa,Aberta
471,172,24,2026-06-07,Guia vencida,Média,Aberta
472,173,26,2025-09-05,Divergência fiscal,Média,Resolvida
473,173,9,2026-01-07,Guia vencida,Alta,Aberta
474,173,29,2026-03-02,Guia vencida,Média,Resolvida
475,174,4,2025-11-27,Divergência fiscal,Baixa,Aberta
476,174,12,2025-12-27,Cadastro desatualizado,Média,Resolvida
477,174,29,2026-04-02,Documento ausente,Média,Aberta
478,176,24,2025-09-12,Guia vencida,Média,Resolvida
479,177,18,2026-04-20,Documento ausente,Média,Aberta
480,177,15,2026-04-25,Documento ausente,Média,Aberta
481,178,35,2025-08-05,Cadastro desatualizado,Baixa,Aberta
482,178,3,2026-04-06,Documento ausente,Baixa,Aberta
483,179,7,2025-11-02,Guia vencida,Baixa,Aberta
484,179,23,2026-04-02,Documento ausente,Baixa,Aberta
485,180,20,2025-07-21,Cadastro desatualizado,Média,Aberta
486,180,32,2025-09-01,Documento ausente,Alta,Aberta
487,180,30,2025-12-05,Divergência fiscal,Média,Resolvida
488,180,9,2026-03-04,Cadastro desatualizado,Alta,Aberta
489,180,7,2026-04-07,Cadastro desatualizado,Média,Resolvida
490,180,2,2026-06-04,Documento ausente,Baixa,Aberta
491,181,35,2025-07-12,Divergência fiscal,Baixa,Aberta
492,181,14,2025-11-30,Guia vencida,Média,Aberta
493,181,1,2026-01-09,Guia vencida,Baixa,Aberta
494,181,16,2026-03-03,Divergência fiscal,Média,Resolvida
495,182,28,2026-06-01,Guia vencida,Baixa,Aberta
496,183,33,2025-09-26,Guia vencida,Média,Resolvida
497,183,13,2025-11-30,Cadastro desatualizado,Média,Resolvida
498,184,13,2025-07-04,Guia vencida,Baixa,Resolvida
499,184,22,2025-09-28,Guia vencida,Baixa,Resolvida
500,184,33,2025-12-25,Guia vencida,Baixa,Aberta
501,185,34,2025-08-10,Cadastro desatualizado,Média,Aberta
502,185,28,2026-02-02,Divergência fiscal,Baixa,Resolvida
503,186,26,2025-11-01,Divergência fiscal,Média,Resolvida
504,186,33,2026-06-01,Cadastro desatualizado,Média,Aberta
505,187,32,2026-01-01,Guia vencida,Alta,Aberta
506,188,3,2025-09-12,Guia vencida,Baixa,Aberta
507,189,20,2026-01-02,Cadastro desatualizado,Alta,Aberta
508,189,14,2026-02-23,Divergência fiscal,Alta,Resolvida
509,190,24,2025-08-13,Guia vencida,Alta,Resolvida
510,190,12,2025-10-06,Cadastro desatualizado,Baixa,Resolvida
511,190,23,2025-11-15,Guia vencida,Média,Aberta
512,190,21,2026-04-05,Divergência fiscal,Baixa,Resolvida
513,190,6,2026-05-07,Divergência fiscal,Baixa,Resolvida
514,191,16,2025-10-11,Documento ausente,Baixa,Aberta
515,192,26,2025-12-25,Cadastro desatualizado,Baixa,Resolvida
516,192,7,2026-01-29,Guia vencida,Alta,Aberta
517,192,6,2026-06-06,Guia vencida,Média,Resolvida
518,193,29,2025-11-13,Documento ausente,Alta,Resolvida
519,193,24,2026-04-11,Guia vencida,Média,Aberta
520,194,2,2025-10-31,Cadastro desatualizado,Média,Resolvida
521,194,34,2026-02-10,Documento ausente,Média,Aberta
522,195,21,2025-07-13,Guia vencida,Alta,Aberta
523,195,8,2025-08-11,Documento ausente,Baixa,Resolvida
524,195,1,2026-02-04,Divergência fiscal,Baixa,Aberta
525,195,24,2026-04-30,Documento ausente,Alta,Aberta
526,195,31,2026-06-16,Documento ausente,Média,Resolvida
527,196,35,2025-07-01,Cadastro desatualizado,Média,Resolvida
528,196,20,2025-12-26,Divergência fiscal,Alta,Aberta
529,196,3,2026-04-11,Cadastro desatualizado,Baixa,Resolvida
530,197,13,2025-08-14,Documento ausente,Baixa,Resolvida
531,198,29,2026-02-05,Guia vencida,Alta,Aberta
532,198,23,2026-04-22,Documento ausente,Alta,Aberta
533,198,5,2026-05-18,Cadastro desatualizado,Média,Aberta
534,199,24,2025-08-06,Documento ausente,Alta,Resolvida
535,199,30,2025-12-17,Documento ausente,Média,Resolvida
536,199,34,2026-05-09,Cadastro desatualizado,Baixa,Aberta
537,200,8,2025-08-30,Guia vencida,Baixa,Resolvida
538,200,35,2026-02-04,Cadastro desatualizado,Média,Aberta
539,200,11,2026-03-01,Documento ausente,Baixa,Aberta
540,201,33,2025-07-05,Cadastro desatualizado,Média,Aberta
541,201,23,2025-08-24,Divergência fiscal,Alta,Aberta
542,201,6,2025-11-14,Cadastro desatualizado,Baixa,Aberta
543,201,32,2025-12-02,Documento ausente,Média,Resolvida
544,201,22,2026-02-03,Documento ausente,Média,Aberta
545,201,35,2026-04-09,Documento ausente,Baixa,Aberta
546,201,13,2026-06-06,Guia vencida,Alta,Aberta
547,202,2,2025-12-02,Documento ausente,Baixa,Resolvida
548,202,27,2026-04-30,Cadastro desatualizado,Média,Resolvida
549,203,14,2025-06-27,Guia vencida,Alta,Aberta
550,203,18,2025-09-08,Divergência fiscal,Alta,Aberta
551,203,15,2026-04-10,Documento ausente,Média,Resolvida
552,204,10,2025-08-15,Guia vencida,Baixa,Resolvida
553,204,10,2025-11-07,Divergência fiscal,Alta,Aberta
554,205,5,2025-11-07,Divergência fiscal,Média,Aberta
555,205,21,2025-11-27,Documento ausente,Baixa,Resolvida
556,206,15,2026-01-27,Documento ausente,Média,Aberta
557,206,16,2026-03-30,Documento ausente,Média,Aberta
558,207,1,2026-02-16,Guia vencida,Baixa,Resolvida
559,207,27,2026-04-01,Guia vencida,Alta,Aberta
560,207,7,2026-05-06,Guia vencida,Baixa,Aberta
561,208,21,2025-12-13,Divergência fiscal,Alta,Resolvida
562,208,28,2026-04-29,Cadastro desatualizado,Alta,Aberta
563,208,27,2026-06-09,Divergência fiscal,Alta,Resolvida
564,209,30,2025-07-08,Cadastro desatualizado,Baixa,Aberta
565,210,27,2025-09-14,Cadastro desatualizado,Alta,Resolvida
566,210,1,2025-10-21,Documento ausente,Baixa,Aberta
567,210,19,2026-02-10,Cadastro desatualizado,Alta,Resolvida
568,210,32,2026-05-14,Divergência fiscal,Baixa,Aberta
569,211,17,2025-09-05,Guia vencida,Média,Resolvida
570,211,11,2025-11-23,Cadastro desatualizado,Média,Resolvida
571,211,1,2026-01-16,Documento ausente,Baixa,Aberta
572,211,21,2026-03-18,Documento ausente,Baixa,Resolvida
573,211,17,2026-06-08,Cadastro desatualizado,Alta,Resolvida
574,212,2,2025-08-24,Documento ausente,Alta,Aberta
575,212,32,2025-08-30,Documento ausente,Média,Aberta
576,212,6,2026-01-31,Documento ausente,Alta,Resolvida
577,213,1,2025-07-31,Documento ausente,Alta,Resolvida
578,213,15,2026-01-27,Divergência fiscal,Baixa,Aberta
579,213,2,2026-03-21,Cadastro desatualizado,Média,Resolvida
580,213,9,2026-04-27,Cadastro desatualizado,Alta,Resolvida
581,214,31,2025-08-18,Documento ausente,Baixa,Resolvida
582,214,26,2026-05-17,Documento ausente,Média,Resolvida
583,214,33,2026-05-26,Divergência fiscal,Baixa,Aberta
584,216,3,2026-01-08,Documento ausente,Alta,Aberta
585,216,9,2026-04-24,Divergência fiscal,Média,Aberta
586,217,34,2025-07-12,Cadastro desatualizado,Média,Resolvida
587,217,1,2026-06-06,Documento ausente,Baixa,Resolvida
588,218,13,2026-01-08,Divergência fiscal,Média,Resolvida
589,220,32,2025-11-17,Guia vencida,Alta,Resolvida
590,221,30,2025-09-03,Divergência fiscal,Alta,Aberta
591,221,34,2025-11-15,Cadastro desatualizado,Baixa,Aberta
592,221,22,2026-04-18,Guia vencida,Alta,Resolvida
593,222,25,2025-07-01,Cadastro desatualizado,Média,Aberta
594,222,12,2025-11-13,Documento ausente,Alta,Resolvida
595,222,27,2026-06-10,Documento ausente,Baixa,Aberta
596,223,6,2025-07-11,Guia vencida,Média,Resolvida
597,223,28,2025-12-12,Cadastro desatualizado,Alta,Aberta
598,223,35,2026-01-12,Guia vencida,Alta,Resolvida
599,223,3,2026-04-09,Divergência fiscal,Alta,Aberta
600,224,8,2026-04-01,Guia vencida,Alta,Aberta
601,225,28,2025-08-18,Documento ausente,Média,Aberta
602,225,15,2025-08-26,Guia vencida,Alta,Resolvida
603,225,19,2025-11-04,Cadastro desatualizado,Alta,Resolvida
604,225,16,2025-12-10,Cadastro desatualizado,Alta,Resolvida
605,225,14,2026-01-04,Divergência fiscal,Baixa,Aberta
606,225,30,2026-02-05,Documento ausente,Baixa,Resolvida
607,225,24,2026-06-08,Cadastro desatualizado,Alta,Resolvida
608,226,12,2025-12-01,Guia vencida,Baixa,Aberta
609,227,30,2025-09-27,Divergência fiscal,Baixa,Aberta
610,227,1,2025-11-01,Documento ausente,Baixa,Aberta
611,228,12,2025-07-16,Guia vencida,Média,Aberta
612,228,13,2026-01-24,Guia vencida,Média,Aberta
613,229,17,2025-07-29,Guia vencida,Baixa,Resolvida
614,229,31,2025-10-30,Guia vencida,Alta,Resolvida
615,229,26,2026-05-31,Divergência fiscal,Média,Resolvida
616,230,7,2025-06-27,Documento ausente,Média,Aberta
617,230,33,2025-08-31,Cadastro desatualizado,Alta,Aberta
618,230,11,2025-10-10,Divergência fiscal,Baixa,Aberta
619,231,18,2026-02-13,Cadastro desatualizado,Baixa,Aberta
620,232,24,2025-09-09,Guia vencida,Baixa,Aberta
621,232,13,2026-01-16,Documento ausente,Média,Resolvida
622,232,28,2026-03-13,Cadastro desatualizado,Alta,Aberta
623,232,19,2026-04-30,Guia vencida,Alta,Resolvida
624,233,30,2025-09-17,Cadastro desatualizado,Média,Aberta
625,233,30,2025-12-24,Divergência fiscal,Baixa,Aberta
626,234,7,2025-10-31,Cadastro desatualizado,Baixa,Aberta
627,235,27,2025-07-16,Cadastro desatualizado,Baixa,Aberta
628,235,6,2025-09-01,Divergência fiscal,Média,Resolvida
629,236,25,2025-11-05,Documento ausente,Baixa,Resolvida
630,237,9,2026-02-08,Cadastro desatualizado,Média,Aberta
631,238,25,2025-07-06,Divergência fiscal,Média,Aberta
632,238,5,2025-10-05,Documento ausente,Média,Aberta
633,239,32,2025-10-25,Guia vencida,Baixa,Aberta
634,239,22,2026-03-14,Cadastro desatualizado,Baixa,Resolvida
635,239,23,2026-06-08,Divergência fiscal,Baixa,Aberta
636,240,33,2025-10-06,Documento ausente,Alta,Resolvida
637,240,12,2026-06-01,Cadastro desatualizado,Alta,Aberta
638,241,2,2025-12-22,Divergência fiscal,Alta,Resolvida
639,241,13,2026-04-06,Documento ausente,Média,Aberta
640,241,9,2026-04-28,Divergência fiscal,Alta,Aberta
641,242,26,2025-12-10,Guia vencida,Média,Resolvida
642,242,14,2026-01-29,Divergência fiscal,Baixa,Resolvida
643,243,25,2025-10-24,Divergência fiscal,Média,Resolvida
644,243,22,2025-12-01,Documento ausente,Baixa,Aberta
645,244,8,2025-10-05,Cadastro desatualizado,Alta,Resolvida
646,244,12,2025-11-07,Divergência fiscal,Alta,Resolvida
647,244,32,2026-01-05,Guia vencida,Alta,Resolvida
648,244,7,2026-05-21,Documento ausente,Média,Aberta
649,245,2,2025-11-05,Divergência fiscal,Média,Aberta
650,245,14,2026-01-27,Documento ausente,Média,Aberta
651,246,20,2026-05-06,Documento ausente,Média,Aberta
652,247,32,2025-11-12,Guia vencida,Média,Aberta
653,247,2,2026-02-11,Divergência fiscal,Baixa,Aberta
654,248,4,2025-10-02,Cadastro desatualizado,Baixa,Aberta
655,249,3,2025-10-23,Guia vencida,Baixa,Aberta
656,249,13,2025-12-22,Cadastro desatualizado,Média,Resolvida
657,249,29,2026-05-20,Documento ausente,Baixa,Resolvida
658,250,33,2025-09-19,Guia vencida,Alta,Resolvida
659,251,14,2025-10-29,Guia vencida,Alta,Resolvida
660,251,17,2026-01-12,Guia vencida,Alta,Resolvida
661,251,16,2026-02-07,Guia vencida,Alta,Aberta
662,251,26,2026-04-01,Cadastro desatualizado,Média,Resolvida
663,251,5,2026-05-25,Divergência fiscal,Alta,Aberta
664,252,32,2026-04-08,Documento ausente,Baixa,Resolvida
665,253,8,2025-09-24,Guia vencida,Alta,Resolvida
666,253,1,2026-01-30,Documento ausente,Alta,Resolvida
667,254,23,2025-11-13,Documento ausente,Média,Resolvida
668,254,31,2025-12-21,Guia vencida,Alta,Resolvida
669,254,11,2026-02-01,Cadastro desatualizado,Alta,Aberta
670,254,17,2026-04-27,Guia vencida,Baixa,Aberta
671,255,7,2026-04-15,Divergência fiscal,Média,Aberta
672,255,19,2026-05-16,Cadastro desatualizado,Alta,Aberta
673,256,22,2025-07-03,Documento ausente,Alta,Resolvida
674,256,28,2025-08-06,Divergência fiscal,Alta,Aberta
675,256,28,2025-11-03,Documento ausente,Média,Aberta
676,256,24,2026-04-13,Divergência fiscal,Alta,Aberta
677,257,31,2025-06-28,Documento ausente,Média,Resolvida
678,258,18,2025-07-28,Divergência fiscal,Média,Resolvida
679,258,6,2026-03-03,Divergência fiscal,Baixa,Aberta
680,258,1,2026-05-10,Documento ausente,Alta,Resolvida
681,259,35,2025-09-09,Documento ausente,Alta,Resolvida
682,259,33,2025-11-04,Cadastro desatualizado,Alta,Aberta
683,259,14,2026-03-02,Cadastro desatualizado,Média,Resolvida
684,260,33,2025-12-05,Documento ausente,Média,Resolvida
685,260,23,2026-02-20,Cadastro desatualizado,Média,Aberta
686,261,6,2025-07-30,Divergência fiscal,Baixa,Resolvida
687,261,9,2026-02-24,Cadastro desatualizado,Alta,Aberta
688,261,2,2026-05-20,Documento ausente,Média,Resolvida
689,261,21,2026-06-03,Cadastro desatualizado,Alta,Aberta
690,262,24,2025-07-14,Cadastro desatualizado,Baixa,Aberta
691,262,9,2026-02-01,Divergência fiscal,Alta,Aberta
692,262,24,2026-03-02,Documento ausente,Alta,Aberta
693,264,4,2025-07-11,Divergência fiscal,Alta,Aberta
694,264,22,2025-12-31,Documento ausente,Alta,Resolvida
695,265,31,2026-01-24,Cadastro desatualizado,Alta,Resolvida
696,265,17,2026-04-08,Cadastro desatualizado,Alta,Aberta
697,266,32,2025-07-30,Cadastro desatualizado,Alta,Aberta
698,266,19,2025-10-06,Divergência fiscal,Baixa,Resolvida
699,266,3,2025-12-10,Guia vencida,Alta,Resolvida
700,266,13,2026-04-09,Cadastro desatualizado,Baixa,Resolvida
701,267,24,2025-12-12,Divergência fiscal,Média,Resolvida
702,268,17,2026-04-14,Documento ausente,Média,Aberta
703,269,9,2025-08-15,Documento ausente,Média,Resolvida
704,269,6,2026-04-10,Guia vencida,Alta,Resolvida
705,269,24,2026-06-04,Cadastro desatualizado,Baixa,Aberta
706,270,30,2025-11-18,Cadastro desatualizado,Baixa,Aberta
707,270,3,2026-01-18,Divergência fiscal,Média,Aberta
708,270,19,2026-04-16,Documento ausente,Alta,Resolvida
709,270,6,2026-05-10,Guia vencida,Alta,Aberta
710,270,4,2026-06-05,Divergência fiscal,Alta,Resolvida
711,271,13,2025-08-18,Guia vencida,Média,Resolvida
712,271,29,2025-09-06,Cadastro desatualizado,Alta,Aberta
713,271,27,2025-09-28,Cadastro desatualizado,Alta,Aberta
714,271,16,2026-06-07,Cadastro desatualizado,Baixa,Aberta
715,272,17,2025-08-06,Documento ausente,Alta,Aberta
716,273,3,2025-07-27,Documento ausente,Média,Aberta
717,273,16,2025-09-20,Cadastro desatualizado,Alta,Resolvida
718,274,17,2025-09-30,Cadastro desatualizado,Alta,Aberta
719,274,13,2026-04-29,Divergência fiscal,Média,Aberta
720,275,14,2025-08-30,Documento ausente,Média,Resolvida
721,276,19,2026-03-30,Guia vencida,Baixa,Resolvida
722,277,18,2025-07-10,Documento ausente,Média,Aberta
723,277,26,2025-09-20,Documento ausente,Baixa,Aberta
724,277,12,2025-12-04,Divergência fiscal,Alta,Aberta
725,277,7,2026-05-02,Guia vencida,Média,Aberta
726,277,7,2026-05-26,Guia vencida,Alta,Aberta
727,278,14,2025-07-08,Guia vencida,Baixa,Aberta
728,278,23,2025-08-08,Guia vencida,Média,Aberta
729,278,2,2025-09-17,Guia vencida,Alta,Aberta
730,278,23,2026-05-15,Cadastro desatualizado,Alta,Aberta
731,279,6,2026-02-12,Guia vencida,Média,Aberta
732,280,7,2025-07-19,Divergência fiscal,Alta,Aberta
733,280,5,2025-09-13,Documento ausente,Média,Aberta
734,280,17,2025-11-16,Guia vencida,Baixa,Aberta
735,280,18,2025-12-15,Divergência fiscal,Alta,Aberta
736,280,16,2026-02-13,Cadastro desatualizado,Baixa,Resolvida
737,281,10,2025-08-29,Divergência fiscal,Média,Aberta
738,281,22,2025-11-06,Cadastro desatualizado,Média,Resolvida
739,281,34,2026-02-08,Guia vencida,Baixa,Resolvida
740,281,20,2026-03-08,Guia vencida,Média,Aberta
741,282,31,2025-10-01,Guia vencida,Média,Resolvida
742,282,11,2025-11-13,Documento ausente,Alta,Resolvida
743,282,22,2026-03-02,Divergência fiscal,Baixa,Resolvida
744,283,15,2025-09-02,Cadastro desatualizado,Baixa,Aberta
745,284,14,2025-08-26,Divergência fiscal,Baixa,Resolvida
746,284,22,2026-03-02,Divergência fiscal,Baixa,Aberta
747,284,15,2026-04-05,Documento ausente,Alta,Aberta
748,285,30,2025-08-30,Divergência fiscal,Baixa,Aberta
749,285,33,2026-04-03,Guia vencida,Média,Resolvida
750,286,31,2025-12-06,Divergência fiscal,Baixa,Aberta
751,287,11,2026-03-03,Cadastro desatualizado,Baixa,Resolvida
752,288,33,2025-07-08,Documento ausente,Média,Resolvida
753,288,12,2025-08-12,Guia vencida,Média,Aberta
754,288,9,2025-09-24,Divergência fiscal,Alta,Aberta
755,289,9,2025-07-21,Divergência fiscal,Baixa,Resolvida
756,289,15,2025-10-05,Documento ausente,Alta,Resolvida
757,289,21,2025-11-27,Cadastro desatualizado,Média,Aberta
758,289,21,2026-03-05,Cadastro desatualizado,Média,Resolvida
759,290,24,2025-08-26,Documento ausente,Média,Aberta
760,290,26,2026-02-05,Divergência fiscal,Baixa,Resolvida
761,291,24,2025-08-09,Divergência fiscal,Média,Resolvida
762,291,13,2025-12-04,Divergência fiscal,Média,Aberta
763,291,17,2026-03-10,Documento ausente,Alta,Resolvida
764,291,9,2026-04-07,Guia vencida,Média,Aberta
765,293,31,2025-08-23,Cadastro desatualizado,Baixa,Resolvida
766,293,30,2025-10-08,Guia vencida,Média,Resolvida
767,293,25,2025-11-28,Documento ausente,Média,Aberta
768,293,35,2026-02-21,Guia vencida,Alta,Resolvida
769,293,19,2026-04-01,Cadastro desatualizado,Alta,Resolvida
770,293,21,2026-04-29,Documento ausente,Baixa,Aberta
771,293,12,2026-06-13,Guia vencida,Média,Aberta
772,294,17,2025-06-24,Guia vencida,Alta,Resolvida
773,294,18,2025-08-03,Guia vencida,Baixa,Aberta
774,294,31,2026-05-14,Divergência fiscal,Baixa,Aberta
775,294,6,2026-06-13,Divergência fiscal,Baixa,Resolvida
776,295,7,2025-08-06,Documento ausente,Média,Resolvida
777,295,16,2025-09-07,Cadastro desatualizado,Alta,Resolvida
778,295,33,2025-10-27,Guia vencida,Baixa,Resolvida
779,295,21,2025-11-24,Documento ausente,Média,Resolvida
780,295,24,2026-02-25,Guia vencida,Alta,Aberta
781,295,22,2026-03-25,Divergência fiscal,Alta,Aberta
782,296,4,2025-10-19,Divergência fiscal,Média,Resolvida
783,296,35,2026-05-14,Cadastro desatualizado,Alta,Resolvida
784,297,1,2025-10-11,Divergência fiscal,Média,Resolvida
785,297,30,2025-11-11,Guia vencida,Baixa,Resolvida
786,297,19,2026-02-19,Documento ausente,Média,Resolvida
787,297,16,2026-03-26,Cadastro desatualizado,Média,Aberta
788,297,29,2026-06-09,Cadastro desatualizado,Baixa,Aberta
789,298,22,2025-11-09,Divergência fiscal,Baixa,Resolvida
790,298,22,2025-11-28,Cadastro desatualizado,Baixa,Aberta
791,298,35,2026-03-01,Guia vencida,Média,Resolvida
792,299,20,2025-09-14,Documento ausente,Média,Aberta
793,299,1,2025-12-30,Guia vencida,Média,Resolvida
794,299,2,2026-05-04,Cadastro desatualizado,Média,Aberta
795,300,34,2026-03-07,Documento ausente,Baixa,Aberta
796,300,9,2026-03-29,Divergência fiscal,Média,Resolvida
797,300,10,2026-05-20,Divergência fiscal,Alta,Resolvida
798,301,13,2025-07-10,Documento ausente,Alta,Aberta
799,301,18,2025-09-08,Cadastro desatualizado,Baixa,Resolvida
800,301,29,2025-11-09,Documento ausente,Alta,Resolvida
801,301,1,2026-04-07,Documento ausente,Alta,Resolvida
802,302,7,2025-11-15,Guia vencida,Baixa,Resolvida
803,302,33,2026-01-08,Documento ausente,Média,Aberta
804,303,20,2025-06-30,Cadastro desatualizado,Alta,Aberta
805,303,8,2025-08-12,Divergência fiscal,Alta,Resolvida
806,303,1,2026-03-09,Divergência fiscal,Alta,Aberta
807,304,3,2025-08-08,Documento ausente,Alta,Aberta
808,304,14,2026-01-07,Cadastro desatualizado,Baixa,Aberta
809,304,24,2026-03-08,Guia vencida,Média,Aberta
810,304,27,2026-05-11,Documento ausente,Média,Aberta
811,304,3,2026-06-08,Divergência fiscal,Alta,Resolvida
812,305,5,2025-08-13,Guia vencida,Média,Aberta
813,305,25,2025-12-28,Documento ausente,Alta,Aberta
814,305,17,2026-05-21,Guia vencida,Alta,Resolvida
815,306,23,2025-07-21,Documento ausente,Alta,Aberta
816,306,32,2025-12-15,Cadastro desatualizado,Média,Aberta
817,306,25,2026-03-05,Guia vencida,Alta,Resolvida
818,306,2,2026-05-25,Documento ausente,Baixa,Resolvida
819,307,15,2025-11-11,Guia vencida,Média,Resolvida
820,307,15,2025-12-12,Cadastro desatualizado,Baixa,Aberta
821,308,32,2025-12-18,Divergência fiscal,Média,Resolvida
822,309,30,2025-09-07,Divergência fiscal,Alta,Aberta
823,309,17,2025-11-14,Guia vencida,Média,Resolvida
824,309,10,2026-01-10,Cadastro desatualizado,Média,Resolvida
825,310,19,2025-11-15,Cadastro desatualizado,Baixa,Resolvida
826,310,8,2026-04-26,Guia vencida,Alta,Resolvida
827,311,18,2025-08-09,Documento ausente,Baixa,Resolvida
828,311,2,2025-12-18,Cadastro desatualizado,Alta,Aberta
829,311,30,2026-03-24,Divergência fiscal,Baixa,Aberta
830,311,2,2026-05-05,Divergência fiscal,Baixa,Resolvida
831,312,13,2025-12-06,Divergência fiscal,Média,Aberta
832,312,29,2026-04-12,Cadastro desatualizado,Baixa,Aberta
833,313,18,2025-08-17,Guia vencida,Baixa,Aberta
834,313,5,2025-10-13,Cadastro desatualizado,Média,Resolvida
835,313,30,2026-02-03,Cadastro desatualizado,Alta,Resolvida
836,313,31,2026-05-03,Guia vencida,Alta,Aberta
837,314,20,2025-06-29,Divergência fiscal,Média,Resolvida
838,314,27,2025-11-11,Guia vencida,Alta,Aberta
839,314,13,2026-03-30,Documento ausente,Alta,Resolvida
840,315,18,2025-07-05,Cadastro desatualizado,Alta,Resolvida
841,316,20,2025-09-30,Guia vencida,Alta,Resolvida
842,316,6,2025-12-06,Cadastro desatualizado,Média,Aberta
843,316,32,2026-01-09,Cadastro desatualizado,Alta,Resolvida
844,317,10,2026-01-28,Cadastro desatualizado,Média,Resolvida
845,318,20,2025-08-19,Guia vencida,Baixa,Resolvida
846,318,18,2025-10-13,Guia vencida,Alta,Aberta
847,318,26,2026-06-05,Guia vencida,Alta,Resolvida
848,319,28,2025-07-26,Cadastro desatualizado,Baixa,Aberta
849,319,5,2026-05-09,Guia vencida,Baixa,Aberta
850,320,12,2026-04-02,Cadastro desatualizado,Alta,Aberta
851,320,19,2026-05-09,Cadastro desatualizado,Baixa,Aberta
852,321,10,2026-04-02,Divergência fiscal,Alta,Resolvida
853,321,10,2026-04-28,Cadastro desatualizado,Baixa,Aberta
854,322,16,2025-12-06,Divergência fiscal,Baixa,Aberta
855,322,20,2026-04-08,Cadastro desatualizado,Alta,Resolvida
856,322,8,2026-05-02,Divergência fiscal,Alta,Resolvida
857,323,3,2025-11-01,Divergência fiscal,Média,Resolvida
858,323,13,2025-12-28,Documento ausente,Alta,Aberta
859,323,7,2026-05-09,Cadastro desatualizado,Média,Resolvida
860,324,21,2025-11-26,Cadastro desatualizado,Baixa,Aberta
861,324,22,2025-12-20,Divergência fiscal,Alta,Resolvida
862,325,7,2025-07-12,Divergência fiscal,Alta,Resolvida
863,326,15,2025-07-20,Divergência fiscal,Média,Resolvida
864,326,23,2025-08-26,Cadastro desatualizado,Alta,Aberta
865,326,2,2025-11-03,Cadastro desatualizado,Média,Resolvida
866,326,23,2025-12-17,Divergência fiscal,Baixa,Aberta
867,326,31,2026-01-27,Cadastro desatualizado,Média,Resolvida
868,326,7,2026-04-18,Cadastro desatualizado,Alta,Resolvida
869,327,3,2025-11-13,Cadastro desatualizado,Baixa,Aberta
870,327,20,2026-02-13,Guia vencida,Alta,Resolvida
871,327,30,2026-05-07,Divergência fiscal,Baixa,Aberta
872,328,35,2025-12-17,Divergência fiscal,Baixa,Resolvida
873,328,3,2026-02-12,Cadastro desatualizado,Alta,Resolvida
874,328,21,2026-03-18,Divergência fiscal,Baixa,Aberta
875,328,34,2026-05-21,Documento ausente,Alta,Resolvida
876,329,26,2025-12-01,Guia vencida,Média,Aberta
877,329,13,2026-02-01,Divergência fiscal,Alta,Aberta
878,329,21,2026-03-01,Documento ausente,Alta,Resolvida
879,330,12,2025-09-29,Guia vencida,Baixa,Aberta
880,330,26,2026-03-08,Cadastro desatualizado,Alta,Resolvida
881,330,7,2026-05-08,Cadastro desatualizado,Baixa,Aberta
882,331,34,2026-02-18,Cadastro desatualizado,Média,Resolvida
883,332,29,2026-01-11,Guia vencida,Alta,Resolvida
884,332,27,2026-03-14,Divergência fiscal,Média,Resolvida
885,332,17,2026-03-29,Divergência fiscal,Média,Resolvida
886,332,10,2026-05-08,Divergência fiscal,Alta,Resolvida
887,333,8,2026-01-20,Guia vencida,Média,Aberta
888,334,16,2025-07-31,Cadastro desatualizado,Baixa,Resolvida
889,334,28,2026-06-07,Divergência fiscal,Média,Aberta
890,335,7,2025-07-07,Guia vencida,Baixa,Aberta
891,335,33,2025-07-29,Cadastro desatualizado,Média,Aberta
892,336,30,2025-10-07,Divergência fiscal,Baixa,Aberta
893,336,13,2026-05-02,Guia vencida,Baixa,Resolvida
894,337,14,2026-03-12,Guia vencida,Média,Aberta
895,337,15,2026-06-07,Guia vencida,Alta,Aberta
896,338,23,2025-07-02,Divergência fiscal,Baixa,Aberta
897,338,8,2025-09-22,Divergência fiscal,Baixa,Aberta
898,338,19,2025-10-17,Documento ausente,Alta,Aberta
899,338,16,2026-03-11,Cadastro desatualizado,Alta,Resolvida
900,338,33,2026-04-06,Divergência fiscal,Média,Aberta
901,339,5,2026-03-04,Documento ausente,Alta,Resolvida
902,340,24,2025-08-13,Documento ausente,Baixa,Aberta
903,340,3,2026-03-23,Guia vencida,Alta,Aberta
904,342,4,2025-07-31,Cadastro desatualizado,Baixa,Aberta
905,342,25,2025-12-14,Cadastro desatualizado,Alta,Resolvida
906,342,34,2026-01-14,Divergência fiscal,Baixa,Aberta
907,342,26,2026-02-13,Cadastro desatualizado,Média,Aberta
908,342,18,2026-04-06,Documento ausente,Baixa,Resolvida
909,343,9,2025-09-27,Cadastro desatualizado,Baixa,Resolvida
910,343,9,2025-11-14,Documento ausente,Média,Resolvida
911,343,26,2026-02-24,Documento ausente,Média,Aberta
912,345,20,2025-08-09,Guia vencida,Média,Resolvida
913,345,21,2025-10-02,Divergência fiscal,Baixa,Aberta
914,345,10,2025-10-29,Guia vencida,Alta,Aberta
915,345,22,2025-12-06,Divergência fiscal,Baixa,Resolvida
916,345,4,2026-01-09,Guia vencida,Média,Resolvida
917,345,1,2026-03-16,Documento ausente,Alta,Resolvida
918,345,30,2026-04-09,Documento ausente,Alta,Resolvida
919,345,30,2026-05-02,Documento ausente,Alta,Resolvida
920,346,17,2025-07-19,Guia vencida,Baixa,Aberta
921,346,29,2025-07-30,Divergência fiscal,Alta,Aberta
922,346,5,2025-09-22,Guia vencida,Média,Resolvida
923,346,35,2025-10-30,Cadastro desatualizado,Baixa,Aberta
924,346,31,2026-03-18,Documento ausente,Média,Aberta
925,346,15,2026-04-03,Guia vencida,Alta,Resolvida
926,347,4,2025-08-21,Divergência fiscal,Média,Resolvida
927,347,19,2025-12-15,Divergência fiscal,Baixa,Aberta
928,347,28,2026-02-02,Cadastro desatualizado,Média,Aberta
929,347,4,2026-03-06,Documento ausente,Baixa,Aberta
930,348,2,2025-09-26,Cadastro desatualizado,Média,Resolvida
931,348,12,2026-01-31,Cadastro desatualizado,Alta,Resolvida
932,348,30,2026-04-03,Documento ausente,Média,Aberta
933,349,22,2025-07-27,Documento ausente,Baixa,Aberta
934,349,22,2026-05-14,Guia vencida,Alta,Resolvida
935,350,7,2025-08-13,Divergência fiscal,Baixa,Aberta
936,350,2,2026-02-26,Divergência fiscal,Média,Aberta
937,350,31,2026-06-16,Cadastro desatualizado,Média,Aberta
938,351,8,2025-06-29,Guia vencida,Baixa,Resolvida
939,351,6,2025-08-28,Divergência fiscal,Alta,Aberta
940,351,9,2026-01-25,Cadastro desatualizado,Média,Aberta
941,351,35,2026-03-04,Guia vencida,Alta,Resolvida
942,351,25,2026-04-28,Guia vencida,Média,Aberta
943,352,14,2025-11-14,Cadastro desatualizado,Baixa,Aberta
944,352,12,2025-12-03,Cadastro desatualizado,Média,Resolvida
945,352,16,2026-04-02,Guia vencida,Média,Aberta
946,352,24,2026-06-07,Divergência fiscal,Baixa,Aberta
947,353,1,2025-07-17,Documento ausente,Média,Aberta
948,353,4,2025-09-01,Documento ausente,Média,Aberta
949,353,7,2025-09-28,Divergência fiscal,Alta,Aberta
950,353,31,2025-11-02,Guia vencida,Baixa,Resolvida
951,353,35,2026-01-04,Cadastro desatualizado,Alta,Aberta
952,353,25,2026-03-13,Divergência fiscal,Média,Aberta
953,354,1,2026-02-01,Guia vencida,Média,Aberta
954,354,2,2026-04-28,Documento ausente,Baixa,Resolvida
955,355,11,2025-08-22,Documento ausente,Média,Resolvida
956,355,20,2025-11-10,Documento ausente,Baixa,Aberta
957,355,11,2025-11-27,Cadastro desatualizado,Média,Resolvida
958,355,13,2025-12-28,Documento ausente,Média,Resolvida
959,355,34,2026-04-11,Cadastro desatualizado,Alta,Resolvida
960,356,9,2025-07-23,Divergência fiscal,Alta,Aberta
961,358,21,2025-09-01,Divergência fiscal,Média,Aberta
962,358,16,2025-10-09,Cadastro desatualizado,Baixa,Resolvida
963,358,16,2026-02-04,Documento ausente,Baixa,Resolvida
964,358,28,2026-04-02,Divergência fiscal,Baixa,Aberta
965,359,32,2026-01-05,Cadastro desatualizado,Média,Resolvida
966,359,16,2026-01-25,Divergência fiscal,Média,Aberta
967,359,22,2026-04-04,Documento ausente,Alta,Aberta
968,359,14,2026-05-09,Cadastro desatualizado,Média,Resolvida
969,360,25,2025-10-09,Cadastro desatualizado,Baixa,Aberta
970,361,19,2025-10-14,Guia vencida,Alta,Resolvida
971,361,25,2026-04-01,Divergência fiscal,Alta,Resolvida
972,362,2,2025-07-15,Guia vencida,Alta,Resolvida
973,362,9,2025-12-12,Divergência fiscal,Alta,Resolvida
974,362,8,2026-04-29,Divergência fiscal,Baixa,Aberta
975,363,24,2025-07-24,Cadastro desatualizado,Baixa,Aberta
976,363,11,2025-10-05,Guia vencida,Média,Resolvida
977,363,14,2026-01-08,Divergência fiscal,Média,Aberta
978,363,21,2026-03-30,Guia vencida,Baixa,Resolvida
979,363,11,2026-04-26,Divergência fiscal,Baixa,Resolvida
980,364,33,2025-12-05,Guia vencida,Baixa,Aberta
981,365,11,2025-11-08,Cadastro desatualizado,Média,Resolvida
982,365,30,2026-02-21,Documento ausente,Alta,Aberta
983,365,16,2026-06-16,Guia vencida,Baixa,Aberta
984,366,24,2025-08-06,Divergência fiscal,Média,Aberta
985,366,26,2025-10-18,Guia vencida,Baixa,Resolvida
986,366,24,2026-01-09,Documento ausente,Média,Resolvida
987,366,3,2026-04-03,Documento ausente,Alta,Resolvida
988,366,26,2026-05-05,Documento ausente,Alta,Resolvida
989,367,30,2025-10-27,Divergência fiscal,Alta,Aberta
990,367,2,2025-12-31,Documento ausente,Média,Aberta
991,367,22,2026-02-14,Guia vencida,Alta,Aberta
992,368,20,2025-12-19,Cadastro desatualizado,Alta,Aberta
993,368,6,2026-03-03,Documento ausente,Baixa,Aberta
994,368,13,2026-06-05,Cadastro desatualizado,Média,Resolvida
995,370,26,2025-08-23,Guia vencida,Média,Aberta
996,370,3,2025-12-05,Cadastro desatualizado,Média,Aberta
997,371,27,2025-10-10,Cadastro desatualizado,Baixa,Resolvida
998,372,18,2025-08-22,Divergência fiscal,Baixa,Resolvida
999,372,14,2025-11-06,Divergência fiscal,Baixa,Resolvida
1000,372,32,2026-04-06,Documento ausente,Baixa,Aberta
1001,373,3,2025-07-12,Cadastro desatualizado,Baixa,Aberta
1002,374,6,2026-05-05,Documento ausente,Alta,Aberta
1003,375,31,2025-11-25,Cadastro desatualizado,Alta,Aberta
1004,375,34,2026-01-31,Guia vencida,Alta,Resolvida
1005,376,29,2025-07-24,Cadastro desatualizado,Alta,Resolvida
1006,376,24,2025-11-08,Divergência fiscal,Baixa,Aberta
1007,376,11,2026-02-12,Divergência fiscal,Baixa,Resolvida
1008,376,10,2026-06-09,Guia vencida,Alta,Aberta
1009,377,17,2025-09-30,Documento ausente,Média,Resolvida
1010,377,16,2026-01-03,Documento ausente,Baixa,Resolvida
1011,378,2,2025-11-12,Cadastro desatualizado,Baixa,Aberta
1012,378,32,2026-02-02,Divergência fiscal,Alta,Aberta
1013,378,18,2026-04-30,Cadastro desatualizado,Alta,Resolvida
1014,379,29,2025-11-07,Guia vencida,Alta,Aberta
1015,380,1,2025-07-02,Divergência fiscal,Baixa,Resolvida
1016,380,3,2025-08-09,Guia vencida,Baixa,Resolvida
1017,380,5,2025-09-03,Guia vencida,Baixa,Aberta
1018,380,25,2026-04-13,Divergência fiscal,Média,Resolvida
1019,380,12,2026-06-10,Guia vencida,Alta,Resolvida
1020,381,8,2025-07-04,Cadastro desatualizado,Alta,Resolvida
1021,381,4,2025-08-16,Cadastro desatualizado,Baixa,Aberta
1022,381,23,2025-09-13,Documento ausente,Baixa,Aberta
1023,381,9,2025-10-27,Documento ausente,Alta,Resolvida
1024,381,6,2025-12-22,Divergência fiscal,Alta,Aberta
1025,381,9,2026-04-14,Documento ausente,Baixa,Resolvida
1026,382,29,2025-08-09,Documento ausente,Média,Aberta
1027,382,18,2025-10-28,Documento ausente,Média,Resolvida
1028,382,22,2025-12-05,Documento ausente,Alta,Aberta
1029,382,4,2026-02-05,Cadastro desatualizado,Alta,Aberta
1030,383,9,2025-08-09,Cadastro desatualizado,Média,Aberta
1031,383,14,2026-05-13,Guia vencida,Alta,Aberta
1032,384,16,2025-08-10,Divergência fiscal,Baixa,Resolvida
1033,384,20,2025-10-08,Divergência fiscal,Alta,Resolvida
1034,384,19,2026-03-17,Guia vencida,Média,Resolvida
1035,385,6,2026-02-02,Cadastro desatualizado,Alta,Resolvida
1036,385,7,2026-03-09,Cadastro desatualizado,Alta,Resolvida
1037,385,33,2026-05-16,Divergência fiscal,Baixa,Aberta
1038,385,30,2026-06-01,Guia vencida,Alta,Aberta
1039,386,34,2025-07-14,Cadastro desatualizado,Alta,Resolvida
1040,386,30,2025-11-05,Cadastro desatualizado,Média,Resolvida
1041,386,11,2025-11-27,Cadastro desatualizado,Alta,Aberta
1042,387,32,2025-09-23,Guia vencida,Alta,Resolvida
1043,387,28,2025-11-30,Guia vencida,Baixa,Resolvida
1044,387,33,2026-05-26,Documento ausente,Alta,Resolvida
1045,389,12,2025-09-17,Guia vencida,Alta,Aberta
1046,389,24,2026-02-04,Divergência fiscal,Alta,Aberta
1047,389,19,2026-02-26,Guia vencida,Média,Resolvida
1048,389,25,2026-04-07,Guia vencida,Alta,Resolvida
1049,390,33,2025-08-05,Guia vencida,Baixa,Aberta
1050,391,35,2025-09-09,Guia vencida,Média,Resolvida
1051,391,24,2025-10-13,Divergência fiscal,Média,Resolvida
1052,391,10,2026-05-09,Divergência fiscal,Baixa,Resolvida
1053,392,17,2025-07-02,Guia vencida,Alta,Resolvida
1054,392,28,2025-11-18,Divergência fiscal,Alta,Aberta
1055,392,6,2026-05-12,Divergência fiscal,Média,Aberta
1056,393,14,2025-08-19,Guia vencida,Baixa,Resolvida
1057,393,4,2025-09-25,Divergência fiscal,Baixa,Aberta
1058,393,29,2026-01-20,Divergência fiscal,Baixa,Aberta
1059,394,30,2025-08-26,Cadastro desatualizado,Alta,Aberta
1060,394,4,2025-10-11,Guia vencida,Alta,Aberta
1061,394,26,2025-10-30,Guia vencida,Baixa,Resolvida
1062,394,24,2025-12-02,Documento ausente,Baixa,Resolvida
1063,395,24,2026-01-19,Divergência fiscal,Média,Resolvida
1064,396,3,2025-11-24,Divergência fiscal,Baixa,Resolvida
1065,396,35,2026-04-05,Documento ausente,Baixa,Resolvida
1066,396,28,2026-06-18,Divergência fiscal,Média,Aberta
1067,397,19,2025-07-18,Divergência fiscal,Alta,Resolvida
1068,397,34,2025-08-29,Documento ausente,Média,Resolvida
1069,397,22,2026-01-11,Documento ausente,Média,Aberta
1070,397,16,2026-04-18,Guia vencida,Alta,Resolvida
1071,398,16,2026-03-10,Documento ausente,Baixa,Resolvida
1072,399,29,2025-07-12,Documento ausente,Alta,Aberta
1073,399,16,2025-08-05,Cadastro desatualizado,Média,Aberta
1074,399,9,2025-12-05,Cadastro desatualizado,Baixa,Aberta
1075,399,3,2026-01-29,Documento ausente,Média,Resolvida
1076,399,22,2026-03-09,Divergência fiscal,Alta,Aberta
1077,399,28,2026-05-29,Documento ausente,Média,Resolvida
1078,400,12,2025-11-29,Cadastro desatualizado,Baixa,Aberta
1079,400,18,2026-03-01,Guia vencida,Baixa,Aberta
1080,400,29,2026-05-21,Guia vencida,Alta,Aberta
1081,401,9,2025-12-07,Documento ausente,Média,Aberta
1082,402,21,2025-06-23,Documento ausente,Média,Resolvida
1083,402,10,2025-12-07,Documento ausente,Média,Resolvida
1084,402,15,2026-03-09,Divergência fiscal,Baixa,Resolvida
1085,402,16,2026-03-31,Divergência fiscal,Média,Aberta
1086,402,1,2026-05-22,Documento ausente,Média,Aberta
1087,403,21,2026-01-27,Divergência fiscal,Média,Resolvida
1088,403,13,2026-06-04,Divergência fiscal,Baixa,Aberta
1089,404,31,2026-01-02,Cadastro desatualizado,Alta,Aberta
1090,404,28,2026-01-31,Documento ausente,Baixa,Aberta
1091,404,5,2026-06-14,Documento ausente,Baixa,Resolvida
1092,405,10,2025-07-18,Divergência fiscal,Alta,Resolvida
1093,405,6,2026-02-02,Guia vencida,Alta,Aberta
1094,405,15,2026-02-27,Cadastro desatualizado,Baixa,Resolvida
1095,405,33,2026-06-03,Documento ausente,Alta,Resolvida
1096,406,25,2025-07-16,Cadastro desatualizado,Média,Resolvida
1097,406,11,2025-11-05,Cadastro desatualizado,Alta,Aberta
1098,406,9,2025-12-11,Documento ausente,Alta,Aberta
1099,406,25,2026-06-01,Cadastro desatualizado,Alta,Resolvida
1100,407,34,2025-09-26,Guia vencida,Alta,Resolvida
1101,407,18,2025-12-05,Cadastro desatualizado,Alta,Aberta
1102,408,8,2025-09-09,Divergência fiscal,Média,Resolvida
1103,408,8,2025-11-12,Documento ausente,Alta,Resolvida
1104,408,6,2026-03-29,Divergência fiscal,Alta,Resolvida
1105,409,13,2025-11-06,Cadastro desatualizado,Alta,Aberta
1106,409,30,2025-12-10,Documento ausente,Média,Resolvida
1107,410,27,2026-01-31,Cadastro desatualizado,Alta,Aberta
1108,410,34,2026-02-28,Divergência fiscal,Alta,Aberta
1109,411,11,2025-10-07,Documento ausente,Baixa,Aberta
1110,412,2,2025-09-05,Documento ausente,Média,Aberta
1111,412,9,2025-12-09,Cadastro desatualizado,Alta,Resolvida
1112,412,19,2026-02-27,Documento ausente,Alta,Aberta
1113,412,7,2026-05-27,Documento ausente,Alta,Aberta
1114,413,1,2025-08-11,Guia vencida,Alta,Resolvida
1115,413,31,2025-08-26,Guia vencida,Alta,Aberta
1116,413,2,2026-01-06,Cadastro desatualizado,Média,Resolvida
1117,413,35,2026-02-18,Divergência fiscal,Média,Aberta
1118,413,7,2026-04-06,Divergência fiscal,Baixa,Resolvida
1119,414,24,2025-07-02,Divergência fiscal,Média,Resolvida
1120,414,15,2025-10-08,Divergência fiscal,Alta,Resolvida
1121,414,33,2026-03-30,Documento ausente,Alta,Aberta
1122,415,35,2025-12-25,Documento ausente,Alta,Resolvida
1123,415,7,2026-03-30,Guia vencida,Média,Resolvida
1124,416,29,2026-03-12,Documento ausente,Baixa,Aberta
1125,416,25,2026-06-05,Guia vencida,Média,Aberta
1126,417,13,2025-08-09,Guia vencida,Alta,Resolvida
1127,417,33,2025-10-13,Guia vencida,Média,Aberta
1128,417,26,2025-12-08,Documento ausente,Alta,Resolvida
1129,418,18,2025-07-03,Guia vencida,Alta,Resolvida
1130,418,31,2026-01-14,Divergência fiscal,Baixa,Aberta
1131,419,8,2025-09-18,Divergência fiscal,Baixa,Resolvida
1132,420,18,2025-07-14,Cadastro desatualizado,Média,Aberta
1133,420,11,2025-07-24,Cadastro desatualizado,Média,Resolvida
1134,420,4,2025-09-15,Documento ausente,Alta,Resolvida
1135,420,5,2025-10-26,Guia vencida,Baixa,Resolvida
1136,420,8,2025-12-18,Guia vencida,Média,Aberta
1137,420,31,2026-02-14,Guia vencida,Média,Aberta
1138,420,1,2026-04-16,Guia vencida,Baixa,Aberta
1139,420,10,2026-05-01,Divergência fiscal,Baixa,Aberta
1140,420,1,2026-06-10,Documento ausente,Média,Aberta
1141,421,12,2025-10-28,Guia vencida,Média,Aberta
1142,421,9,2026-03-01,Documento ausente,Alta,Resolvida
1143,421,15,2026-04-10,Cadastro desatualizado,Baixa,Resolvida
1144,422,7,2026-06-09,Divergência fiscal,Baixa,Resolvida
1145,423,21,2025-11-02,Divergência fiscal,Baixa,Resolvida
1146,424,8,2025-07-06,Documento ausente,Baixa,Aberta
1147,424,32,2025-09-05,Documento ausente,Média,Resolvida
1148,424,5,2025-11-13,Divergência fiscal,Alta,Aberta
1149,424,7,2026-01-03,Guia vencida,Média,Aberta
1150,424,12,2026-05-04,Cadastro desatualizado,Baixa,Aberta
1151,425,21,2026-04-30,Guia vencida,Baixa,Aberta
1152,426,31,2025-07-18,Divergência fiscal,Baixa,Aberta
1153,426,28,2025-08-17,Documento ausente,Média,Resolvida
1154,426,24,2025-10-16,Cadastro desatualizado,Baixa,Resolvida
1155,426,35,2026-01-09,Cadastro desatualizado,Média,Aberta
1156,427,12,2025-08-26,Cadastro desatualizado,Baixa,Resolvida
1157,427,12,2025-10-11,Cadastro desatualizado,Baixa,Aberta
1158,428,35,2026-02-18,Documento ausente,Baixa,Resolvida
1159,429,1,2025-09-28,Cadastro desatualizado,Baixa,Resolvida
1160,429,26,2026-01-09,Guia vencida,Alta,Aberta
1161,429,22,2026-03-06,Guia vencida,Média,Resolvida
1162,429,21,2026-05-27,Documento ausente,Média,Aberta
1163,430,21,2025-07-13,Documento ausente,Baixa,Aberta
1164,430,23,2025-10-09,Guia vencida,Média,Aberta
1165,430,13,2026-02-08,Divergência fiscal,Baixa,Aberta
1166,430,23,2026-03-12,Documento ausente,Alta,Aberta
1167,430,8,2026-05-21,Divergência fiscal,Alta,Resolvida
1168,431,7,2025-08-10,Divergência fiscal,Alta,Aberta
1169,431,15,2026-03-02,Divergência fiscal,Alta,Resolvida
1170,432,2,2025-12-26,Guia vencida,Alta,Resolvida
1171,432,13,2026-02-04,Cadastro desatualizado,Alta,Aberta
1172,432,10,2026-05-10,Divergência fiscal,Alta,Resolvida
1173,433,32,2025-06-29,Documento ausente,Alta,Aberta
1174,433,12,2025-10-20,Divergência fiscal,Alta,Resolvida
1175,433,10,2026-03-15,Divergência fiscal,Alta,Resolvida
1176,433,21,2026-04-10,Guia vencida,Média,Resolvida
1177,433,34,2026-06-06,Cadastro desatualizado,Baixa,Aberta
1178,434,29,2025-12-12,Cadastro desatualizado,Baixa,Resolvida
1179,434,2,2026-01-06,Divergência fiscal,Alta,Aberta
1180,434,10,2026-04-02,Divergência fiscal,Alta,Resolvida
1181,434,1,2026-05-03,Divergência fiscal,Média,Aberta
1182,434,35,2026-05-21,Cadastro desatualizado,Alta,Resolvida
1183,435,25,2025-07-09,Divergência fiscal,Alta,Resolvida
1184,435,35,2025-08-05,Documento ausente,Alta,Aberta
1185,435,15,2026-01-29,Documento ausente,Baixa,Aberta
1186,435,25,2026-05-14,Cadastro desatualizado,Média,Resolvida
1187,436,6,2025-07-25,Cadastro desatualizado,Alta,Aberta
1188,436,29,2025-10-06,Guia vencida,Alta,Aberta
1189,436,21,2026-05-02,Documento ausente,Baixa,Resolvida
1190,436,1,2026-06-07,Documento ausente,Baixa,Resolvida
1191,437,30,2026-02-20,Guia vencida,Média,Resolvida
1192,438,27,2026-01-24,Documento ausente,Alta,Resolvida
1193,439,12,2025-11-09,Documento ausente,Média,Resolvida
1194,439,31,2026-03-16,Divergência fiscal,Alta,Resolvida
1195,440,9,2026-01-29,Divergência fiscal,Baixa,Aberta
1196,441,15,2025-12-03,Guia vencida,Baixa,Aberta
1197,442,17,2025-09-25,Cadastro desatualizado,Alta,Aberta
1198,442,23,2026-03-02,Guia vencida,Média,Aberta
1199,442,22,2026-06-18,Cadastro desatualizado,Média,Resolvida
1200,443,21,2025-11-29,Documento ausente,Baixa,Resolvida
1201,443,17,2026-01-25,Cadastro desatualizado,Baixa,Aberta
1202,443,30,2026-04-09,Divergência fiscal,Baixa,Aberta
1203,444,34,2025-10-10,Documento ausente,Média,Aberta
1204,444,22,2026-03-09,Guia vencida,Baixa,Aberta
1205,445,2,2025-08-15,Divergência fiscal,Alta,Resolvida
1206,445,17,2025-10-05,Cadastro desatualizado,Alta,Aberta
1207,445,5,2026-02-07,Documento ausente,Baixa,Resolvida
1208,446,8,2025-09-12,Guia vencida,Alta,Aberta
1209,446,26,2026-06-06,Guia vencida,Baixa,Aberta
1210,447,28,2025-09-28,Guia vencida,Média,Aberta
1211,447,23,2025-11-11,Divergência fiscal,Baixa,Resolvida
1212,447,21,2026-05-16,Guia vencida,Alta,Resolvida
1213,449,19,2025-10-13,Cadastro desatualizado,Alta,Resolvida
1214,449,17,2025-11-28,Guia vencida,Alta,Resolvida
1215,450,26,2026-02-01,Cadastro desatualizado,Alta,Aberta
1216,450,5,2026-04-29,Documento ausente,Baixa,Aberta
1217,451,5,2025-10-05,Guia vencida,Baixa,Aberta
1218,451,26,2026-05-12,Documento ausente,Média,Aberta
1219,451,7,2026-06-09,Documento ausente,Baixa,Resolvida
1220,452,16,2025-08-24,Documento ausente,Alta,Resolvida
1221,453,15,2025-11-06,Divergência fiscal,Baixa,Resolvida
1222,453,16,2026-02-01,Cadastro desatualizado,Alta,Aberta
1223,454,27,2025-10-15,Divergência fiscal,Média,Aberta
1224,454,15,2026-01-24,Guia vencida,Média,Resolvida
1225,454,7,2026-04-05,Divergência fiscal,Baixa,Resolvida
1226,455,11,2025-12-26,Cadastro desatualizado,Média,Resolvida
1227,456,32,2025-08-28,Cadastro desatualizado,Baixa,Aberta
1228,456,32,2026-04-04,Divergência fiscal,Alta,Resolvida
1229,457,9,2026-03-06,Cadastro desatualizado,Alta,Aberta
1230,458,18,2026-06-06,Documento ausente,Alta,Aberta
1231,459,6,2025-07-05,Guia vencida,Média,Resolvida
1232,459,33,2025-08-29,Documento ausente,Alta,Resolvida
1233,460,33,2025-08-28,Guia vencida,Média,Resolvida
1234,460,17,2025-11-08,Cadastro desatualizado,Alta,Aberta
1235,460,14,2026-04-08,Guia vencida,Média,Resolvida
1236,460,13,2026-05-30,Cadastro desatualizado,Baixa,Aberta
1237,461,1,2026-02-09,Divergência fiscal,Alta,Resolvida
1238,462,22,2026-05-12,Guia vencida,Média,Aberta
1239,463,17,2025-08-23,Guia vencida,Baixa,Aberta
1240,463,35,2026-03-12,Documento ausente,Alta,Aberta
1241,463,5,2026-04-19,Divergência fiscal,Alta,Resolvida
1242,463,30,2026-05-04,Cadastro desatualizado,Baixa,Resolvida
1243,464,16,2025-07-09,Documento ausente,Alta,Aberta
1244,464,14,2025-10-23,Guia vencida,Média,Aberta
1245,464,7,2025-12-06,Documento ausente,Alta,Aberta
1246,464,24,2026-01-22,Documento ausente,Alta,Resolvida
1247,464,10,2026-04-14,Documento ausente,Média,Aberta
1248,465,21,2025-12-15,Divergência fiscal,Baixa,Aberta
1249,466,10,2025-07-20,Guia vencida,Baixa,Aberta
1250,467,31,2026-06-11,Cadastro desatualizado,Média,Aberta
1251,468,33,2025-08-09,Documento ausente,Média,Resolvida
1252,468,22,2025-10-18,Guia vencida,Média,Aberta
1253,468,35,2025-10-30,Documento ausente,Alta,Aberta
1254,468,27,2026-01-06,Cadastro desatualizado,Média,Aberta
1255,469,6,2025-08-06,Documento ausente,Alta,Aberta
1256,469,23,2026-02-03,Cadastro desatualizado,Alta,Resolvida
1257,470,4,2025-07-31,Guia vencida,Média,Resolvida
1258,470,1,2026-04-20,Divergência fiscal,Alta,Aberta
1259,470,13,2026-05-06,Cadastro desatualizado,Média,Aberta
1260,471,19,2026-01-14,Documento ausente,Alta,Resolvida
1261,471,10,2026-04-07,Divergência fiscal,Alta,Aberta
1262,471,28,2026-05-07,Divergência fiscal,Alta,Aberta
1263,472,34,2026-03-08,Cadastro desatualizado,Baixa,Aberta
1264,472,1,2026-04-06,Divergência fiscal,Baixa,Aberta
1265,472,20,2026-06-08,Documento ausente,Média,Aberta
1266,473,11,2025-07-09,Guia vencida,Baixa,Aberta
1267,473,20,2025-12-06,Documento ausente,Alta,Resolvida
1268,473,12,2026-01-06,Divergência fiscal,Baixa,Resolvida
1269,474,19,2025-08-18,Cadastro desatualizado,Média,Resolvida
1270,474,2,2025-09-06,Documento ausente,Alta,Resolvida
1271,474,20,2025-09-30,Documento ausente,Baixa,Resolvida
1272,474,14,2025-12-13,Cadastro desatualizado,Alta,Aberta
1273,474,10,2026-04-10,Guia vencida,Baixa,Aberta
1274,474,23,2026-04-20,Guia vencida,Baixa,Resolvida
1275,475,19,2025-06-26,Cadastro desatualizado,Alta,Resolvida
1276,475,29,2025-12-09,Divergência fiscal,Média,Aberta
1277,475,7,2026-05-11,Cadastro desatualizado,Alta,Resolvida
1278,476,10,2025-07-06,Documento ausente,Média,Aberta
1279,476,15,2025-11-16,Guia vencida,Baixa,Resolvida
1280,476,27,2025-12-03,Divergência fiscal,Média,Aberta
1281,476,10,2026-01-13,Cadastro desatualizado,Média,Resolvida
1282,476,15,2026-03-31,Guia vencida,Baixa,Resolvida
1283,478,20,2025-06-28,Documento ausente,Baixa,Resolvida
1284,478,28,2025-10-20,Divergência fiscal,Alta,Aberta
1285,479,24,2025-07-04,Cadastro desatualizado,Média,Aberta
1286,479,6,2025-10-24,Cadastro desatualizado,Baixa,Resolvida
1287,480,22,2025-07-30,Guia vencida,Alta,Resolvida
1288,480,31,2025-09-18,Cadastro desatualizado,Média,Aberta
1289,480,35,2025-12-23,Divergência fiscal,Baixa,Aberta
1290,481,9,2025-10-16,Cadastro desatualizado,Média,Resolvida
1291,481,2,2026-03-10,Guia vencida,Média,Resolvida
1292,481,24,2026-03-31,Cadastro desatualizado,Alta,Aberta
1293,481,15,2026-05-25,Documento ausente,Baixa,Resolvida
1294,482,3,2025-08-06,Divergência fiscal,Baixa,Aberta
1295,482,32,2026-04-05,Guia vencida,Alta,Resolvida
1296,482,27,2026-05-28,Documento ausente,Média,Aberta
1297,483,2,2025-08-25,Documento ausente,Baixa,Aberta
1298,483,12,2025-11-27,Divergência fiscal,Alta,Aberta
1299,483,31,2025-12-24,Guia vencida,Baixa,Resolvida
1300,483,15,2026-04-02,Cadastro desatualizado,Média,Resolvida
1301,483,19,2026-05-20,Documento ausente,Baixa,Aberta
1302,484,21,2025-08-06,Divergência fiscal,Média,Aberta
1303,484,2,2025-09-15,Divergência fiscal,Alta,Aberta
1304,484,10,2025-12-08,Divergência fiscal,Baixa,Resolvida
1305,484,18,2026-02-06,Documento ausente,Baixa,Resolvida
1306,485,11,2025-07-06,Documento ausente,Alta,Aberta
1307,485,5,2026-05-12,Divergência fiscal,Média,Resolvida
1308,486,25,2025-12-11,Divergência fiscal,Média,Resolvida
1309,487,15,2025-07-29,Documento ausente,Alta,Resolvida
1310,487,10,2026-03-17,Divergência fiscal,Média,Resolvida
1311,488,23,2025-09-04,Cadastro desatualizado,Média,Resolvida
1312,488,19,2025-11-04,Cadastro desatualizado,Baixa,Aberta
1313,488,3,2025-12-25,Guia vencida,Baixa,Resolvida
1314,490,7,2026-02-15,Guia vencida,Baixa,Resolvida
1315,491,4,2025-12-30,Cadastro desatualizado,Baixa,Resolvida
1316,491,18,2026-01-23,Divergência fiscal,Média,Resolvida
1317,491,26,2026-05-28,Guia vencida,Baixa,Resolvida
1318,492,34,2025-07-09,Divergência fiscal,Alta,Resolvida
1319,492,4,2025-11-26,Divergência fiscal,Baixa,Resolvida
1320,493,10,2026-01-09,Documento ausente,Alta,Aberta
1321,494,31,2025-10-05,Documento ausente,Baixa,Resolvida
1322,494,13,2025-12-03,Guia vencida,Média,Aberta
1323,494,1,2026-02-24,Divergência fiscal,Alta,Aberta
1324,494,19,2026-04-24,Divergência fiscal,Baixa,Resolvida
1325,494,11,2026-06-11,Divergência fiscal,Média,Resolvida
1326,495,29,2025-08-16,Guia vencida,Alta,Resolvida
1327,495,17,2026-05-28,Divergência fiscal,Alta,Resolvida
1328,496,8,2025-10-12,Divergência fiscal,Baixa,Resolvida
1329,496,27,2025-12-18,Guia vencida,Média,Resolvida
1330,496,33,2026-03-06,Guia vencida,Baixa,Resolvida
1331,496,28,2026-05-17,Guia vencida,Baixa,Aberta
1332,497,29,2025-08-29,Guia vencida,Média,Resolvida
1333,497,25,2026-03-26,Cadastro desatualizado,Alta,Resolvida
1334,499,35,2025-11-02,Guia vencida,Baixa,Aberta
1335,499,3,2025-12-13,Documento ausente,Média,Resolvida
1336,499,28,2026-06-11,Divergência fiscal,Baixa,Resolvida
1337,500,27,2025-10-13,Cadastro desatualizado,Baixa,Resolvida
1338,501,31,2025-09-23,Documento ausente,Baixa,Aberta
1339,501,24,2025-12-07,Documento ausente,Baixa,Resolvida
1340,501,24,2026-04-14,Cadastro desatualizado,Média,Resolvida
1341,502,29,2025-07-06,Guia vencida,Alta,Resolvida
1342,502,29,2026-03-11,Cadastro desatualizado,Baixa,Resolvida
1343,503,28,2025-11-01,Guia vencida,Baixa,Aberta
1344,503,24,2026-03-07,Divergência fiscal,Baixa,Resolvida
1345,503,2,2026-04-09,Divergência fiscal,Alta,Aberta
1346,503,3,2026-05-29,Cadastro desatualizado,Baixa,Resolvida
1347,504,21,2025-08-31,Cadastro desatualizado,Baixa,Resolvida
1348,504,10,2025-12-17,Guia vencida,Baixa,Aberta
1349,504,24,2026-01-26,Cadastro desatualizado,Alta,Aberta
1350,505,33,2026-05-20,Cadastro desatualizado,Alta,Resolvida
1351,506,18,2025-11-09,Divergência fiscal,Alta,Aberta
1352,507,25,2025-11-26,Cadastro desatualizado,Média,Aberta
1353,507,11,2026-02-04,Divergência fiscal,Baixa,Aberta
1354,507,6,2026-03-01,Divergência fiscal,Alta,Resolvida
1355,508,21,2025-11-06,Divergência fiscal,Alta,Resolvida
1356,508,15,2025-12-31,Cadastro desatualizado,Alta,Aberta
1357,509,13,2025-08-03,Divergência fiscal,Média,Aberta
1358,509,2,2026-02-03,Divergência fiscal,Alta,Aberta
1359,509,19,2026-06-01,Documento ausente,Alta,Aberta
1360,510,27,2025-07-28,Cadastro desatualizado,Média,Resolvida
1361,510,29,2025-11-05,Cadastro desatualizado,Alta,Resolvida
1362,510,7,2026-03-08,Documento ausente,Baixa,Aberta
1363,511,9,2026-04-30,Divergência fiscal,Alta,Aberta
1364,512,28,2026-05-17,Cadastro desatualizado,Média,Resolvida
1365,512,5,2026-06-09,Divergência fiscal,Média,Aberta
1366,513,14,2025-07-06,Divergência fiscal,Baixa,Resolvida
1367,514,17,2025-09-11,Cadastro desatualizado,Média,Aberta
1368,514,23,2025-11-12,Cadastro desatualizado,Baixa,Aberta
1369,514,2,2026-03-10,Cadastro desatualizado,Baixa,Resolvida
1370,514,25,2026-06-14,Documento ausente,Baixa,Resolvida
1371,515,33,2025-08-14,Documento ausente,Baixa,Aberta
1372,515,21,2025-12-04,Guia vencida,Baixa,Aberta
1373,515,13,2026-03-21,Cadastro desatualizado,Alta,Aberta
1374,515,9,2026-04-03,Divergência fiscal,Média,Resolvida
1375,515,12,2026-06-14,Documento ausente,Alta,Resolvida
1376,516,14,2025-09-23,Documento ausente,Alta,Aberta
1377,516,3,2025-10-13,Documento ausente,Baixa,Aberta
1378,516,5,2026-03-31,Guia vencida,Média,Resolvida
1379,517,16,2025-09-03,Guia vencida,Alta,Aberta
1380,517,18,2025-12-31,Documento ausente,Média,Resolvida
1381,517,24,2026-03-21,Cadastro desatualizado,Média,Resolvida
1382,518,29,2026-01-08,Divergência fiscal,Baixa,Aberta
1383,518,4,2026-01-23,Cadastro desatualizado,Média,Aberta
1384,518,22,2026-05-02,Guia vencida,Alta,Resolvida
1385,518,13,2026-06-07,Documento ausente,Média,Resolvida
1386,519,19,2025-08-22,Divergência fiscal,Alta,Aberta
1387,520,16,2026-03-03,Documento ausente,Média,Aberta
1388,520,15,2026-05-03,Guia vencida,Média,Aberta
1389,521,29,2025-09-05,Divergência fiscal,Baixa,Resolvida
1390,521,20,2026-04-07,Documento ausente,Média,Resolvida
1391,521,22,2026-05-30,Documento ausente,Baixa,Aberta
1392,522,27,2025-08-17,Cadastro desatualizado,Média,Resolvida
1393,522,23,2026-06-11,Divergência fiscal,Média,Aberta
1394,523,29,2026-02-26,Guia vencida,Alta,Resolvida
1395,523,28,2026-05-04,Cadastro desatualizado,Baixa,Aberta
1396,524,35,2025-07-12,Documento ausente,Alta,Aberta
1397,524,22,2025-08-24,Guia vencida,Alta,Resolvida
1398,524,27,2025-11-10,Cadastro desatualizado,Alta,Resolvida
1399,524,22,2026-01-06,Divergência fiscal,Média,Aberta
1400,525,28,2025-09-24,Guia vencida,Média,Aberta
1401,525,13,2026-03-06,Guia vencida,Alta,Aberta
1402,525,20,2026-05-08,Guia vencida,Alta,Aberta
1403,525,14,2026-06-08,Divergência fiscal,Média,Resolvida
1404,526,28,2025-07-30,Documento ausente,Baixa,Aberta
1405,526,20,2025-08-28,Cadastro desatualizado,Média,Resolvida
1406,526,24,2026-01-04,Documento ausente,Baixa,Aberta
1407,526,1,2026-04-20,Divergência fiscal,Média,Resolvida
1408,527,25,2025-12-05,Guia vencida,Baixa,Resolvida
1409,527,29,2026-03-28,Divergência fiscal,Média,Aberta
1410,527,15,2026-06-12,Cadastro desatualizado,Média,Aberta
1411,528,31,2025-09-08,Documento ausente,Média,Aberta
1412,528,9,2025-09-25,Documento ausente,Alta,Aberta
1413,529,9,2026-01-23,Guia vencida,Alta,Aberta
1414,529,13,2026-04-23,Guia vencida,Baixa,Aberta
1415,531,31,2025-07-04,Divergência fiscal,Média,Resolvida
1416,531,5,2025-10-03,Cadastro desatualizado,Baixa,Aberta
1417,531,23,2025-12-09,Guia vencida,Baixa,Resolvida
1418,531,14,2026-02-02,Guia vencida,Baixa,Resolvida
1419,531,28,2026-04-11,Cadastro desatualizado,Baixa,Resolvida
1420,531,17,2026-06-10,Documento ausente,Alta,Aberta
1421,532,11,2025-08-10,Cadastro desatualizado,Baixa,Aberta
1422,532,11,2025-09-24,Cadastro desatualizado,Alta,Aberta
1423,532,30,2026-03-30,Guia vencida,Alta,Resolvida
1424,532,17,2026-04-29,Divergência fiscal,Média,Resolvida
1425,533,18,2025-06-24,Guia vencida,Média,Resolvida
1426,533,35,2025-09-18,Guia vencida,Média,Resolvida
1427,533,11,2025-09-27,Divergência fiscal,Alta,Aberta
1428,533,20,2026-01-07,Guia vencida,Baixa,Aberta
1429,533,35,2026-03-06,Divergência fiscal,Alta,Aberta
1430,533,25,2026-05-09,Divergência fiscal,Baixa,Resolvida
1431,534,30,2026-05-04,Divergência fiscal,Alta,Aberta
1432,535,27,2025-10-26,Documento ausente,Baixa,Resolvida
1433,535,7,2026-02-01,Documento ausente,Baixa,Resolvida
1434,536,19,2026-05-01,Cadastro desatualizado,Alta,Resolvida
1435,537,7,2025-09-09,Cadastro desatualizado,Baixa,Aberta
1436,537,13,2025-10-08,Documento ausente,Alta,Resolvida
1437,537,19,2025-11-25,Divergência fiscal,Média,Resolvida
1438,537,7,2026-01-16,Divergência fiscal,Alta,Resolvida
1439,537,2,2026-05-08,Documento ausente,Alta,Resolvida
1440,538,17,2025-07-15,Divergência fiscal,Alta,Aberta
1441,538,35,2025-10-27,Guia vencida,Alta,Aberta
1442,538,32,2025-12-28,Guia vencida,Baixa,Aberta
1443,538,14,2026-04-19,Documento ausente,Alta,Aberta
1444,538,21,2026-05-12,Divergência fiscal,Média,Aberta
1445,539,27,2025-10-12,Divergência fiscal,Baixa,Aberta
1446,539,25,2026-03-01,Guia vencida,Média,Aberta
1447,540,30,2025-07-30,Divergência fiscal,Média,Aberta
1448,540,9,2025-09-03,Guia vencida,Média,Resolvida
1449,540,28,2026-03-28,Cadastro desatualizado,Baixa,Resolvida
1450,541,7,2025-07-03,Divergência fiscal,Média,Aberta
1451,541,2,2025-08-19,Documento ausente,Alta,Resolvida
1452,541,35,2025-11-03,Cadastro desatualizado,Média,Resolvida
1453,541,7,2025-12-07,Divergência fiscal,Alta,Resolvida
1454,541,12,2026-01-03,Documento ausente,Média,Resolvida
1455,541,14,2026-02-06,Documento ausente,Baixa,Resolvida
1456,541,21,2026-04-08,Guia vencida,Média,Aberta
1457,541,25,2026-06-08,Guia vencida,Média,Aberta
1458,542,27,2026-06-02,Divergência fiscal,Média,Resolvida
1459,543,24,2025-07-03,Divergência fiscal,Média,Aberta
1460,543,9,2025-09-06,Cadastro desatualizado,Alta,Resolvida
1461,543,21,2026-05-05,Cadastro desatualizado,Alta,Aberta
1462,544,8,2025-10-14,Cadastro desatualizado,Média,Resolvida
1463,544,3,2025-11-07,Cadastro desatualizado,Baixa,Resolvida
1464,544,19,2025-12-30,Documento ausente,Alta,Resolvida
1465,544,11,2026-03-15,Documento ausente,Média,Aberta
1466,544,25,2026-05-28,Divergência fiscal,Baixa,Aberta
1467,545,26,2025-09-28,Divergência fiscal,Média,Resolvida
1468,546,6,2025-08-31,Divergência fiscal,Média,Resolvida
1469,546,27,2026-03-13,Cadastro desatualizado,Baixa,Resolvida
1470,546,22,2026-04-13,Cadastro desatualizado,Alta,Aberta
1471,547,30,2025-11-10,Guia vencida,Alta,Aberta
1472,547,10,2026-01-17,Divergência fiscal,Alta,Resolvida
1473,548,22,2026-03-28,Cadastro desatualizado,Alta,Aberta
1474,549,29,2025-08-11,Divergência fiscal,Alta,Resolvida
1475,549,33,2025-12-11,Documento ausente,Alta,Aberta
1476,549,25,2026-06-06,Divergência fiscal,Baixa,Resolvida
1477,550,35,2025-09-05,Guia vencida,Baixa,Resolvida
1478,550,21,2025-10-13,Divergência fiscal,Média,Aberta
1479,550,12,2026-03-16,Divergência fiscal,Alta,Resolvida
1480,550,24,2026-06-05,Documento ausente,Média,Aberta
1481,552,22,2025-11-05,Divergência fiscal,Baixa,Aberta
1482,552,16,2026-01-27,Guia vencida,Média,Resolvida
1483,552,3,2026-05-03,Documento ausente,Média,Aberta
1484,553,19,2025-09-06,Divergência fiscal,Alta,Resolvida
1485,553,27,2025-12-05,Guia vencida,Baixa,Aberta
1486,553,11,2026-02-10,Guia vencida,Baixa,Resolvida
1487,553,1,2026-04-08,Documento ausente,Média,Resolvida
1488,553,3,2026-05-06,Divergência fiscal,Média,Resolvida
1489,554,10,2025-07-24,Cadastro desatualizado,Baixa,Aberta
1490,554,8,2025-11-17,Divergência fiscal,Alta,Resolvida
1491,555,16,2025-07-10,Divergência fiscal,Baixa,Aberta
1492,555,35,2025-12-09,Cadastro desatualizado,Baixa,Aberta
1493,555,9,2026-01-01,Guia vencida,Média,Aberta
1494,555,1,2026-05-05,Documento ausente,Baixa,Resolvida
1495,556,19,2025-06-30,Divergência fiscal,Alta,Resolvida
1496,556,29,2025-08-23,Cadastro desatualizado,Baixa,Resolvida
1497,556,12,2026-03-08,Divergência fiscal,Média,Resolvida
1498,556,4,2026-03-24,Documento ausente,Média,Resolvida
1499,556,28,2026-06-12,Divergência fiscal,Baixa,Aberta
1500,557,33,2026-02-05,Documento ausente,Baixa,Resolvida
1501,557,6,2026-03-09,Divergência fiscal,Média,Aberta
1502,558,8,2025-08-17,Cadastro desatualizado,Baixa,Aberta
1503,558,9,2025-09-15,Guia vencida,Baixa,Resolvida
1504,558,22,2026-06-08,Documento ausente,Baixa,Resolvida
1505,559,31,2025-07-14,Guia vencida,Alta,Aberta
1506,559,9,2025-08-10,Documento ausente,Média,Aberta
1507,559,17,2025-11-28,Cadastro desatualizado,Baixa,Resolvida
1508,559,32,2026-03-30,Cadastro desatualizado,Alta,Aberta
1509,559,34,2026-04-24,Divergência fiscal,Alta,Resolvida
1510,559,16,2026-05-26,Guia vencida,Alta,Resolvida
1511,561,7,2025-10-02,Cadastro desatualizado,Média,Aberta
1512,561,20,2025-12-10,Cadastro desatualizado,Alta,Resolvida
1513,561,8,2026-05-01,Cadastro desatualizado,Baixa,Resolvida
1514,562,18,2025-08-09,Cadastro desatualizado,Baixa,Aberta
1515,562,6,2026-02-02,Divergência fiscal,Baixa,Resolvida
1516,562,27,2026-03-07,Divergência fiscal,Alta,Resolvida
1517,562,29,2026-05-09,Cadastro desatualizado,Alta,Aberta
1518,563,2,2025-07-23,Guia vencida,Média,Aberta
1519,563,23,2025-10-02,Divergência fiscal,Média,Resolvida
1520,563,19,2025-12-31,Guia vencida,Alta,Aberta
1521,563,8,2026-03-07,Guia vencida,Baixa,Aberta
1522,563,31,2026-03-25,Divergência fiscal,Média,Aberta
1523,563,23,2026-04-30,Divergência fiscal,Média,Aberta
1524,565,26,2025-09-18,Guia vencida,Baixa,Aberta
1525,565,1,2025-11-15,Cadastro desatualizado,Alta,Aberta
1526,565,9,2025-11-28,Documento ausente,Alta,Resolvida
1527,566,15,2025-12-07,Divergência fiscal,Baixa,Aberta
1528,566,16,2026-01-27,Documento ausente,Média,Aberta
1529,566,15,2026-03-04,Documento ausente,Alta,Aberta
1530,567,8,2025-08-01,Divergência fiscal,Média,Resolvida
1531,567,2,2025-09-11,Cadastro desatualizado,Baixa,Aberta
1532,567,27,2025-09-28,Documento ausente,Baixa,Aberta
1533,567,19,2025-12-08,Guia vencida,Baixa,Aberta
1534,567,25,2026-04-22,Cadastro desatualizado,Alta,Aberta
1535,568,2,2025-07-10,Documento ausente,Média,Aberta
1536,568,26,2025-08-22,Guia vencida,Baixa,Resolvida
1537,568,23,2026-01-21,Documento ausente,Alta,Resolvida
1538,568,11,2026-06-07,Documento ausente,Baixa,Aberta
1539,569,28,2025-09-05,Documento ausente,Média,Resolvida
1540,569,10,2025-12-10,Guia vencida,Baixa,Resolvida
1541,569,34,2026-04-21,Guia vencida,Média,Resolvida
1542,570,18,2025-09-06,Guia vencida,Alta,Aberta
1543,570,16,2025-10-27,Documento ausente,Alta,Aberta
1544,570,4,2026-03-05,Documento ausente,Alta,Aberta
1545,570,29,2026-05-06,Guia vencida,Baixa,Resolvida
1546,571,11,2025-09-06,Divergência fiscal,Alta,Aberta
1547,571,31,2025-09-29,Guia vencida,Baixa,Resolvida
1548,571,35,2025-11-25,Divergência fiscal,Baixa,Resolvida
1549,571,26,2025-12-23,Cadastro desatualizado,Baixa,Resolvida
1550,571,27,2026-04-02,Guia vencida,Alta,Resolvida
1551,572,27,2025-10-26,Divergência fiscal,Alta,Aberta
1552,572,13,2025-12-30,Guia vencida,Alta,Aberta
1553,572,17,2026-03-21,Guia vencida,Média,Resolvida
1554,574,31,2025-08-06,Cadastro desatualizado,Média,Aberta
1555,574,27,2025-10-08,Documento ausente,Alta,Aberta
1556,574,4,2026-02-03,Documento ausente,Alta,Aberta
1557,574,24,2026-03-08,Cadastro desatualizado,Alta,Aberta
1558,574,27,2026-05-18,Divergência fiscal,Baixa,Resolvida
1559,575,2,2025-07-03,Cadastro desatualizado,Baixa,Resolvida
1560,576,30,2025-10-13,Cadastro desatualizado,Média,Resolvida
1561,576,11,2026-01-05,Documento ausente,Média,Resolvida
1562,577,11,2025-07-09,Cadastro desatualizado,Baixa,Aberta
1563,577,7,2025-10-26,Divergência fiscal,Média,Resolvida
1564,577,25,2026-03-19,Cadastro desatualizado,Baixa,Aberta
1565,577,12,2026-05-25,Documento ausente,Baixa,Resolvida
1566,578,31,2025-07-07,Documento ausente,Média,Aberta
1567,578,20,2025-09-02,Cadastro desatualizado,Alta,Resolvida
1568,578,34,2025-10-28,Divergência fiscal,Baixa,Aberta
1569,578,2,2025-12-08,Divergência fiscal,Alta,Resolvida
1570,578,19,2026-05-26,Divergência fiscal,Média,Resolvida
1571,579,17,2026-02-15,Documento ausente,Alta,Resolvida
1572,580,23,2026-03-06,Cadastro desatualizado,Baixa,Resolvida
1573,581,33,2026-03-16,Cadastro desatualizado,Alta,Aberta
1574,582,16,2025-12-11,Divergência fiscal,Baixa,Resolvida
1575,582,11,2026-02-11,Divergência fiscal,Média,Aberta
1576,582,28,2026-04-01,Guia vencida,Alta,Aberta
1577,582,20,2026-05-02,Guia vencida,Alta,Resolvida
1578,583,31,2025-08-07,Cadastro desatualizado,Média,Resolvida
1579,583,15,2025-08-26,Guia vencida,Média,Resolvida
1580,583,28,2026-04-14,Divergência fiscal,Alta,Aberta
1581,583,33,2026-06-09,Divergência fiscal,Alta,Aberta
1582,584,35,2025-11-10,Divergência fiscal,Alta,Aberta
1583,584,15,2025-11-28,Documento ausente,Baixa,Aberta
1584,584,32,2026-01-04,Guia vencida,Média,Resolvida
1585,585,8,2025-07-12,Guia vencida,Baixa,Resolvida
1586,585,25,2025-11-21,Documento ausente,Média,Resolvida
1587,586,26,2025-07-28,Documento ausente,Baixa,Aberta
1588,586,24,2025-11-01,Divergência fiscal,Baixa,Resolvida
1589,586,35,2025-12-11,Divergência fiscal,Baixa,Aberta
1590,586,5,2026-03-29,Documento ausente,Média,Resolvida
1591,586,33,2026-04-23,Guia vencida,Alta,Aberta
1592,587,24,2025-07-11,Guia vencida,Baixa,Aberta
1593,587,18,2025-09-19,Documento ausente,Baixa,Resolvida
1594,587,16,2026-03-31,Guia vencida,Média,Resolvida
1595,587,20,2026-05-30,Cadastro desatualizado,Baixa,Aberta
1596,588,16,2025-07-13,Guia vencida,Baixa,Resolvida
1597,588,8,2025-08-08,Divergência fiscal,Baixa,Resolvida
1598,588,11,2025-11-16,Divergência fiscal,Média,Aberta
1599,589,22,2025-08-04,Cadastro desatualizado,Alta,Resolvida
1600,589,23,2025-09-02,Documento ausente,Alta,Aberta
1601,589,32,2025-10-03,Guia vencida,Alta,Resolvida
1602,589,8,2025-11-15,Guia vencida,Média,Aberta
1603,590,23,2025-08-19,Guia vencida,Média,Resolvida
1604,590,15,2025-09-12,Documento ausente,Alta,Resolvida
1605,590,20,2025-10-29,Documento ausente,Média,Aberta
1606,590,2,2026-01-03,Documento ausente,Alta,Resolvida
1607,590,17,2026-02-01,Divergência fiscal,Média,Aberta
1608,590,8,2026-03-13,Divergência fiscal,Baixa,Aberta
1609,590,24,2026-05-31,Cadastro desatualizado,Baixa,Resolvida
1610,591,21,2025-08-10,Cadastro desatualizado,Média,Aberta
1611,591,7,2025-09-02,Documento ausente,Média,Aberta
1612,591,6,2025-12-02,Documento ausente,Baixa,Aberta
1613,591,23,2026-04-03,Documento ausente,Alta,Aberta
1614,592,20,2025-09-02,Documento ausente,Baixa,Resolvida
1615,593,29,2026-01-21,Documento ausente,Baixa,Aberta
1616,593,15,2026-04-05,Documento ausente,Média,Aberta
1617,594,7,2025-07-06,Guia vencida,Alta,Aberta
1618,594,34,2025-08-21,Documento ausente,Baixa,Resolvida
1619,595,22,2025-07-12,Divergência fiscal,Alta,Resolvida
1620,595,11,2025-08-03,Documento ausente,Alta,Aberta
1621,595,1,2025-12-05,Documento ausente,Alta,Resolvida
1622,595,30,2026-01-11,Cadastro desatualizado,Baixa,Aberta
1623,595,17,2026-04-19,Divergência fiscal,Média,Resolvida
1624,596,5,2025-09-11,Documento ausente,Baixa,Resolvida
1625,596,6,2025-10-29,Documento ausente,Média,Resolvida
1626,596,24,2026-01-07,Divergência fiscal,Alta,Resolvida
1627,596,13,2026-02-23,Guia vencida,Alta,Aberta
1628,597,27,2025-07-06,Divergência fiscal,Baixa,Aberta
1629,598,13,2025-09-04,Cadastro desatualizado,Alta,Resolvida
1630,598,3,2025-12-26,Documento ausente,Média,Resolvida
1631,599,6,2025-12-18,Documento ausente,Média,Resolvida
1632,599,34,2026-04-06,Divergência fiscal,Baixa,Aberta
1633,599,20,2026-04-26,Guia vencida,Média,Resolvida
1634,600,27,2025-10-07,Cadastro desatualizado,Alta,Aberta
1635,600,21,2026-02-06,Guia vencida,Média,Resolvida
